model,model_tag,attack,eps,feature_name,mean_abs_delta_raw,std_abs_delta_raw,min_abs_delta_raw,max_abs_delta_raw,mean_abs_delta_raw_flipped,std_abs_delta_raw_flipped,feature_rank
LSTM,lstm,CW,0,Tot sum,6079.683734845475,8550.46110153795,0.0,39320.902410149574,12116.977186712365,11140.258894834471,1
LSTM,lstm,CW,0,Variance,2925.03709000093,4256.83562225632,0.0,25784.423920721747,6474.932148385192,4959.201397183248,2
LSTM,lstm,CW,0,Rate,966.2454967586805,1422.6967272848522,0.0,11634.007599406623,1809.9047201404233,1715.3515290843131,3
LSTM,lstm,CW,0,Max,68.65039644230725,104.2124975085968,0.0,615.9640996456146,130.2829198219388,125.99244505097124,4
LSTM,lstm,CW,0,Tot size,50.63433733137064,78.82064947113024,0.0,383.6874507665634,111.21940084661668,103.06999136319544,5
LSTM,lstm,CW,0,AVG,48.821024284553836,76.69122772506381,0.0,375.08141934871674,104.86576015053163,101.40345049512507,6
LSTM,lstm,CW,0,Number,11.788651547473087,15.61134329139098,0.0,67.44340002536774,25.461260385000134,18.134008575590347,7
LSTM,lstm,CW,0,Std,10.831909310260622,20.330794914216305,0.0,123.38532843514588,24.58185084461272,29.973721556512896,8
LSTM,lstm,CW,0,Header_Length,1.776063728239873,2.3090940208318727,0.0,12.08873885626042,3.4237738228038106,2.817997329970097,9
LSTM,lstm,CW,0,Protocol Type,1.1346166710537693,1.62972264385431,0.0,7.429253339767456,2.40493075859663,1.7493659363525995,10
LSTM,lstm,CW,0,Min,0.3813736751481076,0.5824414276405433,0.0,4.951243758201599,0.608682824867732,0.6843833640801757,11
LSTM,lstm,CW,0,ack_count,0.3796561710224576,0.47805643768881684,0.0,3.231312483549118,0.6316048448891372,0.5166626559954256,12
LSTM,lstm,CW,0,SSH,0.18694556472210913,0.21946074734104254,0.0,1.0470476150512695,0.3638040996704353,0.23404136211325582,13
LSTM,lstm,CW,0,DNS,0.10138151807363,0.14745796879486725,0.0,0.6685578227043152,0.20308982803467515,0.17779617703676595,14
LSTM,lstm,CW,0,ICMP,0.09637929768686707,0.12566914079658117,0.0,0.743229478597641,0.16832264526494348,0.13304884195289307,15
LSTM,lstm,CW,0,psh_flag_number,0.09216967492575932,0.12853047400179152,0.0,1.0268341302871704,0.14642913962018134,0.1548185803846995,16
LSTM,lstm,CW,0,UDP,0.08546346254182237,0.13933075238342463,0.0,0.794145405292511,0.15159991071554316,0.15630121738081768,17
LSTM,lstm,CW,0,HTTPS,0.08479689181515263,0.10868573702860523,0.0,0.7107131481170654,0.15185143037157153,0.11172759127647468,18
LSTM,lstm,CW,0,HTTP,0.08201349429529495,0.12595709927618945,0.0,0.8103010654449463,0.1420543891225665,0.16726432165014343,19
LSTM,lstm,CW,0,fin_flag_number,0.06435013974652072,0.10606924311481698,0.0,0.6699867844581604,0.12156709951928793,0.12901431438905822,20
LSTM,lstm,CW,0,rst_flag_number,0.05976919240798699,0.0838262224047906,0.0,0.5399250388145447,0.10954586174620268,0.10298406863771377,21
LSTM,lstm,CW,0,syn_flag_number,0.05805746677058109,0.07841901016389291,0.0,0.4963313043117523,0.11288574768509718,0.09273571043041959,22
LSTM,lstm,CW,0,ARP,0.05804382189428099,0.08447436554104772,0.0,0.41419801115989685,0.13053212213848975,0.10161304320343059,23
LSTM,lstm,CW,0,LLC,0.04920238973223859,0.07233476377090516,0.0,0.36094537377357483,0.10089504305730072,0.08072672156588338,24
LSTM,lstm,CW,0,IPv,0.048938075545508906,0.0655957111852167,0.0,0.37123164534568787,0.09985560727295725,0.07055596858529442,25
LSTM,lstm,CW,0,rst_count,0.03764441452783336,0.050838049917458765,0.0,0.39975547790527344,0.05717880257313665,0.056183347242891764,26
LSTM,lstm,CW,0,Time_To_Live,0.03698298487506035,0.08527827537294723,0.0,0.5238836820135475,0.08910731642849613,0.1346555514900204,27
LSTM,lstm,CW,0,syn_count,0.03334915061337728,0.04556337826326361,0.0,0.46600520610809326,0.05587916991032638,0.04246428646332182,28
LSTM,lstm,CW,0,TCP,0.03286064813002813,0.05743674544400647,0.0,0.35315316915512085,0.05999465891710145,0.06252633163321925,29
LSTM,lstm,CW,0,ack_flag_number,0.0327975027583386,0.04877170274678845,0.0,0.48578840494155884,0.0692789196056889,0.05778553664589382,30
LSTM,lstm,CW,0,fin_count,0.02529386642900019,0.040235525290174254,0.0,0.3465644419193268,0.036738496993302935,0.03939168923489575,31
LSTM,lstm,CW,0,ece_flag_number,0.012622662452625036,0.017730531127580048,0.0,0.16846683621406555,0.026434087538565482,0.021272058120633958,32
LSTM,lstm,CW,0,cwr_flag_number,0.010549959947437673,0.016443722796252253,0.0,0.20403122901916504,0.01849821519470011,0.01825177157644295,33
LSTM,lstm,CW,0,IRC,0.010480535169281793,0.01702763192573438,0.0,0.19724585115909576,0.021653632737667898,0.02207835090919562,34
LSTM,lstm,CW,0,IGMP,0.008726510760529927,0.013836629451181961,0.0,0.16340938210487366,0.017465435801211,0.01915434321507408,35
LSTM,lstm,CW,0,Telnet,0.008279928256685599,0.013762642128595648,0.0,0.11438910663127899,0.012736880282141783,0.016724018654411754,36
LSTM,lstm,CW,0,SMTP,0.007195745181445091,0.011262477117925544,0.0,0.1272791177034378,0.011225045678388026,0.013647982432978743,37
LSTM,lstm,CW,0,DHCP,0.007183111578181761,0.012958733240780753,0.0,0.2068074494600296,0.01538845820671744,0.019740759081043006,38
LSTM,lstm,CW,0,IAT,4.8758709459313213e-05,7.161209165619914e-05,0.0,0.00038998789369457446,9.250656453619992e-05,8.119429667082797e-05,39
LSTM,lstm,FGSM,0.05,Tot sum,2446.9496017656757,0.0009920115342383358,2446.9476664066315,2446.953500390053,2446.95003527228,0.00016154481721358146,1
LSTM,lstm,FGSM,0.05,Variance,2215.7675885747344,0.01578633394317086,2215.2256429195404,2215.90184122324,2215.7667564283774,0.007303160397663714,2
LSTM,lstm,FGSM,0.05,Rate,1237.5943930487422,0.0010833692866436162,1237.5755829701666,1237.5991882113158,1237.5942834494172,0.0011159870405812807,3
LSTM,lstm,FGSM,0.05,Max,50.69999180494778,3.1009248630387255e-05,50.69995164871216,50.70019340515137,50.69999502586724,2.0974308595668973e-05,4
LSTM,lstm,FGSM,0.05,Tot size,25.89999688974361,1.2459491679849352e-05,25.899975299835205,25.90009880065918,25.899999707946904,6.967014032842488e-06,5
LSTM,lstm,FGSM,0.05,AVG,25.899996884934435,1.245734609915441e-05,25.899975299835205,25.90009880065918,25.89999971048933,6.953868928907889e-06,6
LSTM,lstm,FGSM,0.05,Std,10.525602668003224,9.076980911595067e-06,10.525442877144087,10.525643637098256,10.525603654567004,6.223829838109147e-06,7
LSTM,lstm,FGSM,0.05,Number,4.499999727148936,1.4606034924974603e-06,4.499995708465576,4.500001072883606,4.499999752010517,1.3004584169106464e-06,8
LSTM,lstm,FGSM,0.05,Header_Length,0.603999862753161,3.0524170553123555e-07,0.6039994201660193,0.6040001401901236,0.603999971226961,2.192796228871499e-07,9
LSTM,lstm,FGSM,0.05,Protocol Type,0.5499999213857949,2.342167130625079e-07,0.549999475479126,0.5500001311302185,0.5499999255913756,2.1887647322787984e-07,10
LSTM,lstm,FGSM,0.05,ack_count,0.35000013198524715,4.7095695994322435e-07,0.34999966621398926,0.35000133514404297,0.3499999987081734,2.2927551058274908e-07,11
LSTM,lstm,FGSM,0.05,Min,0.3000011336150765,4.9473645376361114e-06,0.2999267578125,0.300018310546875,0.3000000372823519,9.049332652420225e-07,12
LSTM,lstm,FGSM,0.05,Time_To_Live,0.09550016492831713,8.865975614952959e-07,0.09549872588831931,0.0955060119740665,0.09550011164362907,5.751628531608687e-07,13
LSTM,lstm,FGSM,0.05,syn_count,0.050000395672917364,1.0397430501653828e-06,0.049999237060546875,0.0500030517578125,0.050000593349906926,1.2182317657771387e-06,14
LSTM,lstm,FGSM,0.05,rst_count,0.05000014369726181,6.772681109172558e-07,0.049999237060546875,0.0500030517578125,0.050000000666527565,1.2996990464470527e-07,15
LSTM,lstm,FGSM,0.05,fin_count,0.05000014051914215,6.435717639196036e-07,0.049999237060546875,0.0500030517578125,0.05000000055265835,1.3703794911977195e-08,16
LSTM,lstm,FGSM,0.05,ICMP,0.05000000175729394,3.243288828024632e-09,0.04999995231628418,0.050000011920928955,0.05000000074505806,0.0,17
LSTM,lstm,FGSM,0.05,fin_flag_number,0.05000000126630068,2.3566175639683113e-09,0.05000000074505806,0.050000011920928955,0.05000000074505806,0.0,18
LSTM,lstm,FGSM,0.05,psh_flag_number,0.050000001243203876,3.6765406177700092e-09,0.04999995231628418,0.050000011920928955,0.05000000073229686,1.7028587698357587e-09,19
LSTM,lstm,FGSM,0.05,SSH,0.050000000749081376,2.1200906925317848e-10,0.05000000074505806,0.050000011920928955,0.05000000074505806,0.0,20
LSTM,lstm,FGSM,0.05,IGMP,0.05000000074505806,0.0,0.05000000074505806,0.05000000074505806,0.05000000074505806,0.0,21
LSTM,lstm,FGSM,0.05,SMTP,0.05000000074505806,0.0,0.05000000074505806,0.05000000074505806,0.05000000074505806,0.0,22
LSTM,lstm,FGSM,0.05,ece_flag_number,0.05000000074505806,0.0,0.05000000074505806,0.05000000074505806,0.05000000074505806,0.0,23
LSTM,lstm,FGSM,0.05,cwr_flag_number,0.05000000074505806,0.0,0.05000000074505806,0.05000000074505806,0.05000000074505806,0.0,24
LSTM,lstm,FGSM,0.05,DHCP,0.05000000074505806,0.0,0.05000000074505806,0.05000000074505806,0.05000000074505806,0.0,25
LSTM,lstm,FGSM,0.05,Telnet,0.05000000074505806,0.0,0.05000000074505806,0.05000000074505806,0.05000000074505806,0.0,26
LSTM,lstm,FGSM,0.05,IRC,0.05000000074505806,0.0,0.05000000074505806,0.05000000074505806,0.05000000074505806,0.0,27
LSTM,lstm,FGSM,0.05,ARP,0.05000000073999167,6.365577237233194e-10,0.04999995231628418,0.050000011920928955,0.050000000748002954,1.8139205424723135e-10,28
LSTM,lstm,FGSM,0.05,DNS,0.050000000738948586,7.134423109773135e-10,0.04999995231628418,0.050000011920928955,0.050000000748002954,1.8139205424723308e-10,29
LSTM,lstm,FGSM,0.05,LLC,0.050000000731498004,1.0014502621756792e-09,0.04999995231628418,0.050000011920928955,0.05000000075094785,2.5649329404959947e-10,30
LSTM,lstm,FGSM,0.05,IPv,0.050000000731498004,1.00145026217568e-09,0.04999995231628418,0.050000011920928955,0.050000000735241745,8.067372017555434e-10,31
LSTM,lstm,FGSM,0.05,HTTP,0.049999999853223565,7.960211990502191e-09,0.04999995231628418,0.050000011920928955,0.04999999958378838,8.001115208917596e-09,32
LSTM,lstm,FGSM,0.05,HTTPS,0.04999999934434891,1.0811960547803663e-08,0.04999995231628418,0.050000011920928955,0.04999999896143422,1.1753215837729932e-08,33
LSTM,lstm,FGSM,0.05,rst_flag_number,0.049999999097883704,9.55716276748685e-09,0.04999995231628418,0.050000011920928955,0.0500000006959765,1.8033849738658644e-09,34
LSTM,lstm,FGSM,0.05,syn_flag_number,0.04999999739199877,1.3890576008629033e-08,0.04999995231628418,0.050000011920928955,0.049999992980355484,1.8328401246400504e-08,35
LSTM,lstm,FGSM,0.05,UDP,0.04999999661162496,1.533221806536643e-08,0.04999995231628418,0.050000011920928955,0.04999999407192935,1.9333331126789227e-08,36
LSTM,lstm,FGSM,0.05,ack_flag_number,0.04999999406933785,1.824778458495934e-08,0.04999995231628418,0.050000011920928955,0.0499999972131491,1.3891558172091844e-08,37
LSTM,lstm,FGSM,0.05,TCP,0.049999992803633216,2.1977217209870116e-08,0.04999995231628418,0.050000011920928955,0.049999999484643634,1.5040097939295947e-08,38
LSTM,lstm,FGSM,0.05,IAT,4.6357610832961764e-05,2.4179523146833434e-10,4.6356924984128356e-05,4.636046179079534e-05,4.635762053004862e-05,1.4462241451075303e-10,39
LSTM,lstm,FGSM,0.10,Tot sum,4893.900358736718,0.0005711354635385185,4893.895332813263,4893.901166796684,4893.9000798063835,0.0002278540824693787,1
LSTM,lstm,FGSM,0.10,Variance,4431.533727856406,0.013298857590023595,4431.46558329463,4431.80368244648,4431.533665186759,0.010414608379066888,2
LSTM,lstm,FGSM,0.10,Rate,2475.189075109325,0.001081827384124557,2475.151165940333,2475.1983764226316,2475.1891773478255,0.0011006425978756509,3
LSTM,lstm,FGSM,0.10,Max,101.40000048166193,2.8138419038808048e-05,101.39990329742432,101.40038681030273,101.39999825910971,2.3637495148781186e-05,4
LSTM,lstm,FGSM,0.10,AVG,51.80000264049737,1.0668002143419877e-05,51.79995059967041,51.800074100494385,51.79999987391707,8.130126259723796e-06,5
LSTM,lstm,FGSM,0.10,Tot size,51.80000219066914,1.0928431134346258e-05,51.79995059967041,51.800074100494385,51.79999983139575,8.1799389498631e-06,6
LSTM,lstm,FGSM,0.10,Std,21.05120340020414,1.0237941968519537e-05,21.051186894219427,21.05128727419651,21.05120523750948,8.31774879755969e-06,7
LSTM,lstm,FGSM,0.10,Number,9.0000006411653,8.754726717702872e-07,8.999996781349182,9.000002145767212,9.000000638948567,8.735997161700392e-07,8
LSTM,lstm,FGSM,0.10,Header_Length,1.2080001430709,1.8172701394505906e-07,1.2079988403320385,1.2080002803802472,1.2080000916201963,1.7863566317968232e-07,9
LSTM,lstm,FGSM,0.10,Protocol Type,1.0999999682369828,3.3864487271655987e-07,1.099998950958252,1.100000262260437,1.1000000788211002,1.071679792031505e-07,10
LSTM,lstm,FGSM,0.10,ack_count,0.700000194901824,7.168530645997848e-07,0.6999993324279785,0.7000026702880859,0.7000000875485974,4.099883519954962e-07,11
LSTM,lstm,FGSM,0.10,Min,0.599999590986371,4.59136306789346e-06,0.5999908447265625,0.60003662109375,0.6000001532299973,2.2825387348245225e-06,12
LSTM,lstm,FGSM,0.10,Time_To_Live,0.19100026717491553,7.35524041246118e-07,0.19099745177663863,0.1910047378623858,0.19100023970880195,7.754851527161452e-07,13
LSTM,lstm,FGSM,0.10,TCP,0.10000001182377338,1.114409110114395e-08,0.10000000149011612,0.10000002384185791,0.10000000760221445,9.96284586182078e-09,14
LSTM,lstm,FGSM,0.10,ack_flag_number,0.1000000068116188,9.519793229578166e-09,0.10000000149011612,0.10000002384185791,0.10000000614516134,9.07628354065449e-09,15
LSTM,lstm,FGSM,0.10,UDP,0.10000000554472208,8.613226805466794e-09,0.10000000149011612,0.10000002384185791,0.10000000697971759,9.621144954531722e-09,16
LSTM,lstm,FGSM,0.10,syn_flag_number,0.10000000476419926,7.903280363230672e-09,0.10000000149011612,0.10000002384185791,0.10000000836836444,1.0316517359577984e-08,17
LSTM,lstm,FGSM,0.10,HTTPS,0.10000000424385071,7.346271864055751e-09,0.10000000149011612,0.10000002384185791,0.10000000552266448,8.594942321529493e-09,18
LSTM,lstm,FGSM,0.10,ICMP,0.10000000352412462,6.4285645573711654e-09,0.10000000149011612,0.10000002384185791,0.10000000149695674,3.909643037731722e-10,19
LSTM,lstm,FGSM,0.10,rst_flag_number,0.10000000284016132,5.324776028721132e-09,0.10000000149011612,0.10000002384185791,0.10000000166797236,1.9858912509935453e-09,20
LSTM,lstm,FGSM,0.10,psh_flag_number,0.10000000282496214,5.2966328612960916e-09,0.10000000149011612,0.10000002384185791,0.10000000163718956,1.8071294490664235e-09,21
LSTM,lstm,FGSM,0.10,HTTP,0.10000000276774168,5.18891410276841e-09,0.10000000149011612,0.10000002384185791,0.10000000266328328,4.984577051867999e-09,22
LSTM,lstm,FGSM,0.10,fin_flag_number,0.10000000253260136,4.7132351279366225e-09,0.10000000149011612,0.10000002384185791,0.10000000149011612,0.0,23
LSTM,lstm,FGSM,0.10,LLC,0.10000000151067973,6.776499615945339e-10,0.10000000149011612,0.10000002384185791,0.1000000015140583,7.311472868620043e-10,24
LSTM,lstm,FGSM,0.10,IPv,0.10000000151067973,6.776499615945339e-10,0.10000000149011612,0.10000002384185791,0.1000000015140583,7.311472868620043e-10,25
LSTM,lstm,FGSM,0.10,DNS,0.10000000150173903,5.095655952128078e-10,0.10000000149011612,0.10000002384185791,0.10000000150721768,6.180268918133323e-10,26
LSTM,lstm,FGSM,0.10,ARP,0.10000000149905681,4.469454199058295e-10,0.10000000149011612,0.10000002384185791,0.10000000150379737,5.528223813779406e-10,27
LSTM,lstm,FGSM,0.10,SSH,0.10000000149816275,4.2401813850635696e-10,0.10000000149011612,0.10000002384185791,0.10000000149011612,0.0,28
LSTM,lstm,FGSM,0.10,IRC,0.10000000149011612,0.0,0.10000000149011612,0.10000000149011612,0.10000000149011612,0.0,29
LSTM,lstm,FGSM,0.10,SMTP,0.10000000149011612,0.0,0.10000000149011612,0.10000000149011612,0.10000000149011612,0.0,30
LSTM,lstm,FGSM,0.10,ece_flag_number,0.10000000149011612,0.0,0.10000000149011612,0.10000000149011612,0.10000000149011612,0.0,31
LSTM,lstm,FGSM,0.10,cwr_flag_number,0.10000000149011612,0.0,0.10000000149011612,0.10000000149011612,0.10000000149011612,0.0,32
LSTM,lstm,FGSM,0.10,Telnet,0.10000000149011612,0.0,0.10000000149011612,0.10000000149011612,0.10000000149011612,0.0,33
LSTM,lstm,FGSM,0.10,IGMP,0.10000000149011612,0.0,0.10000000149011612,0.10000000149011612,0.10000000149011612,0.0,34
LSTM,lstm,FGSM,0.10,DHCP,0.10000000149011612,0.0,0.10000000149011612,0.10000000149011612,0.10000000149011612,0.0,35
LSTM,lstm,FGSM,0.10,fin_count,0.0999999314546585,3.2383774534337794e-07,0.09999847412109375,0.10000038146972656,0.10000000187661143,2.0540952821288228e-08,36
LSTM,lstm,FGSM,0.10,rst_count,0.09999992039203644,3.6177855400209376e-07,0.09999847412109375,0.10000038146972656,0.09999998986675435,1.7220908724880058e-07,37
LSTM,lstm,FGSM,0.10,syn_count,0.09999979749321937,5.31532874987926e-07,0.09999847412109375,0.10000038146972656,0.09999953297343797,7.126601405385199e-07,38
LSTM,lstm,FGSM,0.10,IAT,9.271526311960379e-05,2.3976120827250724e-10,9.271384996825671e-05,9.272092358159068e-05,9.27152813349781e-05,1.7556901899631497e-10,39
LSTM,lstm,FGSM,0.30,Tot sum,14681.70060657023,0.0011179092901376219,14681.697666406631,14681.703500390053,14681.700552356855,0.0011389474472179616,1
LSTM,lstm,FGSM,0.30,Variance,13294.600913924329,0.015794197243944624,13294.05865073204,13294.73484903574,13294.601076784895,0.015367201505446392,2
LSTM,lstm,FGSM,0.30,Rate,7425.56710578621,0.0011705805844152686,7425.547918785596,7425.5715240267455,7425.567123898189,0.001298085429816288,3
LSTM,lstm,FGSM,0.30,Max,304.20000629394,3.364746970400528e-05,304.19995164871216,304.20019340515137,304.20000518527496,3.603383221421799e-05,4
LSTM,lstm,FGSM,0.30,AVG,155.40000562620693,1.5173397942251625e-05,155.3999752998352,155.40009880065918,155.40000438797074,1.5748607967345754e-05,5
LSTM,lstm,FGSM,0.30,Tot size,155.40000561959226,1.516651972656228e-05,155.3999752998352,155.40009880065918,155.40000431955312,1.5750770389038597e-05,6
LSTM,lstm,FGSM,0.30,Std,63.15362234194336,9.608718994007219e-06,63.1534603026812,63.153661062635365,63.15362222514485,1.0334334602561056e-05,7
LSTM,lstm,FGSM,0.30,Number,27.00000048051439,1.6866110440895188e-06,26.999995708465576,27.000006437301636,27.000000249147302,1.9394241488802556e-06,8
LSTM,lstm,FGSM,0.30,Header_Length,3.62400021918811,4.017369819149454e-07,3.623999401092533,3.6240008411407416,3.624000130811792,3.193350180185122e-07,9
LSTM,lstm,FGSM,0.30,Protocol Type,3.299999993941784,2.666643682720929e-07,3.299999475479126,3.3000001311302185,3.300000018877488,2.469104441812181e-07,10
LSTM,lstm,FGSM,0.30,ack_count,2.10000021456182,4.508292274768502e-07,2.0999979972839355,2.100001335144043,2.1000002286727253,4.816923935410656e-07,11
LSTM,lstm,FGSM,0.30,Min,1.8000011881828308,4.934937764831795e-06,1.7999267578125,1.800018310546875,1.8000000899935817,1.7399463890475985e-06,12
LSTM,lstm,FGSM,0.30,Time_To_Live,0.5730010952559178,8.867481091792749e-07,0.5729996414156631,0.5730069275014102,0.5730010767628899,9.712928000279231e-07,13
LSTM,lstm,FGSM,0.30,syn_count,0.30000040348529816,1.0367840824341519e-06,0.2999992370605469,0.3000030517578125,0.30000054400107984,1.1755114914550287e-06,14
LSTM,lstm,FGSM,0.30,rst_count,0.30000015342473985,6.752222259619958e-07,0.2999992370605469,0.3000030517578125,0.3000000122429919,2.7573816213220523e-07,15
LSTM,lstm,FGSM,0.30,fin_count,0.30000015023946763,6.414682100546506e-07,0.2999992370605469,0.3000030517578125,0.30000000997474874,3.215032145493707e-08,16
LSTM,lstm,FGSM,0.30,IRC,0.30000001192092896,0.0,0.30000001192092896,0.30000001192092896,0.30000001192092896,0.0,17
LSTM,lstm,FGSM,0.30,DHCP,0.30000001192092896,0.0,0.30000001192092896,0.30000001192092896,0.30000001192092896,0.0,18
LSTM,lstm,FGSM,0.30,SSH,0.30000001192092896,0.0,0.30000001192092896,0.30000001192092896,0.30000001192092896,0.0,19
LSTM,lstm,FGSM,0.30,cwr_flag_number,0.30000001192092896,0.0,0.30000001192092896,0.30000001192092896,0.30000001192092896,0.0,20
LSTM,lstm,FGSM,0.30,Telnet,0.30000001192092896,0.0,0.30000001192092896,0.30000001192092896,0.30000001192092896,0.0,21
LSTM,lstm,FGSM,0.30,SMTP,0.30000001192092896,0.0,0.30000001192092896,0.30000001192092896,0.30000001192092896,0.0,22
LSTM,lstm,FGSM,0.30,fin_flag_number,0.30000001192092896,0.0,0.30000001192092896,0.30000001192092896,0.30000001192092896,0.0,23
LSTM,lstm,FGSM,0.30,IGMP,0.30000001192092896,0.0,0.30000001192092896,0.30000001192092896,0.30000001192092896,0.0,24
LSTM,lstm,FGSM,0.30,ece_flag_number,0.30000001192092896,0.0,0.30000001192092896,0.30000001192092896,0.30000001192092896,0.0,25
LSTM,lstm,FGSM,0.30,ICMP,0.3000000119161606,5.330988247371925e-10,0.2999999523162842,0.30000001192092896,0.30000001191172715,7.405303584052698e-10,26
LSTM,lstm,FGSM,0.30,ARP,0.3000000119113922,7.538854283893951e-10,0.2999999523162842,0.30000001192092896,0.30000001190252534,1.0471872216928714e-09,27
LSTM,lstm,FGSM,0.30,DNS,0.30000001190900805,8.428526723057697e-10,0.2999999523162842,0.30000001192092896,0.3000000119163281,5.236542505607135e-10,28
LSTM,lstm,FGSM,0.30,IPv,0.3000000118970871,1.1918544530821787e-09,0.2999999523162842,0.30000001192092896,0.30000001187492,1.6553647927182392e-09,29
LSTM,lstm,FGSM,0.30,LLC,0.3000000118970871,1.191854453082178e-09,0.2999999523162842,0.30000001192092896,0.30000001189792447,1.1707457047729661e-09,30
LSTM,lstm,FGSM,0.30,psh_flag_number,0.30000001175165175,3.171916152792867e-09,0.2999999523162842,0.30000001192092896,0.3000000117276912,3.388292601285536e-09,31
LSTM,lstm,FGSM,0.30,HTTP,0.3000000103902817,9.428192095117586e-09,0.2999999523162842,0.30000001192092896,0.30000001029681167,9.703977414815655e-09,32
LSTM,lstm,FGSM,0.30,rst_flag_number,0.300000009598732,1.1533478495361778e-08,0.2999999523162842,0.30000001192092896,0.3000000116632786,3.9103418109692625e-09,33
LSTM,lstm,FGSM,0.30,HTTPS,0.3000000091433525,1.2563499771792592e-08,0.2999999523162842,0.30000001192092896,0.3000000088751339,1.3125039596032444e-08,34
LSTM,lstm,FGSM,0.30,syn_flag_number,0.30000000693082807,1.6508545744261546e-08,0.2999999523162842,0.30000001192092896,0.3000000028295528,2.1429771949523435e-08,35
LSTM,lstm,FGSM,0.30,UDP,0.30000000576019287,1.8145352483331132e-08,0.2999999523162842,0.30000001192092896,0.30000000543366157,1.8563044752939303e-08,36
LSTM,lstm,FGSM,0.30,ack_flag_number,0.3000000025844574,2.1663964768739935e-08,0.2999999523162842,0.30000001192092896,0.30000000071774025,2.3286275936100072e-08,37
LSTM,lstm,FGSM,0.30,TCP,0.2999999988126755,2.4687780033286732e-08,0.2999999523162842,0.30000001192092896,0.3000000057879308,1.8109155460263516e-08,38
LSTM,lstm,FGSM,0.30,IAT,0.00027814578296579044,2.4206626962193907e-10,0.0002781450867114371,0.0002781486235181041,0.0002781457719952211,2.6062627813964757e-10,39
LSTM,lstm,PGD,0.05,Tot sum,2381.4571094754656,324.5575731849441,0.0,2446.953500390053,2242.518548114039,550.1285347404748,1
LSTM,lstm,PGD,0.05,Variance,2203.1193651351296,136.6245124780029,0.0,2215.90184122324,2175.5788144057956,244.51010646110473,2
LSTM,lstm,PGD,0.05,Rate,1219.3098827090764,125.16083731075364,0.0,1237.5991882113158,1187.772271839033,212.51420069282435,3
LSTM,lstm,PGD,0.05,Max,50.231393017479256,4.038900940285676,0.0,50.70019340515137,48.36352574862488,8.84124575539984,4
LSTM,lstm,PGD,0.05,Tot size,25.406635267838528,2.944452847362569,0.0,25.90009880065918,24.28669501992898,5.1805000173669296,5
LSTM,lstm,PGD,0.05,AVG,25.375447847101643,3.0905568088373814,0.0,25.90009880065918,24.119515641865963,5.584222769022763,6
LSTM,lstm,PGD,0.05,Std,10.502980145996313,0.3868631128821689,3.921092854852759e-07,10.525643637098256,10.494896879701962,0.4628557860655609,7
LSTM,lstm,PGD,0.05,Number,4.428134079803153,0.4601869472140142,1.6763806343078613e-07,4.500001072883606,4.365873666785027,0.6334461563879151,8
LSTM,lstm,PGD,0.05,Header_Length,0.6016278058849576,0.02970670522537428,0.0,0.6040001401901236,0.6004372759629167,0.03642942210974083,9
LSTM,lstm,PGD,0.05,Protocol Type,0.5481279557782411,0.02519613457093837,2.0489096641540527e-08,0.5500001311302185,0.5475858061262667,0.030036625914982924,10
LSTM,lstm,PGD,0.05,ack_count,0.3446531756186858,0.03574739383964735,1.30385160446167e-08,0.35000133514404297,0.33175120412290676,0.06536866268224695,11
LSTM,lstm,PGD,0.05,Min,0.2934505802473426,0.03697678043459164,1.1175870895385742e-08,0.300018310546875,0.27854831981370626,0.0670815623848489,12
LSTM,lstm,PGD,0.05,Time_To_Live,0.09511264326616925,0.005070502062429525,3.5576590562413912e-09,0.0955060119740665,0.09486902103657802,0.006947151078696946,13
LSTM,lstm,PGD,0.05,UDP,0.049887361515797674,0.0019258699221168562,1.862645149230957e-09,0.050000011920928955,0.049720237382708726,0.003093586074227467,14
LSTM,lstm,PGD,0.05,fin_flag_number,0.049886027414351705,0.0019461439743216904,1.862645149230957e-09,0.050000011920928955,0.04978235780015602,0.0025775543046273374,15
LSTM,lstm,PGD,0.05,IGMP,0.04988278583761305,0.001993145606059233,1.862645149230957e-09,0.05000000074505806,0.049808942563866254,0.002635960075395125,16
LSTM,lstm,PGD,0.05,psh_flag_number,0.04987349653571844,0.0020257680818765366,1.862645149230957e-09,0.050000011920928955,0.04978580585277458,0.0028135678136634056,17
LSTM,lstm,PGD,0.05,IPv,0.0498448542059958,0.0022224966115777234,1.862645149230957e-09,0.050000011920928955,0.049922630989986935,0.0014727509652981258,18
LSTM,lstm,PGD,0.05,IRC,0.04983175762172788,0.0024020752332026846,1.862645149230957e-09,0.05000000074505806,0.04951670361291815,0.004101990922116429,19
LSTM,lstm,PGD,0.05,Telnet,0.04981173485144973,0.0024727853262555906,1.862645149230957e-09,0.05000000074505806,0.04940224326204059,0.004403722097423625,20
LSTM,lstm,PGD,0.05,cwr_flag_number,0.04977349735300988,0.0028008945424835316,1.862645149230957e-09,0.05000000074505806,0.0493021934660056,0.005055438063936242,21
LSTM,lstm,PGD,0.05,syn_count,0.04970730960879475,0.003086614559311635,1.862645149230957e-09,0.0500030517578125,0.04950857874229068,0.0040172789508112,22
LSTM,lstm,PGD,0.05,ARP,0.049693103268407285,0.0031063585256244134,1.862645149230957e-09,0.050000011920928955,0.04926247543698824,0.004698657796510709,23
LSTM,lstm,PGD,0.05,ICMP,0.04967182185940444,0.0031593579577774747,1.862645149230957e-09,0.050000011920928955,0.049753373084478754,0.0028160860804432534,24
LSTM,lstm,PGD,0.05,LLC,0.0496690672397241,0.0033461956607088415,1.862645149230957e-09,0.050000011920928955,0.04940054736518221,0.004639891968669516,25
LSTM,lstm,PGD,0.05,ece_flag_number,0.04966253469876945,0.003310467686231321,1.862645149230957e-09,0.05000000074505806,0.04878578735950351,0.00628565832926082,26
LSTM,lstm,PGD,0.05,fin_count,0.049645232247784735,0.003384596207741686,1.862645149230957e-09,0.0500030517578125,0.049179561957381095,0.005132767146916962,27
LSTM,lstm,PGD,0.05,TCP,0.04963791508596391,0.0035675964587045337,1.862645149230957e-09,0.050000011920928955,0.04937843623249462,0.004522872573396471,28
LSTM,lstm,PGD,0.05,DHCP,0.04955628452397883,0.0038205431553139132,1.862645149230957e-09,0.05000000074505806,0.049130019302541496,0.005481535848035349,29
LSTM,lstm,PGD,0.05,ack_flag_number,0.049538329470269385,0.003808164094879693,1.862645149230957e-09,0.050000011920928955,0.048398442338192786,0.006894326567950993,30
LSTM,lstm,PGD,0.05,rst_count,0.04951752098456025,0.003908820570139076,1.862645149230957e-09,0.0500030517578125,0.0487123144832726,0.006129900605825914,31
LSTM,lstm,PGD,0.05,HTTP,0.04951693084537983,0.004035157728838829,1.862645149230957e-09,0.050000011920928955,0.048998221199807956,0.005722496679570956,32
LSTM,lstm,PGD,0.05,SMTP,0.04950857836693525,0.004078995803440268,1.862645149230957e-09,0.05000000074505806,0.04825729637079964,0.007826537173598281,33
LSTM,lstm,PGD,0.05,rst_flag_number,0.04950272630568594,0.0036138193673138537,1.862645149230957e-09,0.050000011920928955,0.047949642068489014,0.006851137085495176,34
LSTM,lstm,PGD,0.05,HTTPS,0.04944857168182731,0.0043782960024723455,1.862645149230957e-09,0.050000011920928955,0.04866425081755117,0.006854144106360678,35
LSTM,lstm,PGD,0.05,syn_flag_number,0.04941697449158877,0.004464877680280359,1.862645149230957e-09,0.050000011920928955,0.04750595839997263,0.009049506974818291,36
LSTM,lstm,PGD,0.05,DNS,0.04918725958235562,0.005265049295379868,1.862645149230957e-09,0.050000011920928955,0.047322672732360405,0.00951893501493265,37
LSTM,lstm,PGD,0.05,SSH,0.04887855055950582,0.005951343143384156,1.862645149230957e-09,0.050000011920928955,0.047705161153591594,0.008493181106172289,38
LSTM,lstm,PGD,0.05,IAT,4.620839316133193e-05,2.2101512175391653e-06,1.3815651042897031e-11,4.636046179079534e-05,4.616838718556707e-05,2.6140475679184045e-06,39
LSTM,lstm,PGD,0.10,Tot sum,4742.544614363191,700.5667761967239,0.0,4893.901166796684,4591.04182798253,995.8830394487027,1
LSTM,lstm,PGD,0.10,Variance,4385.336027729484,360.57210925888194,0.0,4431.80368244648,4319.630554578675,556.2947850560303,2
LSTM,lstm,PGD,0.10,Rate,2412.0780401693855,317.4247889121832,0.0,2475.1983764226316,2369.152076832074,414.5044606447767,3
LSTM,lstm,PGD,0.10,Max,100.27674138824054,8.52135063478266,0.0,101.40038681030273,98.26618952196563,14.091106991654257,4
LSTM,lstm,PGD,0.10,Tot size,50.865365272117835,5.4839391723861555,0.0,51.800074100494385,49.778001961267194,7.842561207796803,5
LSTM,lstm,PGD,0.10,AVG,50.84744586216498,5.458501272034606,0.0,51.800074100494385,49.55675259875189,8.201325344599589,6
LSTM,lstm,PGD,0.10,Std,20.963857830602073,1.0802080951431516,3.921092854852759e-07,21.05128727419651,20.914796861538115,1.2644060817605212,7
LSTM,lstm,PGD,0.10,Number,8.725702862418071,1.2500670455530527,3.3527612686157227e-07,9.000002145767212,8.396412584740112,1.7987087058622864,8
LSTM,lstm,PGD,0.10,Header_Length,1.1986245810725795,0.08598181452707175,0.0,1.2080002803802472,1.1879191125679587,0.12574555382616873,9
LSTM,lstm,PGD,0.10,Protocol Type,1.0914095495280622,0.07944610989057306,0.0,1.100000262260437,1.0843558110007359,0.10782641189700733,10
LSTM,lstm,PGD,0.10,ack_count,0.6777334004643559,0.10172470603673936,0.0,0.7000026702880859,0.6449297581976826,0.1539372933385851,11
LSTM,lstm,PGD,0.10,Min,0.575676045075953,0.0930962375420261,2.2351741790771484e-08,0.60003662109375,0.5613141239212412,0.11131742752821112,12
LSTM,lstm,PGD,0.10,Time_To_Live,0.18905954756610172,0.015652999547602346,0.0,0.1910047378623858,0.1885354546024695,0.01806704232864575,13
LSTM,lstm,PGD,0.10,fin_flag_number,0.09961491481408477,0.005050166413998284,3.725290298461914e-09,0.10000002384185791,0.09914108123865935,0.007782309833455862,14
LSTM,lstm,PGD,0.10,psh_flag_number,0.09940752598002553,0.006099606405008499,3.725290298461914e-09,0.10000002384185791,0.09909707331203138,0.0075207980316649384,15
LSTM,lstm,PGD,0.10,IGMP,0.09938445255182683,0.006374777131378703,3.725290298461914e-09,0.10000000149011612,0.09872438868682833,0.009232982009665453,16
LSTM,lstm,PGD,0.10,UDP,0.09932203152537346,0.006651183932668629,3.725290298461914e-09,0.10000002384185791,0.09861139139030527,0.009749000856503836,17
LSTM,lstm,PGD,0.10,TCP,0.09932173203088343,0.0067668905857512325,3.725290298461914e-09,0.10000002384185791,0.09888456277336422,0.008689156597094036,18
LSTM,lstm,PGD,0.10,Telnet,0.09926058843746781,0.006789062864883985,3.725290298461914e-09,0.10000000149011612,0.09848046892654157,0.009649002190081617,19
LSTM,lstm,PGD,0.10,cwr_flag_number,0.09925785961396992,0.006901753723494564,3.725290298461914e-09,0.10000000149011612,0.0985178812211216,0.010091126229151611,20
LSTM,lstm,PGD,0.10,IRC,0.09922284283615648,0.006938317134540695,3.725290298461914e-09,0.10000000149011612,0.09841115772546781,0.00993471646678867,21
LSTM,lstm,PGD,0.10,IPv,0.09912308614753186,0.0076733774703147605,3.725290298461914e-09,0.10000002384185791,0.09922109911611796,0.007148521702233825,22
LSTM,lstm,PGD,0.10,LLC,0.09880353845052421,0.00896057580264184,3.725290298461914e-09,0.10000002384185791,0.09708134292058192,0.014094041650506666,23
LSTM,lstm,PGD,0.10,syn_flag_number,0.09867301674418151,0.008897762166818363,3.725290298461914e-09,0.10000002384185791,0.09663977718061573,0.013838119997968606,24
LSTM,lstm,PGD,0.10,DHCP,0.09859800832971931,0.009610633017132062,3.725290298461914e-09,0.10000000149011612,0.09717558100444576,0.0136795284737752,25
LSTM,lstm,PGD,0.10,syn_count,0.09857461380772292,0.009549595119996689,3.725290298461914e-09,0.10000038146972656,0.09726928265157435,0.013093852241312716,26
LSTM,lstm,PGD,0.10,HTTPS,0.09844835365340114,0.00978175023923813,3.725290298461914e-09,0.10000002384185791,0.09682674093901454,0.013664035187990442,27
LSTM,lstm,PGD,0.10,ICMP,0.09840880917102099,0.0097095898331348,3.725290298461914e-09,0.10000002384185791,0.0968246443118328,0.014109498344933726,28
LSTM,lstm,PGD,0.10,fin_count,0.09817422491997481,0.010971812380566125,3.725290298461914e-09,0.10000038146972656,0.09542067489307919,0.017189723618393254,29
LSTM,lstm,PGD,0.10,ARP,0.09804764301821589,0.011374971820033124,3.725290298461914e-09,0.10000002384185791,0.09452557688447963,0.018657636026195717,30
LSTM,lstm,PGD,0.10,HTTP,0.09794818974323571,0.011403132337485255,3.725290298461914e-09,0.10000002384185791,0.09470383855528798,0.018019185271627262,31
LSTM,lstm,PGD,0.10,ece_flag_number,0.09792904619537295,0.011805753675549348,3.725290298461914e-09,0.10000000149011612,0.09528592288257953,0.017657577564793588,32
LSTM,lstm,PGD,0.10,rst_flag_number,0.09783371835112571,0.012118467416990386,3.725290298461914e-09,0.10000002384185791,0.0945507550112667,0.01877012094200125,33
LSTM,lstm,PGD,0.10,SMTP,0.09738636183448136,0.012863225984067897,3.725290298461914e-09,0.10000000149011612,0.09450991801945932,0.01867998782018203,34
LSTM,lstm,PGD,0.10,ack_flag_number,0.09683801707364618,0.014415162357039185,3.725290298461914e-09,0.10000002384185791,0.09158722690679462,0.02277419091539221,35
LSTM,lstm,PGD,0.10,DNS,0.09675468796655536,0.01503589117545776,3.725290298461914e-09,0.10000002384185791,0.09157736663526823,0.023908673717888348,36
LSTM,lstm,PGD,0.10,rst_count,0.09671183902785183,0.014566891720278332,3.725290298461914e-09,0.10000038146972656,0.09284393726581376,0.02130272895490156,37
LSTM,lstm,PGD,0.10,SSH,0.0962692964194715,0.014967931604802793,3.725290298461914e-09,0.10000002384185791,0.09344914391937872,0.01880470218838756,38
LSTM,lstm,PGD,0.10,IAT,9.197581470505318e-05,6.665264373491426e-06,0.0,9.272092358159068e-05,9.183624854383258e-05,7.382492378876376e-06,39
LSTM,lstm,PGD,0.30,Tot sum,13247.340962014883,3488.4703203371027,0.0,14681.703500390053,12953.193702503357,3853.025608249557,1
LSTM,lstm,PGD,0.30,Variance,12505.133544525585,2555.0030439434972,0.0,13294.73484903574,12314.843630160294,2845.4861136146183,2
LSTM,lstm,PGD,0.30,Rate,6689.755751109103,1813.1332944407475,0.0,7425.5715240267455,6463.337462338625,2035.7393671805967,3
LSTM,lstm,PGD,0.30,Max,278.4845800800202,67.28033541241147,0.0,304.20019340515137,272.9990560569805,73.5808617907174,4
LSTM,lstm,PGD,0.30,AVG,147.9149486466257,27.254055456496648,0.0,155.40009880065918,146.36049016838433,29.822509954142966,5
LSTM,lstm,PGD,0.30,Tot size,146.5754298372782,28.95933224231967,0.0,155.40009880065918,144.27731192405807,32.319703784542114,6
LSTM,lstm,PGD,0.30,Std,62.06611559539781,6.290526835121666,0.0,63.153661062635365,61.84472977999028,6.906535598984441,7
LSTM,lstm,PGD,0.30,Number,24.89228588862084,5.839346921309802,0.0,27.000006437301636,24.312261111201053,6.503737907704647,8
LSTM,lstm,PGD,0.30,Header_Length,3.5311477411363303,0.4590018156014433,0.0,3.6240008411407416,3.5045425250532447,0.5178007534542155,9
LSTM,lstm,PGD,0.30,Protocol Type,3.232804938026667,0.38046424753410335,0.0,3.3000001311302185,3.217353116904043,0.4210485540047558,10
LSTM,lstm,PGD,0.30,ack_count,2.032185637820363,0.29888698358593707,0.0,2.100001335144043,2.008027748830379,0.3459845680114644,11
LSTM,lstm,PGD,0.30,Min,1.7376913012647628,0.25548712769047843,0.0,1.800018310546875,1.7342837233447224,0.26582079011666926,12
LSTM,lstm,PGD,0.30,Time_To_Live,0.546932863716163,0.09856727662427182,0.0,0.5730069275014102,0.5419501296977612,0.10772524783013908,13
LSTM,lstm,PGD,0.30,ICMP,0.29250154723405836,0.0375811656440505,0.0,0.30000001192092896,0.29004814059841844,0.043161784012954965,14
LSTM,lstm,PGD,0.30,Telnet,0.2923898935776949,0.03821030806685343,0.0,0.30000001192092896,0.28963368100975295,0.04447660714201467,15
LSTM,lstm,PGD,0.30,fin_flag_number,0.2913476033270359,0.040125458948884966,0.0,0.30000001192092896,0.28775644604747863,0.04756909782455603,16
LSTM,lstm,PGD,0.30,cwr_flag_number,0.2905995353889465,0.042965754733671396,0.0,0.30000001192092896,0.28767395266581897,0.04903992560951548,17
LSTM,lstm,PGD,0.30,UDP,0.290310576492548,0.04397195049525289,0.0,0.30000001192092896,0.2871676873309324,0.050630289080616946,18
LSTM,lstm,PGD,0.30,TCP,0.28907841284155844,0.04590954703169532,0.0,0.30000001192092896,0.2855437483523869,0.052726702799747754,19
LSTM,lstm,PGD,0.30,IRC,0.28769976386785506,0.04727591746280944,0.0,0.30000001192092896,0.2851835150561856,0.05210075421801792,20
LSTM,lstm,PGD,0.30,syn_count,0.28717469742596147,0.04884113767533323,0.0,0.3000030517578125,0.28520539351492846,0.05296575888029718,21
LSTM,lstm,PGD,0.30,IPv,0.28709888511121273,0.05072416034741385,0.0,0.30000001192092896,0.2834360254225942,0.05735441929411747,22
LSTM,lstm,PGD,0.30,ece_flag_number,0.2867941537827253,0.04978174244878359,0.0,0.30000001192092896,0.2838757097131046,0.05480432148622679,23
LSTM,lstm,PGD,0.30,LLC,0.28673452603280547,0.05028133756658788,0.0,0.30000001192092896,0.28163110611911235,0.058715634175194986,24
LSTM,lstm,PGD,0.30,IGMP,0.2867055007642508,0.050400441297790304,0.0,0.30000001192092896,0.2823067396972943,0.05789252447952616,25
LSTM,lstm,PGD,0.30,ARP,0.28559818549096583,0.052060991633840904,0.0,0.30000001192092896,0.2824180539430184,0.057327752159511046,26
LSTM,lstm,PGD,0.30,DNS,0.28397033188521864,0.05386339341189394,0.0,0.30000001192092896,0.2790470306198565,0.060730008823235315,27
LSTM,lstm,PGD,0.30,syn_flag_number,0.283040898720026,0.05523470785117353,0.0,0.30000001192092896,0.27617384978169496,0.06452950762759577,28
LSTM,lstm,PGD,0.30,DHCP,0.28213290279626846,0.05675704338816459,0.0,0.30000001192092896,0.27663939172368823,0.06440403794148264,29
LSTM,lstm,PGD,0.30,rst_flag_number,0.27778185720264914,0.06442921679166486,0.0,0.30000001192092896,0.2705774597066751,0.0729791293205973,30
LSTM,lstm,PGD,0.30,HTTPS,0.2775712871181965,0.06260982795064295,0.0,0.30000001192092896,0.27081491814935804,0.07037256615047961,31
LSTM,lstm,PGD,0.30,SMTP,0.27685459967255593,0.06638167387220198,0.0,0.30000001192092896,0.2763285592179071,0.06766787013401156,32
LSTM,lstm,PGD,0.30,rst_count,0.2766702151608467,0.06466169945414597,0.0,0.3000030517578125,0.27080800553900614,0.07124255944533064,33
LSTM,lstm,PGD,0.30,SSH,0.27632823235690596,0.06186968179702819,0.0,0.30000001192092896,0.2697753161072459,0.0694681002673954,34
LSTM,lstm,PGD,0.30,HTTP,0.2757337638282776,0.06325303887564969,0.0,0.30000001192092896,0.27348985779089113,0.06650677637513501,35
LSTM,lstm,PGD,0.30,psh_flag_number,0.2755201823341846,0.06977718620109967,0.0,0.30000001192092896,0.2709564280270618,0.07443898266330022,36
LSTM,lstm,PGD,0.30,ack_flag_number,0.26873243416428566,0.07567904532613506,0.0,0.30000001192092896,0.25885936927859376,0.08648686018937816,37
LSTM,lstm,PGD,0.30,fin_count,0.25857421555042265,0.08494819158501246,0.0,0.3000030517578125,0.2497149801784402,0.09089168965613686,38
LSTM,lstm,PGD,0.30,IAT,0.00026702891301560045,4.446731846754088e-05,0.0,0.0002781486235181041,0.00026434190056202574,4.947961972758933e-05,39
MLP,mlp,CW,0,Tot sum,6863.514784565563,9212.63996203273,0.0,38112.69027757645,15405.607485879178,10283.621024958613,1
MLP,mlp,CW,0,Variance,2916.482483308609,5669.843583188199,0.0,24017.269791765284,7562.215166540768,8245.289396600512,2
MLP,mlp,CW,0,Rate,1589.0902303564485,2450.3004217288235,0.0,20217.245801466997,3283.5786152695264,2830.9993211800734,3
MLP,mlp,CW,0,Max,42.649835523976385,70.89009070938876,0.0,548.1974730491638,69.3816690628316,69.42594444294538,4
MLP,mlp,CW,0,AVG,36.32954934110857,61.90202994959707,0.0,386.93543753027916,88.57790207651348,87.93103297810168,5
MLP,mlp,CW,0,Tot size,30.055917987706465,51.45117892625031,0.0,459.27395820245147,68.1330529361199,73.85097305268621,6
MLP,mlp,CW,0,Number,10.792286883109433,14.685234904689898,0.0,69.31356489658356,22.608296949358344,16.055643902775767,7
MLP,mlp,CW,0,Std,10.412626769583122,18.96534689286851,0.0,121.78716156717928,23.467934544618213,25.103312978420483,8
MLP,mlp,CW,0,Header_Length,1.8366207007017674,2.3695781371424998,0.0,10.439239235750165,4.0321737790912815,2.310292519504006,9
MLP,mlp,CW,0,Protocol Type,0.8282943344997697,1.2704293044248987,0.0,8.581730604171753,1.849622749818545,1.4003379569704435,10
MLP,mlp,CW,0,ack_count,0.34213109098807604,0.5245258577281566,0.0,3.0156117230653763,0.7193680339751788,0.575614004422745,11
MLP,mlp,CW,0,Min,0.22592952429247293,0.47350556519503384,0.0,4.539780020713806,0.42846797488114874,0.5782579135854576,12
MLP,mlp,CW,0,psh_flag_number,0.11880671031340818,0.15300471585225858,0.0,0.8280285000801086,0.2321814433441753,0.16033485862630348,13
MLP,mlp,CW,0,UDP,0.10753021596986116,0.16140665976524118,0.0,0.7867445349693298,0.24567796794335242,0.18350599056202388,14
MLP,mlp,CW,0,HTTPS,0.10624778892584444,0.15307451758622292,0.0,0.8879384398460388,0.23364270597486284,0.17593187827203535,15
MLP,mlp,CW,0,SSH,0.10309557860262153,0.14095891980753736,0.0,1.012052297592163,0.1981669508992631,0.15015571656228194,16
MLP,mlp,CW,0,rst_flag_number,0.10152457662857152,0.14835539322666086,0.0,0.6689584255218506,0.24470753092740805,0.1767241007153533,17
MLP,mlp,CW,0,ICMP,0.09903941009781499,0.14147025026923354,0.0,0.7898035049438477,0.21118745669696593,0.14425874607151898,18
MLP,mlp,CW,0,HTTP,0.09587464192040876,0.13657768456058952,0.0,0.675550103187561,0.19668477997053666,0.15245521870573803,19
MLP,mlp,CW,0,syn_flag_number,0.09405433456635524,0.12703433652321414,0.0,0.5205108523368835,0.20580662417833495,0.13710761103178795,20
MLP,mlp,CW,0,ack_flag_number,0.07590373584916423,0.11559291542849595,0.0,0.6044518947601318,0.16373820126277844,0.1287457584734922,21
MLP,mlp,CW,0,DNS,0.05244784996767034,0.09252890450673125,0.0,0.8069973587989807,0.1263963183994305,0.13283532956937197,22
MLP,mlp,CW,0,LLC,0.05081801333768512,0.08026731407065123,0.0,0.658583402633667,0.10203983119293672,0.0909559116280186,23
MLP,mlp,CW,0,rst_count,0.04905615656167531,0.08351014369249511,0.0,0.5538842678070068,0.08198317363363801,0.0914167655141281,24
MLP,mlp,CW,0,ARP,0.04783769365880158,0.07560603659184684,0.0,0.43336978554725647,0.10816218738501696,0.09997615268496883,25
MLP,mlp,CW,0,IPv,0.047379033849949626,0.07370578563386973,0.0,0.5944207906723022,0.09214983605963047,0.07694918688402234,26
MLP,mlp,CW,0,fin_count,0.045681775324113404,0.0728409417337313,0.0,0.4826398491859436,0.07926365454763196,0.08420870925234386,27
MLP,mlp,CW,0,TCP,0.041198834743875194,0.07253273124103483,0.0,0.5674252510070801,0.07082032134182142,0.074833699089315,28
MLP,mlp,CW,0,fin_flag_number,0.03827887025681848,0.06224344230896821,0.0,0.580066442489624,0.06999011386949082,0.06607479060155486,29
MLP,mlp,CW,0,syn_count,0.037404448753594915,0.06534450960577991,0.0,0.4446398913860321,0.060090536390724446,0.06995906770455114,30
MLP,mlp,CW,0,Time_To_Live,0.022555330235905877,0.03669494499843751,0.0,0.4796320956083946,0.04559595228782034,0.04190709788518578,31
MLP,mlp,CW,0,cwr_flag_number,0.010925457668688904,0.018951730798953598,0.0,0.1918051540851593,0.023003153205818482,0.021321219325582588,32
MLP,mlp,CW,0,IRC,0.00937710558971532,0.015116111257778609,0.0,0.3156220018863678,0.019478692309068565,0.018819344118835794,33
MLP,mlp,CW,0,Telnet,0.008962865212147626,0.01593487590595224,0.0,0.1623467653989792,0.018210771116273484,0.018013188665365526,34
MLP,mlp,CW,0,IGMP,0.008928262784950493,0.015318112837392876,0.0,0.2639389932155609,0.01920360074234079,0.020436755034758756,35
MLP,mlp,CW,0,ece_flag_number,0.008582439160812647,0.013429655613962007,0.0,0.17373599112033844,0.018263662834050627,0.016732838023802665,36
MLP,mlp,CW,0,SMTP,0.008509199552955616,0.013971972055871114,0.0,0.19085995852947235,0.017539493042209316,0.017889901931431754,37
MLP,mlp,CW,0,DHCP,0.008384621325082116,0.012988350181158837,0.0,0.14847923815250397,0.016995898395763362,0.015579268117061626,38
MLP,mlp,CW,0,IAT,2.8604312058129397e-05,5.058175953944042e-05,0.0,0.0004086361765783706,6.084690878809778e-05,6.72359847638319e-05,39
MLP,mlp,FGSM,0.05,Tot sum,2446.949586230116,0.000994866841808038,2446.9476664066315,2446.950583398342,2446.9500358273935,0.00014425815758775632,1
MLP,mlp,FGSM,0.05,Variance,2215.767578517549,0.015788748253057417,2215.2256429195404,2215.90184122324,2215.7667599787724,0.006537071762240465,2
MLP,mlp,FGSM,0.05,Rate,1237.5943865648378,0.0010789915595866557,1237.5755829701666,1237.5991882113158,1237.594257775164,0.0009142844785684481,3
MLP,mlp,FGSM,0.05,Max,50.699991818244385,3.103256485842626e-05,50.69995164871216,50.70019340515137,50.699994089517865,2.1320837039159985e-05,4
MLP,mlp,FGSM,0.05,AVG,25.899996903960073,1.2456520756970077e-05,25.899975299835205,25.90009880065918,25.899999404587465,7.232161291014835e-06,5
MLP,mlp,FGSM,0.05,Tot size,25.8999968945962,1.245865568921326e-05,25.899975299835205,25.90009880065918,25.899999393407278,7.246357607671338e-06,6
MLP,mlp,FGSM,0.05,Std,10.525602733070698,9.044972779944291e-06,10.525442877144087,10.525643637098256,10.52560351711681,6.5943249265584816e-06,7
MLP,mlp,FGSM,0.05,Number,4.499999791072682,1.3994052251385533e-06,4.499995708465576,4.500001072883606,4.499999731261098,1.3240311973890225e-06,8
MLP,mlp,FGSM,0.05,Header_Length,0.603999870309143,3.0231895456881067e-07,0.6039994201660193,0.6040001401901236,0.6039999639429109,2.325011426032298e-07,9
MLP,mlp,FGSM,0.05,Protocol Type,0.5499999235232175,2.3287776715579864e-07,0.549999475479126,0.5500001311302185,0.549999931256667,2.206878236844032e-07,10
MLP,mlp,FGSM,0.05,ack_count,0.3500001313176751,4.712599113592559e-07,0.34999966621398926,0.35000133514404297,0.3500000043290492,2.480791908391515e-07,11
MLP,mlp,FGSM,0.05,Min,0.3000011317840219,4.948021963185328e-06,0.2999267578125,0.300018310546875,0.30000000975395824,1.7350732947942683e-06,12
MLP,mlp,FGSM,0.05,Time_To_Live,0.09550016524786628,8.866245623272647e-07,0.09549872588831931,0.0955060119740665,0.09550007938280529,5.231369739241307e-07,13
MLP,mlp,FGSM,0.05,syn_count,0.0500003953152895,1.0404352635245065e-06,0.049999237060546875,0.0500030517578125,0.050000162108115316,6.994815247624192e-07,14
MLP,mlp,FGSM,0.05,rst_count,0.050000143342018126,6.774282881711115e-07,0.049999237060546875,0.0500030517578125,0.050000002834328636,1.4854882327296217e-07,15
MLP,mlp,FGSM,0.05,fin_count,0.050000140216350554,6.436144195650263e-07,0.049999237060546875,0.0500030517578125,0.050000000870241625,1.4115323097220177e-08,16
MLP,mlp,FGSM,0.05,ICMP,0.05000000176206231,3.2142822786855827e-09,0.05000000074505806,0.050000011920928955,0.05000000074505806,0.0,17
MLP,mlp,FGSM,0.05,fin_flag_number,0.05000000126630068,2.3566175639683113e-09,0.05000000074505806,0.050000011920928955,0.05000000074505806,0.0,18
MLP,mlp,FGSM,0.05,psh_flag_number,0.05000000123843551,3.7012585088620525e-09,0.04999995231628418,0.050000011920928955,0.05000000076376365,1.5615958258359475e-09,19
MLP,mlp,FGSM,0.05,SSH,0.050000000749081376,2.1200906925317848e-10,0.05000000074505806,0.050000011920928955,0.05000000074505806,0.0,20
MLP,mlp,FGSM,0.05,IGMP,0.05000000074505806,0.0,0.05000000074505806,0.05000000074505806,0.05000000074505806,0.0,21
MLP,mlp,FGSM,0.05,SMTP,0.05000000074505806,0.0,0.05000000074505806,0.05000000074505806,0.05000000074505806,0.0,22
MLP,mlp,FGSM,0.05,ece_flag_number,0.05000000074505806,0.0,0.05000000074505806,0.05000000074505806,0.05000000074505806,0.0,23
MLP,mlp,FGSM,0.05,cwr_flag_number,0.05000000074505806,0.0,0.05000000074505806,0.05000000074505806,0.05000000074505806,0.0,24
MLP,mlp,FGSM,0.05,DHCP,0.05000000074505806,0.0,0.05000000074505806,0.05000000074505806,0.05000000074505806,0.0,25
MLP,mlp,FGSM,0.05,Telnet,0.05000000074505806,0.0,0.05000000074505806,0.05000000074505806,0.05000000074505806,0.0,26
MLP,mlp,FGSM,0.05,IRC,0.05000000074505806,0.0,0.05000000074505806,0.05000000074505806,0.05000000074505806,0.0,27
MLP,mlp,FGSM,0.05,ARP,0.05000000073760748,7.028468786351467e-10,0.04999995231628418,0.050000011920928955,0.05000000072635247,9.515980847562792e-10,28
MLP,mlp,FGSM,0.05,IPv,0.050000000729113814,1.0448206189822994e-09,0.04999995231628418,0.050000011920928955,0.05000000071196355,1.3634239917475289e-09,29
MLP,mlp,FGSM,0.05,DNS,0.050000000727027656,9.76115449695584e-10,0.04999995231628418,0.050000011920928955,0.05000000074937473,2.1959955802069297e-10,30
MLP,mlp,FGSM,0.05,LLC,0.05000000072196126,1.1652572284542003e-09,0.04999995231628418,0.050000011920928955,0.05000000068894129,1.6475792393791188e-09,31
MLP,mlp,FGSM,0.05,HTTP,0.049999999805539846,8.065606367218698e-09,0.04999995231628418,0.050000011920928955,0.05000000043569637,5.667891280251087e-09,32
MLP,mlp,FGSM,0.05,HTTPS,0.049999999487400054,1.0580628660017814e-08,0.04999995231628418,0.050000011920928955,0.04999999906874937,1.1258010932688982e-08,33
MLP,mlp,FGSM,0.05,rst_flag_number,0.049999998413622376,1.0682119258120485e-08,0.04999995231628418,0.050000011920928955,0.050000000674552375,1.9148960294820914e-09,34
MLP,mlp,FGSM,0.05,syn_flag_number,0.04999999754458666,1.3720923780485163e-08,0.04999995231628418,0.050000011920928955,0.050000000404040755,6.5498110768527486e-09,35
MLP,mlp,FGSM,0.05,ack_flag_number,0.04999999647974968,1.6418257789331393e-08,0.04999995231628418,0.050000011920928955,0.04999999794785283,1.3228111487097498e-08,36
MLP,mlp,FGSM,0.05,UDP,0.0499999957819283,1.6076011073279356e-08,0.04999995231628418,0.050000011920928955,0.04999999339951655,2.0200023632822265e-08,37
MLP,mlp,FGSM,0.05,TCP,0.04999999134689569,2.2627561744264423e-08,0.04999995231628418,0.050000011920928955,0.04999999022819951,2.1956262500469198e-08,38
MLP,mlp,FGSM,0.05,IAT,4.635761065859397e-05,2.4112923253669194e-10,4.6356924984128356e-05,4.636046179079534e-05,4.635762569699233e-05,1.5288006038545802e-10,39
MLP,mlp,FGSM,0.10,Tot sum,4893.900360378624,0.0005513616903744816,4893.895332813263,4893.901166796684,4893.900076249074,0.0002009818430522677,1
MLP,mlp,FGSM,0.10,Variance,4431.533847980396,0.013338725728795632,4431.46558329463,4431.80368244648,4431.534156822102,0.008935024013191468,2
MLP,mlp,FGSM,0.10,Rate,2475.18907613117,0.0010804669743098363,2475.151165940333,2475.1983764226316,2475.189091839701,0.0007545317656436154,3
MLP,mlp,FGSM,0.10,Max,101.40000081687235,2.8069705484168207e-05,101.39990329742432,101.40038681030273,101.39999837655434,2.2416577659205226e-05,4
MLP,mlp,FGSM,0.10,AVG,51.80000258735221,1.0698295560123678e-05,51.79995059967041,51.800074100494385,51.8000005567806,7.82497413691317e-06,5
MLP,mlp,FGSM,0.10,Tot size,51.8000018176092,1.108634476243048e-05,51.79995059967041,51.8000123500824,51.80000051409821,7.794172198240039e-06,6
MLP,mlp,FGSM,0.10,Std,21.051203328912166,1.0163976865243013e-05,21.051186894219427,21.05128727419651,21.05120448404669,7.986857753807575e-06,7
MLP,mlp,FGSM,0.10,Number,9.000000641037897,8.751303720198191e-07,8.999996781349182,9.000002145767212,9.00000076739063,9.367640460241285e-07,8
MLP,mlp,FGSM,0.10,Header_Length,1.2080001452788993,1.7870910351779552e-07,1.2079988403320385,1.2080002803802472,1.2080001064785788,2.082959421643195e-07,9
MLP,mlp,FGSM,0.10,Protocol Type,1.0999999682500958,3.3864991057680516e-07,1.099998950958252,1.100000262260437,1.1000000967237211,1.1543666880219494e-07,10
MLP,mlp,FGSM,0.10,ack_count,0.7000001949477196,7.166419382357149e-07,0.6999993324279785,0.7000026702880859,0.700000094916102,4.033451953179536e-07,11
MLP,mlp,FGSM,0.10,Min,0.5999995911294221,4.591369123649177e-06,0.5999908447265625,0.60003662109375,0.6000001238514269,2.060969845936024e-06,12
MLP,mlp,FGSM,0.10,Time_To_Live,0.19100026690432015,7.350407006416391e-07,0.19099745177663863,0.1910047378623858,0.1910002727416396,8.047510906904687e-07,13
MLP,mlp,FGSM,0.10,TCP,0.10000001182377338,1.114409110114395e-08,0.10000000149011612,0.10000002384185791,0.10000000955422883,1.0733920591534643e-08,14
MLP,mlp,FGSM,0.10,ack_flag_number,0.1000000068116188,9.519793229578166e-09,0.10000000149011612,0.10000002384185791,0.1000000072074685,9.752162112229998e-09,15
MLP,mlp,FGSM,0.10,UDP,0.10000000554472208,8.613226805466794e-09,0.10000000149011612,0.10000002384185791,0.10000000862242693,1.04187193134779e-08,16
MLP,mlp,FGSM,0.10,syn_flag_number,0.10000000476419926,7.903280363230672e-09,0.10000000149011612,0.10000002384185791,0.10000000276702983,5.18755596738294e-09,17
MLP,mlp,FGSM,0.10,HTTPS,0.10000000424385071,7.346271864055751e-09,0.10000000149011612,0.10000002384185791,0.10000000540138335,8.492680596426276e-09,18
MLP,mlp,FGSM,0.10,ICMP,0.10000000352412462,6.4285645573711654e-09,0.10000000149011612,0.10000002384185791,0.10000000149586798,3.585123221801094e-10,19
MLP,mlp,FGSM,0.10,rst_flag_number,0.10000000284016132,5.324776028721132e-09,0.10000000149011612,0.10000002384185791,0.10000000155913848,1.2401636756971105e-09,20
MLP,mlp,FGSM,0.10,psh_flag_number,0.10000000282496214,5.2966328612960916e-09,0.10000000149011612,0.10000002384185791,0.10000000168567948,2.081570734053774e-09,21
MLP,mlp,FGSM,0.10,HTTP,0.10000000276774168,5.18891410276841e-09,0.10000000149011612,0.10000002384185791,0.1000000028648115,5.37001387291864e-09,22
MLP,mlp,FGSM,0.10,fin_flag_number,0.10000000253260136,4.7132351279366225e-09,0.10000000149011612,0.10000002384185791,0.10000000149011612,0.0,23
MLP,mlp,FGSM,0.10,LLC,0.10000000151067973,6.776499615945339e-10,0.10000000149011612,0.10000002384185791,0.10000000151312358,7.167477474028491e-10,24
MLP,mlp,FGSM,0.10,IPv,0.10000000151067973,6.776499615945339e-10,0.10000000149011612,0.10000002384185791,0.10000000151312358,7.167477474028491e-10,25
MLP,mlp,FGSM,0.10,DNS,0.10000000150173903,5.095655952128078e-10,0.10000000149011612,0.10000002384185791,0.10000000151312358,7.167477474028492e-10,26
MLP,mlp,FGSM,0.10,ARP,0.10000000149905681,4.469454199058295e-10,0.10000000149011612,0.10000002384185791,0.10000000150161985,5.069477314685831e-10,27
MLP,mlp,FGSM,0.10,SSH,0.10000000149816275,4.2401813850635696e-10,0.10000000149011612,0.10000002384185791,0.10000000149011612,0.0,28
MLP,mlp,FGSM,0.10,IRC,0.10000000149011612,0.0,0.10000000149011612,0.10000000149011612,0.10000000149011612,0.0,29
MLP,mlp,FGSM,0.10,SMTP,0.10000000149011612,0.0,0.10000000149011612,0.10000000149011612,0.10000000149011612,0.0,30
MLP,mlp,FGSM,0.10,ece_flag_number,0.10000000149011612,0.0,0.10000000149011612,0.10000000149011612,0.10000000149011612,0.0,31
MLP,mlp,FGSM,0.10,cwr_flag_number,0.10000000149011612,0.0,0.10000000149011612,0.10000000149011612,0.10000000149011612,0.0,32
MLP,mlp,FGSM,0.10,Telnet,0.10000000149011612,0.0,0.10000000149011612,0.10000000149011612,0.10000000149011612,0.0,33
MLP,mlp,FGSM,0.10,IGMP,0.10000000149011612,0.0,0.10000000149011612,0.10000000149011612,0.10000000149011612,0.0,34
MLP,mlp,FGSM,0.10,DHCP,0.10000000149011612,0.0,0.10000000149011612,0.10000000149011612,0.10000000149011612,0.0,35
MLP,mlp,FGSM,0.10,fin_count,0.09999993147850036,3.238190938073181e-07,0.09999847412109375,0.10000038146972656,0.10000000212090382,1.852172082019836e-08,36
MLP,mlp,FGSM,0.10,rst_count,0.099999920296669,3.612008826419279e-07,0.09999847412109375,0.10000038146972656,0.09999999843779386,1.1494940308924903e-07,37
MLP,mlp,FGSM,0.10,syn_count,0.09999979705929757,5.314543179660333e-07,0.09999847412109375,0.10000038146972656,0.09999991903140014,3.6195071706842246e-07,38
MLP,mlp,FGSM,0.10,IAT,9.271526304712635e-05,2.3998582117392656e-10,9.271384996825671e-05,9.272092358159068e-05,9.271528686749864e-05,2.2412076386976357e-10,39
MLP,mlp,FGSM,0.30,Tot sum,14681.7006033043,0.001131076642741611,14681.697666406631,14681.703500390053,14681.700582405363,0.0006396669552926973,1
MLP,mlp,FGSM,0.30,Variance,13294.600948408375,0.01578145191547471,13294.05865073204,13294.73484903574,13294.6001535069,0.010166431676068177,2
MLP,mlp,FGSM,0.30,Rate,7425.567100626595,0.0011447621438694141,7425.547918785596,7425.5715240267455,7425.5671114215875,0.0012914230273185215,3
MLP,mlp,FGSM,0.30,Max,304.20000828442653,3.4892308029612766e-05,304.19995164871216,304.20019340515137,304.2000129755444,3.291146026649631e-05,4
MLP,mlp,FGSM,0.30,Tot size,155.40000519736364,1.532241209685439e-05,155.3999752998352,155.40009880065918,155.40000555607324,1.4115265406993432e-05,5
MLP,mlp,FGSM,0.30,AVG,155.40000513239545,1.5015570866721085e-05,155.3999752998352,155.40009880065918,155.4000053618447,1.3240490074003633e-05,6
MLP,mlp,FGSM,0.30,Std,63.15362187421329,9.48424918546437e-06,63.1534603026812,63.153661062635365,63.15362312629307,9.708458701075017e-06,7
MLP,mlp,FGSM,0.30,Number,27.000000543767587,1.6034979948458368e-06,26.999995708465576,27.000006437301636,27.00000025537675,1.9355233027025206e-06,8
MLP,mlp,FGSM,0.30,Header_Length,3.6240002000977447,3.955184987984245e-07,3.623999401092533,3.6240008411407416,3.6240001525849754,2.821929692932665e-07,9
MLP,mlp,FGSM,0.30,Protocol Type,3.2999999960792064,2.6490433263315177e-07,3.299999475479126,3.3000001311302185,3.3000000295576246,2.3708192086495988e-07,10
MLP,mlp,FGSM,0.30,ack_count,2.100000215354562,4.512879672089137e-07,2.0999979972839355,2.100001335144043,2.1000001306893012,3.7711485684281574e-07,11
MLP,mlp,FGSM,0.30,Min,1.80000118714571,4.935712505699387e-06,1.7999267578125,1.800018310546875,1.80000125759007,4.813840352112256e-06,12
MLP,mlp,FGSM,0.30,Time_To_Live,0.5730010961607739,8.874680207127126e-07,0.5729996414156631,0.5730069275014102,0.5730010614052591,1.0340189038333113e-06,13
MLP,mlp,FGSM,0.30,syn_count,0.3000004031276703,1.0374809630334107e-06,0.2999992370605469,0.3000030517578125,0.3000002987315938,9.112884327239518e-07,14
MLP,mlp,FGSM,0.30,rst_count,0.3000001530694962,6.753880049515745e-07,0.2999992370605469,0.3000030517578125,0.3000000028387561,2.2251295080511054e-07,15
MLP,mlp,FGSM,0.30,fin_count,0.300000149936676,6.415155935235926e-07,0.2999992370605469,0.3000030517578125,0.3000000098235209,2.3248198476075213e-08,16
MLP,mlp,FGSM,0.30,IGMP,0.30000001192092896,0.0,0.30000001192092896,0.30000001192092896,0.30000001192092896,0.0,17
MLP,mlp,FGSM,0.30,DHCP,0.30000001192092896,0.0,0.30000001192092896,0.30000001192092896,0.30000001192092896,0.0,18
MLP,mlp,FGSM,0.30,IRC,0.30000001192092896,0.0,0.30000001192092896,0.30000001192092896,0.30000001192092896,0.0,19
MLP,mlp,FGSM,0.30,SSH,0.30000001192092896,0.0,0.30000001192092896,0.30000001192092896,0.30000001192092896,0.0,20
MLP,mlp,FGSM,0.30,Telnet,0.30000001192092896,0.0,0.30000001192092896,0.30000001192092896,0.30000001192092896,0.0,21
MLP,mlp,FGSM,0.30,SMTP,0.30000001192092896,0.0,0.30000001192092896,0.30000001192092896,0.30000001192092896,0.0,22
MLP,mlp,FGSM,0.30,fin_flag_number,0.30000001192092896,0.0,0.30000001192092896,0.30000001192092896,0.30000001192092896,0.0,23
MLP,mlp,FGSM,0.30,ICMP,0.30000001192092896,0.0,0.30000001192092896,0.30000001192092896,0.30000001192092896,0.0,24
MLP,mlp,FGSM,0.30,ece_flag_number,0.30000001192092896,0.0,0.30000001192092896,0.30000001192092896,0.30000001192092896,0.0,25
MLP,mlp,FGSM,0.30,cwr_flag_number,0.30000001192092896,0.0,0.30000001192092896,0.30000001192092896,0.30000001192092896,0.0,26
MLP,mlp,FGSM,0.30,ARP,0.30000001190900805,8.428526723058757e-10,0.2999999523162842,0.30000001192092896,0.30000001188795083,1.4016280764843186e-09,27
MLP,mlp,FGSM,0.30,DNS,0.3000000118970871,1.1918544530821516e-09,0.2999999523162842,0.30000001192092896,0.30000001188795083,1.4016280764842586e-09,28
MLP,mlp,FGSM,0.30,IPv,0.30000001189470293,1.2500024853191677e-09,0.2999999523162842,0.30000001192092896,0.3000000118747596,1.658245078180938e-09,29
MLP,mlp,FGSM,0.30,LLC,0.3000000118875504,1.4101083394970025e-09,0.2999999523162842,0.30000001192092896,0.3000000118549727,1.9816526984971002e-09,30
MLP,mlp,FGSM,0.30,psh_flag_number,0.3000000117468834,3.216151750801373e-09,0.2999999523162842,0.30000001192092896,0.300000011709869,3.540565796204628e-09,31
MLP,mlp,FGSM,0.30,HTTP,0.300000010342598,9.569991091381763e-09,0.2999999523162842,0.30000001192092896,0.30000001054903935,8.938059629135031e-09,32
MLP,mlp,FGSM,0.30,HTTPS,0.30000000928640363,1.225109060662003e-08,0.2999999523162842,0.30000001192092896,0.30000000847141817,1.391789286534877e-08,33
MLP,mlp,FGSM,0.30,rst_flag_number,0.30000000891447065,1.3044542404948272e-08,0.2999999523162842,0.30000001192092896,0.30000001174944274,3.192485920497715e-09,34
MLP,mlp,FGSM,0.30,syn_flag_number,0.300000007083416,1.6276876556536964e-08,0.2999999523162842,0.30000001192092896,0.30000000773270835,1.5234704085534627e-08,35
MLP,mlp,FGSM,0.30,ack_flag_number,0.30000000499486923,1.910117865974143e-08,0.2999999523162842,0.30000001192092896,0.3000000015394184,2.2605541077801488e-08,36
MLP,mlp,FGSM,0.30,UDP,0.3000000049304962,1.9178011116056747e-08,0.2999999523162842,0.30000001192092896,0.2999999972918372,2.565056513227113e-08,37
MLP,mlp,FGSM,0.30,TCP,0.29999999735593796,2.5612538956533926e-08,0.2999999523162842,0.30000001192092896,0.3000000012558066,2.2846137399988716e-08,38
MLP,mlp,FGSM,0.30,IAT,0.0002781457833084725,2.412063017003406e-10,0.0002781450867114371,0.0002781486235181041,0.0002781457687429882,2.5921266510168217e-10,39
MLP,mlp,PGD,0.05,Tot sum,2360.5753998350747,361.67330039519726,0.0,2446.950583398342,2282.1201093740497,483.59373990566365,1
MLP,mlp,PGD,0.05,Variance,2158.9478869301297,275.0029699677279,0.0,2215.90184122324,2070.7800989294774,430.33866596483296,2
MLP,mlp,PGD,0.05,Rate,1198.3112286241785,171.51773423678065,0.0,1237.5991882113158,1143.9897723095369,257.7549801467323,3
MLP,mlp,PGD,0.05,Max,49.29250729079537,6.442681563876737,0.0,50.70019340515137,48.85880614949799,7.481971089524786,4
MLP,mlp,PGD,0.05,Tot size,25.205075279487055,3.286590407681938,0.0,25.90009880065918,24.099343145848252,5.057889144298133,5
MLP,mlp,PGD,0.05,AVG,25.122682638084637,3.524948778696815,0.0,25.90009880065918,23.57258841273774,5.884421120242268,6
MLP,mlp,PGD,0.05,Std,10.176624338085787,1.5129150252998875,0.0,10.525643637098256,9.561257963659058,2.423780362835849,7
MLP,mlp,PGD,0.05,Number,4.26898265122287,0.8042758197571229,1.6763806343078613e-07,4.500001072883606,3.669212853565792,1.369772271393364,8
MLP,mlp,PGD,0.05,Header_Length,0.590537517197019,0.07018175209613234,0.0,0.6040001401901236,0.5740577573310692,0.1014486436385415,9
MLP,mlp,PGD,0.05,Protocol Type,0.5345601439019293,0.07173156985322723,2.0489096641540527e-08,0.5500001311302185,0.5003695189999385,0.1252847782621461,10
MLP,mlp,PGD,0.05,ack_count,0.34132429521262647,0.04253191563596559,1.30385160446167e-08,0.35000133514404297,0.3339864522532661,0.05345299057947555,11
MLP,mlp,PGD,0.05,Min,0.2811883906354755,0.05664217315003968,1.1175870895385742e-08,0.300018310546875,0.2733349501205575,0.06700343549224341,12
MLP,mlp,PGD,0.05,Time_To_Live,0.09347803486477366,0.010868729581980279,0.0,0.0955060119740665,0.09282699777420997,0.012117478848944591,13
MLP,mlp,PGD,0.05,HTTPS,0.0488685861569643,0.005941396442939354,1.862645149230957e-09,0.050000011920928955,0.0475440137745995,0.008372522921889594,14
MLP,mlp,PGD,0.05,SMTP,0.04879280899126082,0.005989113152438067,1.862645149230957e-09,0.05000000074505806,0.04588671008293715,0.010637967220578885,15
MLP,mlp,PGD,0.05,UDP,0.048776058418340984,0.006098598327718612,1.862645149230957e-09,0.050000011920928955,0.047544001949719,0.008191195498880817,16
MLP,mlp,PGD,0.05,ARP,0.0487638686619699,0.006058536105730074,1.862645149230957e-09,0.050000011920928955,0.047733914994974085,0.008046044714532716,17
MLP,mlp,PGD,0.05,rst_count,0.04873409087747335,0.00617343110934492,1.862645149230957e-09,0.0500030517578125,0.046151774278038404,0.010482640948356256,18
MLP,mlp,PGD,0.05,TCP,0.0486874442262575,0.006260948531670257,1.862645149230957e-09,0.050000011920928955,0.04600804011343043,0.010280936313117925,19
MLP,mlp,PGD,0.05,fin_flag_number,0.0486108432245627,0.006574861032164095,1.862645149230957e-09,0.050000011920928955,0.048396699746349685,0.006819394809948468,20
MLP,mlp,PGD,0.05,syn_count,0.048430357844792306,0.006931924857385829,1.862645149230957e-09,0.0500030517578125,0.04417320919985685,0.012522577020137747,21
MLP,mlp,PGD,0.05,IPv,0.04839105470404029,0.0070321873504841535,1.862645149230957e-09,0.050000011920928955,0.045456093335791,0.011272272192078249,22
MLP,mlp,PGD,0.05,LLC,0.04837079161047936,0.006988336113363052,1.862645149230957e-09,0.050000011920928955,0.04645380813027822,0.009863393781788144,23
MLP,mlp,PGD,0.05,DHCP,0.04832792773231864,0.007061433354562427,1.862645149230957e-09,0.05000000074505806,0.04583898268337253,0.010582450029425686,24
MLP,mlp,PGD,0.05,HTTP,0.04826651938669384,0.007278886188777064,1.862645149230957e-09,0.050000011920928955,0.045408375049971646,0.011533677898691905,25
MLP,mlp,PGD,0.05,ece_flag_number,0.0482611206066981,0.0072078077798974835,1.862645149230957e-09,0.05000000074505806,0.04534472601468378,0.011162158666412588,26
MLP,mlp,PGD,0.05,IRC,0.04800875413231551,0.007499831013766928,1.862645149230957e-09,0.05000000074505806,0.043886240073811665,0.012144281532669053,27
MLP,mlp,PGD,0.05,DNS,0.04798987817689777,0.007834209223782775,1.862645149230957e-09,0.050000011920928955,0.045260240708221544,0.01152654915910692,28
MLP,mlp,PGD,0.05,rst_flag_number,0.04788635873325169,0.008161048617978747,1.862645149230957e-09,0.050000011920928955,0.04432186089315856,0.012317604180359478,29
MLP,mlp,PGD,0.05,Telnet,0.047853008962646125,0.007962224143715734,1.862645149230957e-09,0.05000000074505806,0.04335552471088646,0.013130537855570128,30
MLP,mlp,PGD,0.05,ack_flag_number,0.04778162848368287,0.008249882886618326,1.862645149230957e-09,0.050000011920928955,0.042582602054004784,0.013800852323450241,31
MLP,mlp,PGD,0.05,psh_flag_number,0.04773658363144845,0.008229679065127957,1.862645149230957e-09,0.050000011920928955,0.04687022554069549,0.009069038137088238,32
MLP,mlp,PGD,0.05,ICMP,0.04768253030415624,0.008166020970598402,1.862645149230957e-09,0.050000011920928955,0.04499821446160925,0.011349438625452435,33
MLP,mlp,PGD,0.05,IGMP,0.047679346721097825,0.00827727074369508,1.862645149230957e-09,0.05000000074505806,0.04294421809193722,0.013599675893984945,34
MLP,mlp,PGD,0.05,cwr_flag_number,0.04744772029269487,0.008814459490500913,1.862645149230957e-09,0.05000000074505806,0.04181101785285236,0.014543961112113089,35
MLP,mlp,PGD,0.05,syn_flag_number,0.047074849197492004,0.009180249601241633,1.862645149230957e-09,0.050000011920928955,0.04350729797284884,0.012987989574960758,36
MLP,mlp,PGD,0.05,fin_count,0.046874142332710325,0.009667835736988246,1.862645149230957e-09,0.0500030517578125,0.03617624128249776,0.016948096000132747,37
MLP,mlp,PGD,0.05,SSH,0.04559926164515316,0.01146095359750182,1.862645149230957e-09,0.050000011920928955,0.03482941933240565,0.01757635594228472,38
MLP,mlp,PGD,0.05,IAT,4.46041154920955e-05,6.960752732356263e-06,0.0,4.636046179079534e-05,4.012615397688664e-05,1.1933496309497988e-05,39
MLP,mlp,PGD,0.10,Tot sum,4651.365411586851,839.7955471666093,0.0,4893.901166796684,4523.614604958191,1031.2994301336425,1
MLP,mlp,PGD,0.10,Variance,4193.679190534339,794.016786341923,0.0,4431.80368244648,3895.1845472666005,1142.555093625461,2
MLP,mlp,PGD,0.10,Rate,2337.56870561985,443.3402116363303,0.0,2475.1983764226316,2210.7587754908745,587.3682115797402,3
MLP,mlp,PGD,0.10,Max,97.90547598264277,14.520390852983715,0.0,101.40038681030273,96.69876752054064,16.286457795995968,4
MLP,mlp,PGD,0.10,AVG,50.18210558355661,6.9951487200351234,0.0,51.800074100494385,49.48211244211865,8.06051961183208,5
MLP,mlp,PGD,0.10,Tot size,50.08642633220155,7.187024583831755,0.0,51.800074100494385,49.16554221927161,8.595728967402907,6
MLP,mlp,PGD,0.10,Std,20.206288596683386,3.193653021464189,0.0,21.05128727419651,19.40270028091938,4.234258778069093,7
MLP,mlp,PGD,0.10,Number,8.458092727072165,1.695867020834985,3.3527612686157227e-07,9.000002145767212,7.902639650134446,2.28451570757045,8
MLP,mlp,PGD,0.10,Header_Length,1.163662385857232,0.18248296599391314,0.0,1.2080002803802472,1.1479394273263488,0.20947560312502136,9
MLP,mlp,PGD,0.10,Protocol Type,1.060656630058661,0.16144029673973728,4.0978193283081055e-08,1.100000262260437,1.0245473202983446,0.22164731640313928,10
MLP,mlp,PGD,0.10,ack_count,0.6675369938562811,0.11792907558106436,0.0,0.7000026702880859,0.6448324846917877,0.1479399980317605,11
MLP,mlp,PGD,0.10,Min,0.5552274814170599,0.11961987129758316,2.2351741790771484e-08,0.60003662109375,0.5654328374392371,0.10642831414006347,12
MLP,mlp,PGD,0.10,Time_To_Live,0.1797605230230296,0.03504517717757856,7.1153181124827825e-09,0.1910047378623858,0.1635425168763076,0.05064783302237359,13
MLP,mlp,PGD,0.10,UDP,0.09660042870022356,0.014051950547021914,3.725290298461914e-09,0.10000002384185791,0.09403968150761832,0.017538959899351524,14
MLP,mlp,PGD,0.10,fin_flag_number,0.0961088585331291,0.015434539829163678,3.725290298461914e-09,0.10000002384185791,0.0926174792195604,0.020464036639887034,15
MLP,mlp,PGD,0.10,TCP,0.09564037728339433,0.01613169540707023,3.725290298461914e-09,0.10000002384185791,0.08951309756116729,0.024227469545971207,16
MLP,mlp,PGD,0.10,SMTP,0.09545866073712707,0.016178205496710292,3.725290298461914e-09,0.10000000149011612,0.08977407475139469,0.02328604116542868,17
MLP,mlp,PGD,0.10,HTTPS,0.09531444313913584,0.01676706614679832,3.725290298461914e-09,0.10000002384185791,0.08921168591976757,0.024127085752422776,18
MLP,mlp,PGD,0.10,IPv,0.09523800780430436,0.016157374164390833,3.725290298461914e-09,0.10000002384185791,0.08852439333647677,0.02326260850744135,19
MLP,mlp,PGD,0.10,DNS,0.0948731223385781,0.017349233811928044,3.725290298461914e-09,0.10000002384185791,0.08880587727872612,0.024392964767859213,20
MLP,mlp,PGD,0.10,rst_flag_number,0.09472587701372802,0.0176473839941693,3.725290298461914e-09,0.10000002384185791,0.0887846895697341,0.024600026749477547,21
MLP,mlp,PGD,0.10,ece_flag_number,0.09468325008116663,0.0175069701115358,3.725290298461914e-09,0.10000000149011612,0.08838870976399983,0.024550377248944173,22
MLP,mlp,PGD,0.10,cwr_flag_number,0.09455493179179728,0.017379423030043348,3.725290298461914e-09,0.10000000149011612,0.09006922421435204,0.02250912094802418,23
MLP,mlp,PGD,0.10,ICMP,0.09453177251502871,0.017932295704840985,3.725290298461914e-09,0.10000002384185791,0.09097535964272623,0.022071027489145245,24
MLP,mlp,PGD,0.10,syn_count,0.0944322512768209,0.018373137806946716,3.725290298461914e-09,0.10000038146972656,0.08643368217109958,0.0272666952091112,25
MLP,mlp,PGD,0.10,IGMP,0.09402840414717793,0.01853180843245731,3.725290298461914e-09,0.10000000149011612,0.08968335142207859,0.02358610787846567,26
MLP,mlp,PGD,0.10,rst_count,0.09367811910532414,0.020219899081582806,3.725290298461914e-09,0.10000038146972656,0.08428744896582209,0.030193793079846837,27
MLP,mlp,PGD,0.10,IRC,0.09321038535401226,0.019776965844464926,3.725290298461914e-09,0.10000000149011612,0.0838013831019541,0.028886968376092694,28
MLP,mlp,PGD,0.10,ack_flag_number,0.09310798042103648,0.01955008200714165,3.725290298461914e-09,0.10000002384185791,0.08368937968375896,0.02721624605107676,29
MLP,mlp,PGD,0.10,LLC,0.09284127710543573,0.019897427012948325,3.725290298461914e-09,0.10000002384185791,0.083491609701657,0.02749926954457307,30
MLP,mlp,PGD,0.10,ARP,0.09268988946050405,0.020156470354052842,3.725290298461914e-09,0.10000002384185791,0.08284019351216204,0.027637976572758613,31
MLP,mlp,PGD,0.10,Telnet,0.09259583581656218,0.020785953370808283,3.725290298461914e-09,0.10000000149011612,0.08361900360191832,0.02895016458484032,32
MLP,mlp,PGD,0.10,syn_flag_number,0.09259560208499432,0.02064059308207049,3.725290298461914e-09,0.10000002384185791,0.0862813354841325,0.027017204685879734,33
MLP,mlp,PGD,0.10,fin_count,0.0925725683566928,0.020848812780399364,3.725290298461914e-09,0.10000038146972656,0.08186010678523342,0.02976106811045222,34
MLP,mlp,PGD,0.10,DHCP,0.0925516458081454,0.020676450845098653,3.725290298461914e-09,0.10000000149011612,0.08190242838910812,0.02973027707633012,35
MLP,mlp,PGD,0.10,psh_flag_number,0.09252269029326737,0.021641861461783898,3.725290298461914e-09,0.10000002384185791,0.0847745217908192,0.029213350943942326,36
MLP,mlp,PGD,0.10,HTTP,0.09221792697064579,0.021914536667588955,3.725290298461914e-09,0.10000002384185791,0.08229659244387284,0.030794391541070217,37
MLP,mlp,PGD,0.10,SSH,0.08928233417704702,0.024514886489303396,3.725290298461914e-09,0.10000002384185791,0.07874322214593023,0.030956929997883194,38
MLP,mlp,PGD,0.10,IAT,8.527764329332943e-05,2.022471287529979e-05,0.0,9.272092358159068e-05,7.592375540110889e-05,2.8210812125375327e-05,39
MLP,mlp,PGD,0.30,Tot sum,13311.950435541363,3275.085078447904,0.0,14681.703500390053,12991.577831850394,3569.6952071163905,1
MLP,mlp,PGD,0.30,Variance,11535.770355211585,3445.9384187653604,0.0,13294.73484903574,11127.352909514122,3736.8709493951364,2
MLP,mlp,PGD,0.30,Rate,6315.367200548534,2037.0521942636733,0.0,7425.5715240267455,5971.591305796306,2240.9421851612296,3
MLP,mlp,PGD,0.30,Max,268.72601266881264,73.76531848228369,0.0,304.20019340515137,260.84825655558507,79.37115797385896,4
MLP,mlp,PGD,0.30,AVG,141.81048524727737,33.70046189691593,0.0,155.40009880065918,136.8535032527366,38.22859804715586,5
MLP,mlp,PGD,0.30,Tot size,138.65767500226835,36.98209331144549,0.0,155.40009880065918,132.9350189887812,41.30112511978142,6
MLP,mlp,PGD,0.30,Std,54.16266408891957,16.587128515483677,0.0,63.153661062635365,51.12266017073959,18.284693842634773,7
MLP,mlp,PGD,0.30,Number,23.624865600564704,6.803182809781505,0.0,27.000006437301636,22.995054357236587,7.224413684188564,8
MLP,mlp,PGD,0.30,Header_Length,3.4621189552374254,0.5662015155056591,0.0,3.6240008411407416,3.4308756190504552,0.6237133656862444,9
MLP,mlp,PGD,0.30,Protocol Type,2.923567511446476,0.8008154509903379,0.0,3.3000001311302185,2.8689170351473012,0.846634875871058,10
MLP,mlp,PGD,0.30,ack_count,1.81483632214427,0.561069367583987,0.0,2.100001335144043,1.7119648743498752,0.6289247322076569,11
MLP,mlp,PGD,0.30,Min,1.4779811784768104,0.5476003542816628,0.0,1.800018310546875,1.4153496515411694,0.5795335291459923,12
MLP,mlp,PGD,0.30,Time_To_Live,0.4987546180568197,0.14819435934476163,0.0,0.5730069275014102,0.4821352147249784,0.15994883360051496,13
MLP,mlp,PGD,0.30,TCP,0.2756650955194235,0.06266930107471314,0.0,0.30000001192092896,0.2685291035171482,0.06963156188840154,14
MLP,mlp,PGD,0.30,ICMP,0.26876733192503455,0.06904219432098035,0.0,0.30000001192092896,0.2665300069291666,0.07072291794895572,15
MLP,mlp,PGD,0.30,UDP,0.2684111936867237,0.07188697014074057,0.0,0.30000001192092896,0.25867960558015607,0.07960502364210376,16
MLP,mlp,PGD,0.30,syn_count,0.26752155867159366,0.07191525353041255,0.0,0.3000030517578125,0.25826650726290035,0.07891935309201872,17
MLP,mlp,PGD,0.30,syn_flag_number,0.26679418446719644,0.07076242713221932,0.0,0.30000001192092896,0.2621849405530347,0.07337655241575303,18
MLP,mlp,PGD,0.30,ece_flag_number,0.2642870846617222,0.07390177468564157,0.0,0.30000001192092896,0.25260904939674883,0.08213089627411746,19
MLP,mlp,PGD,0.30,DHCP,0.2639313890641928,0.07453913013352034,0.0,0.30000001192092896,0.2553098895224645,0.08052897943397543,20
MLP,mlp,PGD,0.30,SMTP,0.2637992780125141,0.07465000000764968,0.0,0.30000001192092896,0.2550940469037814,0.08110999652759102,21
MLP,mlp,PGD,0.30,fin_flag_number,0.2624948415273428,0.07613577475042203,0.0,0.30000001192092896,0.24908687135635907,0.08516196379814676,22
MLP,mlp,PGD,0.30,rst_count,0.2624628153944015,0.07851131107181274,0.0,0.3000030517578125,0.24885452640014574,0.08807618883173518,23
MLP,mlp,PGD,0.30,ack_flag_number,0.2620469511973858,0.07868906060460254,0.0,0.30000001192092896,0.255732751363555,0.08364977220440113,24
MLP,mlp,PGD,0.30,HTTP,0.26159147174477576,0.0763842760059125,0.0,0.30000001192092896,0.25158728094108346,0.0827812823573408,25
MLP,mlp,PGD,0.30,rst_flag_number,0.26121438750982284,0.07805961418713651,0.0,0.30000001192092896,0.2552750811219969,0.08244449647157431,26
MLP,mlp,PGD,0.30,cwr_flag_number,0.2608738466012478,0.07793688803179656,0.0,0.30000001192092896,0.2521869920136168,0.08403151529796204,27
MLP,mlp,PGD,0.30,IRC,0.2604532010048628,0.07723850346439702,0.0,0.30000001192092896,0.2499737578112603,0.0839028813301025,28
MLP,mlp,PGD,0.30,HTTPS,0.25653764030516146,0.08548488800515464,0.0,0.30000001192092896,0.24415814954649787,0.09323589052013646,29
MLP,mlp,PGD,0.30,IPv,0.2554535649526119,0.08020130783658344,0.0,0.30000001192092896,0.24146507155324118,0.08789092547869914,30
MLP,mlp,PGD,0.30,Telnet,0.25538768767774106,0.08103981562011418,0.0,0.30000001192092896,0.24529538176508062,0.086790709642932,31
MLP,mlp,PGD,0.30,IGMP,0.25468889428019525,0.08373512588763969,0.0,0.30000001192092896,0.24335901582602715,0.09087583913369314,32
MLP,mlp,PGD,0.30,psh_flag_number,0.2534921790409088,0.08507169240132174,0.0,0.30000001192092896,0.2473819819686695,0.08812664129928562,33
MLP,mlp,PGD,0.30,DNS,0.2533563073885441,0.08311223314307709,0.0,0.30000001192092896,0.23876140958897712,0.09118556228401763,34
MLP,mlp,PGD,0.30,ARP,0.24895119885742664,0.085535680760232,0.0,0.30000001192092896,0.2335670457234251,0.09279610170195801,35
MLP,mlp,PGD,0.30,fin_count,0.24755668124854566,0.08895585077627215,0.0,0.3000030517578125,0.22891313707227692,0.09759704191168371,36
MLP,mlp,PGD,0.30,SSH,0.2439879732811451,0.08755515085682107,0.0,0.30000001192092896,0.22980901298606007,0.09322096414133599,37
MLP,mlp,PGD,0.30,LLC,0.24170354915559292,0.08971404688876969,0.0,0.30000001192092896,0.22482954434586638,0.09561628570282397,38
MLP,mlp,PGD,0.30,IAT,0.0002426042271032377,7.022745871927802e-05,0.0,0.0002781486235181041,0.00023194869116967924,7.724042529047042e-05,39
CNN-LSTM,serial,CW,0,Variance,4239.011403204169,5670.056698474056,0.0,41918.864111742005,7337.591712358742,6282.183993722771,1
CNN-LSTM,serial,CW,0,Tot sum,2534.0283945935653,3529.0771454624937,0.0,36205.28106594086,3614.3702066872606,3842.7079168618648,2
CNN-LSTM,serial,CW,0,Rate,1049.1729409311154,1404.8856118253816,0.0,13401.86754815567,1583.4282692744207,1617.5713559021747,3
CNN-LSTM,serial,CW,0,Max,66.73829979736536,96.28617880106738,0.0,775.4064602851868,95.7764506801658,104.91441462576876,4
CNN-LSTM,serial,CW,0,Tot size,46.57646219580978,65.00678909308743,0.0,373.4865837395191,80.31614498769396,73.9078629743806,5
CNN-LSTM,serial,CW,0,AVG,34.927932448496605,57.08747658084262,0.0,428.6906261444092,54.303107525207736,64.50902493972757,6
CNN-LSTM,serial,CW,0,Std,13.775043780212194,19.62127904849725,0.0,153.47210133381668,22.040177397498354,21.25692255308863,7
CNN-LSTM,serial,CW,0,Number,8.769058868646196,16.03624538650634,0.0,111.73680424690247,16.819645953609065,21.555674646142336,8
CNN-LSTM,serial,CW,0,Header_Length,0.4607486068068031,0.8942765497935172,0.0,6.9860371124599965,0.7199978643279691,1.0875365642473336,9
CNN-LSTM,serial,CW,0,Min,0.30295390021932056,0.5498265251730551,0.0,7.386775016784668,0.47123184087046743,0.6763956453900828,10
CNN-LSTM,serial,CW,0,Protocol Type,0.24780307448981498,0.419389432868848,0.0,3.9433728456497192,0.32806050049278584,0.47413190673270217,11
CNN-LSTM,serial,CW,0,ack_count,0.16243475018510528,0.23810989244057398,0.0,2.66708280146122,0.2568612332359042,0.2884174700900431,12
CNN-LSTM,serial,CW,0,TCP,0.09371985608160256,0.12995491467023795,0.0,0.7794816195964813,0.17384844706948938,0.1508965914375693,13
CNN-LSTM,serial,CW,0,UDP,0.05635829648875369,0.08387147747159009,0.0,0.47052517533302307,0.10367170409436859,0.1001280419480676,14
CNN-LSTM,serial,CW,0,LLC,0.05394483510901922,0.07837682114069425,0.0,0.5922890901565552,0.08163606707704982,0.08490988606173251,15
CNN-LSTM,serial,CW,0,IGMP,0.05045091344821463,0.0799600142417114,0.0,0.6077171564102173,0.07720967228342066,0.09165779730379263,16
CNN-LSTM,serial,CW,0,ICMP,0.049214179312360794,0.07436921836606378,0.0,0.5055324137210846,0.07603667370282284,0.08445937119848873,17
CNN-LSTM,serial,CW,0,DHCP,0.047193408884276596,0.06322486520786755,0.0,0.4125099182128906,0.07663610413607709,0.06847075290917777,18
CNN-LSTM,serial,CW,0,IRC,0.044904129557748126,0.05879832815397909,0.0,0.35426902770996094,0.07621114700079928,0.06580104565297488,19
CNN-LSTM,serial,CW,0,Time_To_Live,0.0431535170333582,0.07301433903753823,0.0,0.7443905922125396,0.06607707510764564,0.08824908127896015,20
CNN-LSTM,serial,CW,0,IPv,0.040646506380563184,0.054886986110886896,0.0,0.4711898863315582,0.059735413820656426,0.05865694264064072,21
CNN-LSTM,serial,CW,0,ARP,0.040016641246497675,0.05841512212119871,0.0,0.5034412145614624,0.05970735377541082,0.06261344801147083,22
CNN-LSTM,serial,CW,0,SSH,0.039461378557929236,0.049976163998816416,0.0,0.345684289932251,0.061394929046186035,0.054876408602239427,23
CNN-LSTM,serial,CW,0,SMTP,0.033646652763294184,0.04353665920696352,0.0,0.3500191271305084,0.048469718073536096,0.04780897420269142,24
CNN-LSTM,serial,CW,0,Telnet,0.031273602648414174,0.04330624841568117,0.0,0.4255589544773102,0.047345652329660926,0.05062812786346564,25
CNN-LSTM,serial,CW,0,syn_flag_number,0.03099509829807306,0.040541067829090886,0.0,0.5047445893287659,0.04722946153380703,0.044878324079225054,26
CNN-LSTM,serial,CW,0,cwr_flag_number,0.02962172634286704,0.04043403501465517,0.0,0.3533267378807068,0.046051749972652364,0.04866177613121809,27
CNN-LSTM,serial,CW,0,DNS,0.02702499869275729,0.04165127660560479,0.0,0.35307905077934265,0.042570533216253016,0.04991582653716415,28
CNN-LSTM,serial,CW,0,ece_flag_number,0.026881808717450113,0.04045702207928959,0.0,0.35357004404067993,0.04695532899065634,0.049231527802365546,29
CNN-LSTM,serial,CW,0,rst_flag_number,0.026830261342421637,0.037590016013614,0.0,0.5458046197891235,0.041836000795452834,0.042879388000930954,30
CNN-LSTM,serial,CW,0,fin_flag_number,0.026650046826562537,0.03849158096658225,0.0,0.35792797803878784,0.044270273380027425,0.04757563619685457,31
CNN-LSTM,serial,CW,0,ack_flag_number,0.026427593090094015,0.03965845621598486,0.0,0.3707934617996216,0.04492865041069999,0.04762698237504172,32
CNN-LSTM,serial,CW,0,HTTPS,0.026168940480041602,0.04082963465788339,0.0,0.6837415993213654,0.041177051494289664,0.04816291555146485,33
CNN-LSTM,serial,CW,0,HTTP,0.02548148687937506,0.03885780441330835,0.0,0.44910430908203125,0.035208197838016805,0.04412333720225114,34
CNN-LSTM,serial,CW,0,psh_flag_number,0.023656661363653256,0.036228023575912774,0.0,0.2929958701133728,0.03726129055087565,0.0437613548204852,35
CNN-LSTM,serial,CW,0,rst_count,0.02051244629016307,0.03511657871521629,0.0,0.4112597405910492,0.02989835102381419,0.03935643125549465,36
CNN-LSTM,serial,CW,0,syn_count,0.02042874911706749,0.03469075737503542,0.0,0.2975533604621887,0.03408559601014541,0.04036552906120142,37
CNN-LSTM,serial,CW,0,fin_count,0.019842417610307184,0.035108423192339165,0.0,0.3515838384628296,0.03134034336166139,0.04060585344884427,38
CNN-LSTM,serial,CW,0,IAT,6.139187686407477e-05,9.826936305684863e-05,0.0,0.0008507640333645155,0.00010784750035256916,0.00012427512877943045,39
CNN-LSTM,serial,FGSM,0.05,Tot sum,2446.949588801539,0.0009989833219510463,2446.9476664066315,2446.953500390053,2446.950029602581,0.0002551291742341733,1
CNN-LSTM,serial,FGSM,0.05,Variance,2215.7675901991834,0.015786215728523394,2215.2256429195404,2215.90184122324,2215.7663595954,0.010895465952871223,2
CNN-LSTM,serial,FGSM,0.05,Rate,1237.5943793884846,0.001076702847500833,1237.5755829701666,1237.5991882113158,1237.5943055422574,0.0016175212380678222,3
CNN-LSTM,serial,FGSM,0.05,Max,50.699991905729995,3.0992845051163076e-05,50.69995164871216,50.70019340515137,50.699995287041645,2.9954088391982225e-05,4
CNN-LSTM,serial,FGSM,0.05,Tot size,25.89999688576964,1.2444620619093373e-05,25.899975299835205,25.90009880065918,25.89999906066737,8.972624841445549e-06,5
CNN-LSTM,serial,FGSM,0.05,AVG,25.899996342209214,1.2716857555909547e-05,25.899975299835205,25.90009880065918,25.899999115128505,9.000856282257463e-06,6
CNN-LSTM,serial,FGSM,0.05,Std,10.525602691657385,9.089356862342456e-06,10.525442877144087,10.525643637098256,10.52560439386879,9.16385019545908e-06,7
CNN-LSTM,serial,FGSM,0.05,Number,4.499999549680576,1.605048878352711e-06,4.499995708465576,4.500001072883606,4.499999572707352,1.5846209109155646e-06,8
CNN-LSTM,serial,FGSM,0.05,Header_Length,0.6039998501356295,3.0753905542138526e-07,0.6039994201660193,0.6040001401901236,0.6039998852660869,2.8225626935300565e-07,9
CNN-LSTM,serial,FGSM,0.05,Protocol Type,0.5499999164290726,2.2583114529776422e-07,0.549999475479126,0.5500001311302185,0.54999997431374,1.796269453002642e-07,10
CNN-LSTM,serial,FGSM,0.05,ack_count,0.3500001323273778,4.7045093975979925e-07,0.34999966621398926,0.35000133514404297,0.3499999945551009,2.8609389229429506e-07,11
CNN-LSTM,serial,FGSM,0.05,Min,0.3000011307540536,4.948149501484567e-06,0.2999267578125,0.300018310546875,0.30000007519798555,2.0845574571344886e-06,12
CNN-LSTM,serial,FGSM,0.05,Time_To_Live,0.09550016600884935,8.865003116762911e-07,0.09549872588831931,0.0955060119740665,0.09550019053886784,1.0822474842198115e-06,13
CNN-LSTM,serial,FGSM,0.05,syn_count,0.05000039496958256,1.0399930091490976e-06,0.049999237060546875,0.0500030517578125,0.05000100503203038,1.4508642534527499e-06,14
CNN-LSTM,serial,FGSM,0.05,rst_count,0.05000014368772507,6.774189261790044e-07,0.049999237060546875,0.0500030517578125,0.05000000460518853,1.9522527502225208e-07,15
CNN-LSTM,serial,FGSM,0.05,fin_count,0.050000140562057496,6.435307264512047e-07,0.049999237060546875,0.0500030517578125,0.04999999965576097,3.705029384777554e-08,16
CNN-LSTM,serial,FGSM,0.05,IRC,0.05000000074505806,0.0,0.05000000074505806,0.05000000074505806,0.05000000074505806,0.0,17
CNN-LSTM,serial,FGSM,0.05,SMTP,0.05000000074505806,0.0,0.05000000074505806,0.05000000074505806,0.05000000074505806,0.0,18
CNN-LSTM,serial,FGSM,0.05,ece_flag_number,0.05000000074505806,0.0,0.05000000074505806,0.05000000074505806,0.05000000074505806,0.0,19
CNN-LSTM,serial,FGSM,0.05,cwr_flag_number,0.05000000074505806,0.0,0.05000000074505806,0.05000000074505806,0.05000000074505806,0.0,20
CNN-LSTM,serial,FGSM,0.05,Telnet,0.05000000074505806,0.0,0.05000000074505806,0.05000000074505806,0.05000000074505806,0.0,21
CNN-LSTM,serial,FGSM,0.05,IGMP,0.05000000074505806,0.0,0.05000000074505806,0.05000000074505806,0.05000000074505806,0.0,22
CNN-LSTM,serial,FGSM,0.05,DHCP,0.05000000074505806,0.0,0.05000000074505806,0.05000000074505806,0.05000000074505806,0.0,23
CNN-LSTM,serial,FGSM,0.05,SSH,0.05000000074192881,5.580392156830474e-10,0.04999995231628418,0.050000011920928955,0.05000000074505806,0.0,24
CNN-LSTM,serial,FGSM,0.05,DNS,0.050000000736564396,7.73164249347193e-10,0.04999995231628418,0.050000011920928955,0.05000000075298983,2.9762657758677423e-10,25
CNN-LSTM,serial,FGSM,0.05,ARP,0.050000000735223295,7.633939777718657e-10,0.04999995231628418,0.050000011920928955,0.050000000722584696,1.3405253720038167e-09,26
CNN-LSTM,serial,FGSM,0.05,IPv,0.050000000729113814,1.0448206189822994e-09,0.04999995231628418,0.050000011920928955,0.05000000067102816,2.0709545571600042e-09,27
CNN-LSTM,serial,FGSM,0.05,LLC,0.05000000072672963,1.086455823034544e-09,0.04999995231628418,0.050000011920928955,0.05000000067102816,2.0709545571600042e-09,28
CNN-LSTM,serial,FGSM,0.05,fin_flag_number,0.05000000016957522,6.808110384766026e-09,0.04999995231628418,0.050000011920928955,0.05000000071068703,1.2897151695426723e-09,29
CNN-LSTM,serial,FGSM,0.05,rst_flag_number,0.05000000010162592,7.499748471948023e-09,0.04999995231628418,0.050000011920928955,0.050000000394738,4.96422825706476e-09,30
CNN-LSTM,serial,FGSM,0.05,psh_flag_number,0.04999999986752868,8.015169191603414e-09,0.04999995231628418,0.050000011920928955,0.05000000052825621,3.445396426822829e-09,31
CNN-LSTM,serial,FGSM,0.05,HTTP,0.049999999862760304,7.938930848009896e-09,0.04999995231628418,0.050000011920928955,0.05000000004441794,7.219050156997318e-09,32
CNN-LSTM,serial,FGSM,0.05,syn_flag_number,0.04999999956160784,1.1043836192434373e-08,0.04999995231628418,0.050000011920928955,0.050000002894569066,1.0117979302021216e-08,33
CNN-LSTM,serial,FGSM,0.05,ICMP,0.049999999194294216,1.0228287027257197e-08,0.04999995231628418,0.050000011920928955,0.05000000072787255,9.121282536518219e-10,34
CNN-LSTM,serial,FGSM,0.05,HTTPS,0.04999999881505966,1.1612628648075622e-08,0.04999995231628418,0.050000011920928955,0.04999999783145273,1.4166587735763344e-08,35
CNN-LSTM,serial,FGSM,0.05,ack_flag_number,0.049999997395277024,1.5570001930190725e-08,0.04999995231628418,0.050000011920928955,0.04999999531575811,1.732390545328318e-08,36
CNN-LSTM,serial,FGSM,0.05,UDP,0.049999996680766344,1.5266564625313673e-08,0.04999995231628418,0.050000011920928955,0.04999999097839918,2.0601067471450778e-08,37
CNN-LSTM,serial,FGSM,0.05,TCP,0.0499999955907464,2.038796995693972e-08,0.04999995231628418,0.050000011920928955,0.04999999181784536,2.048834468107895e-08,38
CNN-LSTM,serial,FGSM,0.05,IAT,4.6357610726516156e-05,2.418699408423732e-10,4.6356924984128356e-05,4.636046179079534e-05,4.635762166777876e-05,1.51726422239736e-10,39
CNN-LSTM,serial,FGSM,0.10,Tot sum,4893.900355537172,0.0005935355993918933,4893.895332813263,4893.901166796684,4893.9001026796295,0.00040656132260848924,1
CNN-LSTM,serial,FGSM,0.10,Variance,4431.533701109008,0.013297334287810604,4431.46558329463,4431.80368244648,4431.533622042811,0.015982087627968183,2
CNN-LSTM,serial,FGSM,0.10,Rate,2475.189074140598,0.0010817147000817167,2475.151165940333,2475.1983764226316,2475.1891133055187,0.0011330683977609935,3
CNN-LSTM,serial,FGSM,0.10,Max,101.39999968144812,2.8205620058425058e-05,101.39990329742432,101.40038681030273,101.39999276397222,3.293397870758738e-05,4
CNN-LSTM,serial,FGSM,0.10,Tot size,51.80000276271073,1.0658589646894207e-05,51.79995059967041,51.800074100494385,51.7999995581324,1.0715160000150056e-05,5
CNN-LSTM,serial,FGSM,0.10,AVG,51.80000226658235,1.0816987227202862e-05,51.79995059967041,51.8000123500824,51.79999921874567,1.0651690699831128e-05,6
CNN-LSTM,serial,FGSM,0.10,Std,21.051203365481307,1.025181402753926e-05,21.051186894219427,21.05128727419651,21.051205749406638,1.0064524855922364e-05,7
CNN-LSTM,serial,FGSM,0.10,Number,9.000000641473756,8.755481948834834e-07,8.999996781349182,9.000002145767212,9.000000952521422,9.915678854346253e-07,8
CNN-LSTM,serial,FGSM,0.10,Header_Length,1.2080001396750855,1.8857028330929725e-07,1.2079988403320385,1.2080002803802472,1.2080000862396072,1.776208267579235e-07,9
CNN-LSTM,serial,FGSM,0.10,Protocol Type,1.0999999681714177,3.386196746740295e-07,1.099998950958252,1.100000262260437,1.1000000524624634,1.471908013159173e-07,10
CNN-LSTM,serial,FGSM,0.10,ack_count,0.7000001934498549,7.169228925410795e-07,0.6999993324279785,0.7000026702880859,0.700000172001114,5.573374358499293e-07,11
CNN-LSTM,serial,FGSM,0.10,Min,0.599999591472745,4.591062726635332e-06,0.5999908447265625,0.60003662109375,0.600000455590361,4.071881034646187e-06,12
CNN-LSTM,serial,FGSM,0.10,Time_To_Live,0.19100026705281706,7.354622633608979e-07,0.19099745177663863,0.1910047378623858,0.19100018553140324,9.400741250772543e-07,13
CNN-LSTM,serial,FGSM,0.10,TCP,0.10000001182377338,1.114409110114395e-08,0.10000000149011612,0.10000002384185791,0.1000000062890394,9.17794255023114e-09,14
CNN-LSTM,serial,FGSM,0.10,ack_flag_number,0.1000000068116188,9.519793229578166e-09,0.10000000149011612,0.10000002384185791,0.10000000910708035,1.059406785118783e-08,15
CNN-LSTM,serial,FGSM,0.10,UDP,0.10000000554472208,8.613226805466794e-09,0.10000000149011612,0.10000002384185791,0.10000000565232722,8.701072728158945e-09,16
CNN-LSTM,serial,FGSM,0.10,syn_flag_number,0.10000000476419926,7.903280363230672e-09,0.10000000149011612,0.10000002384185791,0.10000000937434225,1.0680129448873638e-08,17
CNN-LSTM,serial,FGSM,0.10,HTTPS,0.10000000424385071,7.346271864055751e-09,0.10000000149011612,0.10000002384185791,0.10000000565232722,8.701072728158945e-09,18
CNN-LSTM,serial,FGSM,0.10,ICMP,0.10000000352412462,6.4285645573711654e-09,0.10000000149011612,0.10000002384185791,0.10000000150976773,6.624662542589347e-10,19
CNN-LSTM,serial,FGSM,0.10,rst_flag_number,0.10000000284016132,5.324776028721132e-09,0.10000000149011612,0.10000002384185791,0.10000000237050827,4.34778192742255e-09,20
CNN-LSTM,serial,FGSM,0.10,psh_flag_number,0.10000000282496214,5.2966328612960916e-09,0.10000000149011612,0.10000002384185791,0.10000000197354574,3.251428887448506e-09,21
CNN-LSTM,serial,FGSM,0.10,HTTP,0.10000000276774168,5.18891410276841e-09,0.10000000149011612,0.10000002384185791,0.10000000319587592,5.934398533985058e-09,22
CNN-LSTM,serial,FGSM,0.10,fin_flag_number,0.10000000253260136,4.7132351279366225e-09,0.10000000149011612,0.10000002384185791,0.10000000149797676,4.1909103999451923e-10,23
CNN-LSTM,serial,FGSM,0.10,LLC,0.10000000151067973,6.776499615945339e-10,0.10000000149011612,0.10000002384185791,0.10000000153334966,9.820773152711216e-10,24
CNN-LSTM,serial,FGSM,0.10,IPv,0.10000000151067973,6.776499615945339e-10,0.10000000149011612,0.10000002384185791,0.10000000153334966,9.820773152711216e-10,25
CNN-LSTM,serial,FGSM,0.10,DNS,0.10000000150173903,5.095655952128078e-10,0.10000000149011612,0.10000002384185791,0.10000000151369805,7.256315601235753e-10,26
CNN-LSTM,serial,FGSM,0.10,ARP,0.10000000149905681,4.469454199058295e-10,0.10000000149011612,0.10000002384185791,0.10000000151762838,7.837026790812813e-10,27
CNN-LSTM,serial,FGSM,0.10,SSH,0.10000000149816275,4.2401813850635696e-10,0.10000000149011612,0.10000002384185791,0.10000000149011612,0.0,28
CNN-LSTM,serial,FGSM,0.10,IRC,0.10000000149011612,0.0,0.10000000149011612,0.10000000149011612,0.10000000149011612,0.0,29
CNN-LSTM,serial,FGSM,0.10,SMTP,0.10000000149011612,0.0,0.10000000149011612,0.10000000149011612,0.10000000149011612,0.0,30
CNN-LSTM,serial,FGSM,0.10,ece_flag_number,0.10000000149011612,0.0,0.10000000149011612,0.10000000149011612,0.10000000149011612,0.0,31
CNN-LSTM,serial,FGSM,0.10,cwr_flag_number,0.10000000149011612,0.0,0.10000000149011612,0.10000000149011612,0.10000000149011612,0.0,32
CNN-LSTM,serial,FGSM,0.10,Telnet,0.10000000149011612,0.0,0.10000000149011612,0.10000000149011612,0.10000000149011612,0.0,33
CNN-LSTM,serial,FGSM,0.10,IGMP,0.10000000149011612,0.0,0.10000000149011612,0.10000000149011612,0.10000000149011612,0.0,34
CNN-LSTM,serial,FGSM,0.10,DHCP,0.10000000149011612,0.0,0.10000000149011612,0.10000000149011612,0.10000000149011612,0.0,35
CNN-LSTM,serial,FGSM,0.10,fin_count,0.09999993142604828,3.2400331483172033e-07,0.09999847412109375,0.10000038146972656,0.1000000028395267,3.310538512954145e-08,36
CNN-LSTM,serial,FGSM,0.10,rst_count,0.09999991984844207,3.618442421859928e-07,0.09999847412109375,0.10000038146972656,0.09999998836939084,1.8554937580677797e-07,37
CNN-LSTM,serial,FGSM,0.10,syn_count,0.0999997967684269,5.310545500067798e-07,0.09999847412109375,0.10000038146972656,0.099999539979904,7.178145383898205e-07,38
CNN-LSTM,serial,FGSM,0.10,IAT,9.271526324270508e-05,2.394538146744447e-10,9.271384996825671e-05,9.272092358159068e-05,9.271528709424532e-05,2.439419765362382e-10,39
CNN-LSTM,serial,FGSM,0.30,Tot sum,14681.70048649419,0.0012891825014154424,14681.697666406631,14681.703500390053,14681.700545365544,0.000582866730142523,1
CNN-LSTM,serial,FGSM,0.30,Variance,13294.60085559836,0.015774905255491575,13294.05865073204,13294.73484903574,13294.599416461155,0.016726340735592315,2
CNN-LSTM,serial,FGSM,0.30,Rate,7425.56709957286,0.001134500671975368,7425.547918785596,7425.5715240267455,7425.567098305539,0.0015057833210385914,3
CNN-LSTM,serial,FGSM,0.30,Max,304.2000074848927,3.0498152669592847e-05,304.19995164871216,304.20019340515137,304.200010374634,2.881371351881371e-05,4
CNN-LSTM,serial,FGSM,0.30,Tot size,155.40000633234763,1.5272847750855564e-05,155.3999752998352,155.40009880065918,155.40000746826027,1.1862186515753945e-05,5
CNN-LSTM,serial,FGSM,0.30,AVG,155.40000514399716,1.6014736383787656e-05,155.3999752998352,155.40009880065918,155.40000601674026,1.2175403048008654e-05,6
CNN-LSTM,serial,FGSM,0.30,Std,63.15362227713814,9.524112446108926e-06,63.1534603026812,63.153661062635365,63.153624939766324,1.001532931896129e-05,7
CNN-LSTM,serial,FGSM,0.30,Number,27.00000030327402,1.8859439133197121e-06,26.999995708465576,27.000006437301636,26.999999667233553,2.368713904721348e-06,8
CNN-LSTM,serial,FGSM,0.30,Header_Length,3.624000218742577,4.1906974101400227e-07,3.623999401092533,3.6240008411407416,3.6240002001441183,3.7697956925646215e-07,9
CNN-LSTM,serial,FGSM,0.30,Protocol Type,3.2999999889850615,2.6071325740435534e-07,3.299999475479126,3.3000001311302185,3.3000000572878614,2.0584388212095728e-07,10
CNN-LSTM,serial,FGSM,0.30,ack_count,2.1000002132183315,4.488523772376554e-07,2.0999979972839355,2.100001335144043,2.100000227761102,4.80448729387924e-07,11
CNN-LSTM,serial,FGSM,0.30,Min,1.8000011851358413,4.935892357312305e-06,1.7999267578125,1.800018310546875,1.8000002151988963,2.4978788755325004e-06,12
CNN-LSTM,serial,FGSM,0.30,Time_To_Live,0.573001095911666,8.87838313033061e-07,0.5729996414156631,0.5730069275014102,0.5730010821588603,1.0979068525232304e-06,13
CNN-LSTM,serial,FGSM,0.30,syn_count,0.3000004027819633,1.037040053103277e-06,0.2999992370605469,0.3000030517578125,0.3000003761457636,1.0154626830011383e-06,14
CNN-LSTM,serial,FGSM,0.30,rst_count,0.3000001534152031,6.753736354420191e-07,0.2999992370605469,0.3000030517578125,0.3000000369784842,3.9002055832228344e-07,15
CNN-LSTM,serial,FGSM,0.30,fin_count,0.30000015028238297,6.414263876554525e-07,0.2999992370605469,0.3000030517578125,0.3000000292422284,2.6077930087295315e-07,16
CNN-LSTM,serial,FGSM,0.30,IRC,0.30000001192092896,0.0,0.30000001192092896,0.30000001192092896,0.30000001192092896,0.0,17
CNN-LSTM,serial,FGSM,0.30,SMTP,0.30000001192092896,0.0,0.30000001192092896,0.30000001192092896,0.30000001192092896,0.0,18
CNN-LSTM,serial,FGSM,0.30,ece_flag_number,0.30000001192092896,0.0,0.30000001192092896,0.30000001192092896,0.30000001192092896,0.0,19
CNN-LSTM,serial,FGSM,0.30,cwr_flag_number,0.30000001192092896,0.0,0.30000001192092896,0.30000001192092896,0.30000001192092896,0.0,20
CNN-LSTM,serial,FGSM,0.30,Telnet,0.30000001192092896,0.0,0.30000001192092896,0.30000001192092896,0.30000001192092896,0.0,21
CNN-LSTM,serial,FGSM,0.30,IGMP,0.30000001192092896,0.0,0.30000001192092896,0.30000001192092896,0.30000001192092896,0.0,22
CNN-LSTM,serial,FGSM,0.30,DHCP,0.30000001192092896,0.0,0.30000001192092896,0.30000001192092896,0.30000001192092896,0.0,23
CNN-LSTM,serial,FGSM,0.30,SSH,0.3000000119137764,6.528969921658562e-10,0.2999999523162842,0.30000001192092896,0.30000001192092896,0.0,24
CNN-LSTM,serial,FGSM,0.30,ARP,0.30000001190662384,9.232803726954249e-10,0.2999999523162842,0.30000001192092896,0.30000001189364056,1.2750566895019526e-09,25
CNN-LSTM,serial,FGSM,0.30,DNS,0.30000001190662384,9.232803726953023e-10,0.2999999523162842,0.30000001192092896,0.30000001191410686,6.376378386710196e-10,26
CNN-LSTM,serial,FGSM,0.30,IPv,0.30000001189470293,1.250002485319136e-09,0.2999999523162842,0.30000001192092896,0.30000001186635217,1.8027894528988433e-09,27
CNN-LSTM,serial,FGSM,0.30,LLC,0.30000001189231873,1.3055588920429366e-09,0.2999999523162842,0.30000001192092896,0.30000001186635217,1.8027894528988433e-09,28
CNN-LSTM,serial,FGSM,0.30,fin_flag_number,0.30000001082420347,8.010438499038086e-09,0.2999999523162842,0.30000001192092896,0.30000001189364056,1.2750566895019526e-09,29
CNN-LSTM,serial,FGSM,0.30,rst_flag_number,0.3000000106024742,8.766282203262703e-09,0.2999999523162842,0.30000001192092896,0.30000001129329623,6.084069701110926e-09,30
CNN-LSTM,serial,FGSM,0.30,HTTP,0.30000001039981844,9.399546575464156e-09,0.2999999523162842,0.30000001192092896,0.3000000096764597,1.1346503954745847e-08,31
CNN-LSTM,serial,FGSM,0.30,psh_flag_number,0.30000001037597657,9.470979920748189e-09,0.2999999523162842,0.30000001192092896,0.30000000823017553,1.4365388504970047e-08,32
CNN-LSTM,serial,FGSM,0.30,ICMP,0.30000000935316085,1.2101961505607349e-08,0.2999999523162842,0.30000001192092896,0.30000001183906383,2.2074511886153588e-09,33
CNN-LSTM,serial,FGSM,0.30,syn_flag_number,0.30000000910043717,1.2655403483853733e-08,0.2999999523162842,0.30000001192092896,0.3000000100516749,1.0388556837051743e-08,34
CNN-LSTM,serial,FGSM,0.30,HTTPS,0.3000000086140633,1.3644383247108925e-08,0.2999999523162842,0.30000001192092896,0.30000000717275077,1.6139029640869865e-08,35
CNN-LSTM,serial,FGSM,0.30,ack_flag_number,0.30000000591039655,1.7947956649416943e-08,0.2999999523162842,0.30000001192092896,0.30000000207664573,2.2132670238926264e-08,36
CNN-LSTM,serial,FGSM,0.30,UDP,0.3000000058293343,1.8054911022556504e-08,0.2999999523162842,0.30000001192092896,0.30000000540582816,1.859794963977741e-08,37
CNN-LSTM,serial,FGSM,0.30,TCP,0.3000000015997887,2.2553535504432388e-08,0.2999999523162842,0.30000001192092896,0.30000000235635166,2.187720489349496e-08,38
CNN-LSTM,serial,FGSM,0.30,IAT,0.0002781457826810532,2.4240136113824345e-10,0.0002781450867114371,0.0002781486235181041,0.0002781457666405069,3.236089830853679e-10,39
CNN-LSTM,serial,PGD,0.05,Tot sum,2314.2356459073158,409.2412209620706,0.0,2446.953500390053,2170.3607187677567,527.2888260490993,1
CNN-LSTM,serial,PGD,0.05,Variance,2149.730288688911,295.6291028106316,0.0,2215.90184122324,2022.6043642891414,493.53868615069644,2
CNN-LSTM,serial,PGD,0.05,Rate,1157.5728499790332,240.21297514245455,0.0,1237.5991882113158,1133.5588580217309,265.52969975158567,3
CNN-LSTM,serial,PGD,0.05,Max,47.867992200237886,8.922597674792645,0.0,50.70019340515137,44.659607043366655,11.08138675260074,4
CNN-LSTM,serial,PGD,0.05,AVG,24.261582866195823,4.789372263532776,0.0,25.90009880065918,21.46089312869825,6.615663525676167,5
CNN-LSTM,serial,PGD,0.05,Tot size,24.038306586109922,5.342403759231157,0.0,25.90009880065918,19.778845072850295,8.202211165361527,6
CNN-LSTM,serial,PGD,0.05,Std,9.955626436933615,1.7919401804492594,0.0,10.525643637098256,8.949884189134252,2.5633031078323185,7
CNN-LSTM,serial,PGD,0.05,Number,4.225313441010565,0.8900676486424705,1.6763806343078613e-07,4.500001072883606,3.8031344711636126,1.354279928494612,8
CNN-LSTM,serial,PGD,0.05,Header_Length,0.5755045239867942,0.10047748351977767,0.0,0.6040001401901236,0.5634708649000933,0.11685263781265061,9
CNN-LSTM,serial,PGD,0.05,Protocol Type,0.5124129584867134,0.10948592443624355,2.0489096641540527e-08,0.5500001311302185,0.4848985556423208,0.14132306545986698,10
CNN-LSTM,serial,PGD,0.05,ack_count,0.3148993294919282,0.08078775915128737,1.30385160446167e-08,0.35000133514404297,0.3177529653380243,0.0756514803884618,11
CNN-LSTM,serial,PGD,0.05,Min,0.27865767559982835,0.059154795563397256,1.1175870895385742e-08,0.300018310546875,0.25641306958516535,0.07321385583787883,12
CNN-LSTM,serial,PGD,0.05,Time_To_Live,0.08966713498159043,0.01787106338480468,0.0,0.0955060119740665,0.0885214638390932,0.018419671238540904,13
CNN-LSTM,serial,PGD,0.05,TCP,0.04593370671823621,0.010961649317181648,1.862645149230957e-09,0.050000011920928955,0.044810046975412826,0.011796576953031037,14
CNN-LSTM,serial,PGD,0.05,DHCP,0.04585787763237953,0.010931352516228288,1.862645149230957e-09,0.05000000074505806,0.04370373894141366,0.012620516660355604,15
CNN-LSTM,serial,PGD,0.05,LLC,0.04502979584246874,0.011047062380096694,1.862645149230957e-09,0.050000011920928955,0.04269245472695938,0.012605387400194762,16
CNN-LSTM,serial,PGD,0.05,UDP,0.04491958498291671,0.01136943850189755,1.862645149230957e-09,0.050000011920928955,0.04362788657358327,0.012517711112595404,17
CNN-LSTM,serial,PGD,0.05,fin_flag_number,0.04436333761304617,0.012214606346889213,1.862645149230957e-09,0.050000011920928955,0.04542461102826378,0.010902111393783347,18
CNN-LSTM,serial,PGD,0.05,syn_flag_number,0.04425247411441058,0.012432572619990406,1.862645149230957e-09,0.050000011920928955,0.0449460965546938,0.011501900066118741,19
CNN-LSTM,serial,PGD,0.05,syn_count,0.04411806784652174,0.012205053097863551,1.862645149230957e-09,0.0500030517578125,0.044351322202911776,0.011736741631554302,20
CNN-LSTM,serial,PGD,0.05,SSH,0.044008721383213996,0.012538113479902357,1.862645149230957e-09,0.050000011920928955,0.04384804283989457,0.012625789864821378,21
CNN-LSTM,serial,PGD,0.05,cwr_flag_number,0.043959404186047615,0.01212014029060369,1.862645149230957e-09,0.05000000074505806,0.0442066031730598,0.01180091197465584,22
CNN-LSTM,serial,PGD,0.05,IPv,0.0438884941380471,0.012092665729602659,1.862645149230957e-09,0.050000011920928955,0.04297358175788188,0.012036897139769371,23
CNN-LSTM,serial,PGD,0.05,IRC,0.04382439096786082,0.01289335386961225,1.862645149230957e-09,0.05000000074505806,0.04401551904997261,0.01254088545114121,24
CNN-LSTM,serial,PGD,0.05,ARP,0.043638199403360486,0.01354588419015847,1.862645149230957e-09,0.050000011920928955,0.043706051815135094,0.012585723913892705,25
CNN-LSTM,serial,PGD,0.05,IGMP,0.04303648052807897,0.013585219676177587,1.862645149230957e-09,0.05000000074505806,0.0441811612993559,0.01179707520111888,26
CNN-LSTM,serial,PGD,0.05,ece_flag_number,0.04286720277931541,0.012848901480152643,1.862645149230957e-09,0.05000000074505806,0.042304962722617905,0.013279835582918521,27
CNN-LSTM,serial,PGD,0.05,ack_flag_number,0.0425419883324951,0.013331121746084048,1.862645149230957e-09,0.050000011920928955,0.04194087760160703,0.0136689119013032,28
CNN-LSTM,serial,PGD,0.05,ICMP,0.04250863429829478,0.014264750991556484,1.862645149230957e-09,0.050000011920928955,0.043720298627643796,0.012265494801844017,29
CNN-LSTM,serial,PGD,0.05,rst_flag_number,0.04220174952208996,0.014299497822526302,1.862645149230957e-09,0.050000011920928955,0.03921376665680638,0.01562443782112739,30
CNN-LSTM,serial,PGD,0.05,SMTP,0.04200805914074183,0.013798079268285152,1.862645149230957e-09,0.05000000074505806,0.04348479635349968,0.012698058490120187,31
CNN-LSTM,serial,PGD,0.05,psh_flag_number,0.041999445066303015,0.014298194599894442,1.862645149230957e-09,0.050000011920928955,0.04115857978536154,0.014581791879991509,32
CNN-LSTM,serial,PGD,0.05,Telnet,0.04189031047604978,0.013736028258059255,1.862645149230957e-09,0.05000000074505806,0.044642978772078123,0.011326536257958998,33
CNN-LSTM,serial,PGD,0.05,HTTPS,0.04145968846369535,0.014113509603219018,1.862645149230957e-09,0.050000011920928955,0.041816929271218016,0.013529656035906314,34
CNN-LSTM,serial,PGD,0.05,HTTP,0.041379638018198314,0.014056505095407191,1.862645149230957e-09,0.050000011920928955,0.044051951907483664,0.011265726543080874,35
CNN-LSTM,serial,PGD,0.05,DNS,0.04124785990495235,0.014609203678645025,1.862645149230957e-09,0.050000011920928955,0.04490785088812146,0.011311370587229575,36
CNN-LSTM,serial,PGD,0.05,rst_count,0.0409709979538247,0.014933535274118231,1.862645149230957e-09,0.0500030517578125,0.039176033707883196,0.015683366981116737,37
CNN-LSTM,serial,PGD,0.05,fin_count,0.04058327552150935,0.015289866016185594,1.862645149230957e-09,0.0500030517578125,0.037387253534255,0.01660039554093877,38
CNN-LSTM,serial,PGD,0.05,IAT,4.377104811194345e-05,8.532066027229288e-06,0.0,4.636046179079534e-05,4.151476488551285e-05,1.0896613675424349e-05,39
CNN-LSTM,serial,PGD,0.10,Tot sum,4177.747918549966,1313.4061188040343,0.0,4893.901166796684,3985.7803959671255,1394.9014608149707,1
CNN-LSTM,serial,PGD,0.10,Variance,4070.440133081253,925.6985357473632,0.0,4431.80368244648,3878.3946830744017,1108.2813109643928,2
CNN-LSTM,serial,PGD,0.10,Rate,2033.750777771682,702.0811748654714,0.0,2475.1983764226316,1943.7263174888578,733.8559915517236,3
CNN-LSTM,serial,PGD,0.10,Max,87.71255345155612,25.995588037530453,0.0,101.40038681030273,81.37752522824587,29.40622939017706,4
CNN-LSTM,serial,PGD,0.10,AVG,43.553604256162515,14.821884437436223,0.0,51.800074100494385,39.81943128344735,16.8022803010784,5
CNN-LSTM,serial,PGD,0.10,Tot size,43.177727225226235,15.53090676161859,0.0,51.800074100494385,38.728122043198994,17.683462719905293,6
CNN-LSTM,serial,PGD,0.10,Std,17.48722593643872,6.1520505420843445,0.0,21.05128727419651,16.255803030119306,6.769982863873834,7
CNN-LSTM,serial,PGD,0.10,Number,7.399782709397748,2.6179779393351357,3.3527612686157227e-07,9.000002145767212,6.7116188800793095,2.8044536422342685,8
CNN-LSTM,serial,PGD,0.10,Header_Length,1.016155823060722,0.3280857683450935,0.0,1.2080002803802472,0.9626480693070092,0.34750597165888425,9
CNN-LSTM,serial,PGD,0.10,Protocol Type,0.8934881246194989,0.31948650193679023,4.0978193283081055e-08,1.100000262260437,0.83521567370465,0.3359500677362137,10
CNN-LSTM,serial,PGD,0.10,ack_count,0.5460546700325608,0.21377658683316839,0.0,0.7000026702880859,0.5200987005827286,0.21798499293558773,11
CNN-LSTM,serial,PGD,0.10,Min,0.5040562489481271,0.16815598249315586,2.2351741790771484e-08,0.60003662109375,0.47521027809076044,0.17993168490463615,12
CNN-LSTM,serial,PGD,0.10,Time_To_Live,0.15614529310630176,0.0544009247638701,0.0,0.1910047378623858,0.14535693374004605,0.05834050663207945,13
CNN-LSTM,serial,PGD,0.10,TCP,0.08143710398837924,0.028693789144305617,3.725290298461914e-09,0.10000002384185791,0.07518099435890556,0.030229481051053768,14
CNN-LSTM,serial,PGD,0.10,DHCP,0.07833463007427752,0.03028560425352168,3.725290298461914e-09,0.10000000149011612,0.07175276763253782,0.03200937854244512,15
CNN-LSTM,serial,PGD,0.10,LLC,0.0780699747452885,0.03116520240395251,3.725290298461914e-09,0.10000002384185791,0.07716846241356573,0.030648571920559607,16
CNN-LSTM,serial,PGD,0.10,SSH,0.07681371901594103,0.030426775157561824,3.725290298461914e-09,0.10000002384185791,0.07392321098372234,0.031107677156203894,17
CNN-LSTM,serial,PGD,0.10,IPv,0.07626256635598838,0.03194633701580475,3.725290298461914e-09,0.10000002384185791,0.07580305629039556,0.031251241609665484,18
CNN-LSTM,serial,PGD,0.10,UDP,0.07624234217211603,0.03181194604701331,3.725290298461914e-09,0.10000002384185791,0.07194712007728057,0.031954437055959475,19
CNN-LSTM,serial,PGD,0.10,syn_flag_number,0.07617306591711938,0.031018353482724272,3.725290298461914e-09,0.10000002384185791,0.07429903065098455,0.03165381278982057,20
CNN-LSTM,serial,PGD,0.10,IRC,0.07615234639391304,0.031452715519617785,3.725290298461914e-09,0.10000000149011612,0.07338086256476535,0.03101939263408531,21
CNN-LSTM,serial,PGD,0.10,fin_flag_number,0.07600141306430101,0.031519636162427776,3.725290298461914e-09,0.10000002384185791,0.07216893219882964,0.03230767015045179,22
CNN-LSTM,serial,PGD,0.10,IGMP,0.07484945249818266,0.033130850401062985,3.725290298461914e-09,0.10000000149011612,0.07598488793447272,0.03089048238390536,23
CNN-LSTM,serial,PGD,0.10,syn_count,0.0746162931650132,0.032027965552232855,3.725290298461914e-09,0.10000038146972656,0.06856117953380601,0.03299951903645356,24
CNN-LSTM,serial,PGD,0.10,cwr_flag_number,0.0742657719592005,0.03146398675455115,3.725290298461914e-09,0.10000000149011612,0.06794047503604549,0.032402082909704595,25
CNN-LSTM,serial,PGD,0.10,ARP,0.07360889544054866,0.03258006207847743,3.725290298461914e-09,0.10000002384185791,0.070676517749296,0.032974120051383116,26
CNN-LSTM,serial,PGD,0.10,ack_flag_number,0.07301225686132908,0.03227310785073323,3.725290298461914e-09,0.10000002384185791,0.06852714840693026,0.03284729445205256,27
CNN-LSTM,serial,PGD,0.10,ICMP,0.07149606028839946,0.034787066399910214,3.725290298461914e-09,0.10000002384185791,0.07264530834972747,0.032666266199922044,28
CNN-LSTM,serial,PGD,0.10,fin_count,0.07085168508023024,0.03283137628050496,3.725290298461914e-09,0.10000038146972656,0.0655572365554731,0.032669631185009075,29
CNN-LSTM,serial,PGD,0.10,rst_flag_number,0.07081216153167189,0.03316129731205568,3.725290298461914e-09,0.10000002384185791,0.06352275374097523,0.034289009008939504,30
CNN-LSTM,serial,PGD,0.10,rst_count,0.07065263637289405,0.03281958036287511,3.725290298461914e-09,0.10000038146972656,0.06890174654614323,0.03287522129186521,31
CNN-LSTM,serial,PGD,0.10,ece_flag_number,0.07016156235024333,0.03315955039819469,3.725290298461914e-09,0.10000000149011612,0.06229919928558813,0.033535893654220515,32
CNN-LSTM,serial,PGD,0.10,SMTP,0.0697643675480783,0.03296772039950672,3.725290298461914e-09,0.10000000149011612,0.07042507856204912,0.032303587949372534,33
CNN-LSTM,serial,PGD,0.10,psh_flag_number,0.06925493071109057,0.03332637819678768,3.725290298461914e-09,0.10000002384185791,0.06427226473490502,0.0338413063906443,34
CNN-LSTM,serial,PGD,0.10,Telnet,0.0684483992894739,0.03305007389526577,3.725290298461914e-09,0.10000000149011612,0.06890765274957081,0.03267103720603533,35
CNN-LSTM,serial,PGD,0.10,HTTPS,0.06815383659757673,0.03297901840089058,3.725290298461914e-09,0.10000002384185791,0.06590897448973909,0.032234193046676726,36
CNN-LSTM,serial,PGD,0.10,DNS,0.06798853680998088,0.03332414953589271,3.725290298461914e-09,0.10000002384185791,0.06758647127090796,0.03254517690749251,37
CNN-LSTM,serial,PGD,0.10,HTTP,0.06727839697383345,0.03368392915348603,3.725290298461914e-09,0.10000002384185791,0.06279168001311637,0.03399167408800259,38
CNN-LSTM,serial,PGD,0.10,IAT,8.23003955769799e-05,2.2793563493393273e-05,0.0,9.272092358159068e-05,8.02473482797628e-05,2.454090077460801e-05,39
CNN-LSTM,serial,PGD,0.30,Variance,10633.674533399744,4040.3774300865343,0.0,13294.73484903574,10503.537080170438,4084.012525872399,1
CNN-LSTM,serial,PGD,0.30,Tot sum,10467.028215767525,4672.008757527718,0.0,14681.703500390053,10301.187590817884,4656.958539721415,2
CNN-LSTM,serial,PGD,0.30,Rate,4444.336291934303,2429.1326314311773,0.0,7425.5715240267455,4342.098373913939,2421.638437832746,3
CNN-LSTM,serial,PGD,0.30,Max,230.3118165016593,94.06451994285509,0.0,304.20019340515137,226.2486600214086,94.68799055614099,4
CNN-LSTM,serial,PGD,0.30,Tot size,128.6174605385162,46.54988801916385,0.0,155.40009880065918,128.5590116467734,46.23600551621884,5
CNN-LSTM,serial,PGD,0.30,AVG,120.65885053640409,49.238069012430316,0.0,155.40009880065918,119.93706808766021,49.03483845250308,6
CNN-LSTM,serial,PGD,0.30,Std,49.08278193962062,19.80928817917346,0.0,63.153661062635365,49.194045780571834,19.61918529417701,7
CNN-LSTM,serial,PGD,0.30,Number,18.325115181502326,9.025579218668145,0.0,27.000006437301636,17.815116640199786,9.023324028752308,8
CNN-LSTM,serial,PGD,0.30,Header_Length,2.1833872677536026,1.2063473474909834,0.0,3.6240008411407416,2.141507302201013,1.2084393531918642,9
CNN-LSTM,serial,PGD,0.30,Protocol Type,1.9107702059191465,1.0819596146804054,0.0,3.3000001311302185,1.880012364376334,1.0765931735859744,10
CNN-LSTM,serial,PGD,0.30,Min,1.325801524182558,0.5711953579021196,0.0,1.800018310546875,1.2943367633677871,0.5701414819340241,11
CNN-LSTM,serial,PGD,0.30,ack_count,1.189347057493925,0.6950308196305094,0.0,2.100001335144043,1.1453552040410249,0.6887455348206789,12
CNN-LSTM,serial,PGD,0.30,Time_To_Live,0.3292141246249471,0.18876889480361667,0.0,0.5730069275014102,0.32179842940560566,0.1877082598280893,13
CNN-LSTM,serial,PGD,0.30,TCP,0.19204442524313928,0.10194161270968825,0.0,0.30000001192092896,0.1919966007140188,0.10236870943767352,14
CNN-LSTM,serial,PGD,0.30,UDP,0.18145076402366161,0.09853860685024032,0.0,0.30000001192092896,0.1758105507310924,0.09799367861445499,15
CNN-LSTM,serial,PGD,0.30,syn_count,0.17199134370207786,0.10003387593867148,0.0,0.3000030517578125,0.1660260289943514,0.0998811307847789,16
CNN-LSTM,serial,PGD,0.30,DHCP,0.1637428055649996,0.09498626407726811,0.0,0.30000001192092896,0.15992168229682524,0.09360625730570914,17
CNN-LSTM,serial,PGD,0.30,IRC,0.16372956961572172,0.09687006333643301,0.0,0.30000001192092896,0.15713956614122032,0.09512314464947647,18
CNN-LSTM,serial,PGD,0.30,LLC,0.16287078138709069,0.09933148666801268,0.0,0.30000001192092896,0.15843146244775003,0.0971658247967531,19
CNN-LSTM,serial,PGD,0.30,syn_flag_number,0.16154410660803317,0.09690621598295378,0.0,0.30000001192092896,0.15450410533829378,0.09513456905821997,20
CNN-LSTM,serial,PGD,0.30,ICMP,0.1599281270802021,0.10186269657875746,0.0,0.30000001192092896,0.1597135662168631,0.1007565595701358,21
CNN-LSTM,serial,PGD,0.30,fin_flag_number,0.15887390875816346,0.0959783658309392,0.0,0.30000001192092896,0.15447469440201136,0.09476683442141802,22
CNN-LSTM,serial,PGD,0.30,IPv,0.15832444206893445,0.09865415286384686,0.0,0.30000001192092896,0.15574289269010658,0.09670563972491868,23
CNN-LSTM,serial,PGD,0.30,fin_count,0.1572821157503128,0.09784506928258406,0.0,0.3000030517578125,0.15077565799941095,0.09633734471495471,24
CNN-LSTM,serial,PGD,0.30,rst_count,0.15537668339967728,0.09759393800385799,0.0,0.3000030517578125,0.14864556512333954,0.0965190999147691,25
CNN-LSTM,serial,PGD,0.30,SSH,0.15362521457374095,0.09456810922135866,0.0,0.30000001192092896,0.14549560290574426,0.09182867730531986,26
CNN-LSTM,serial,PGD,0.30,cwr_flag_number,0.15274097326934338,0.09597704037120194,0.0,0.30000001192092896,0.14413056546872147,0.09376982668053897,27
CNN-LSTM,serial,PGD,0.30,IGMP,0.15067212862491608,0.09794496616862426,0.0,0.30000001192092896,0.1476886229926503,0.09520329618589159,28
CNN-LSTM,serial,PGD,0.30,rst_flag_number,0.15020775681614876,0.0953708019998301,0.0,0.30000001192092896,0.1433764603683835,0.09366551447385638,29
CNN-LSTM,serial,PGD,0.30,ack_flag_number,0.14947450436532497,0.09683588197900803,0.0,0.30000001192092896,0.14141570177078727,0.09489016749606245,30
CNN-LSTM,serial,PGD,0.30,HTTPS,0.14734013093054293,0.09654892324154406,0.0,0.30000001192092896,0.136624440154161,0.09287943953292324,31
CNN-LSTM,serial,PGD,0.30,ece_flag_number,0.1471658097612858,0.09538312906449552,0.0,0.30000001192092896,0.13766163795807834,0.0923317028492581,32
CNN-LSTM,serial,PGD,0.30,ARP,0.14626975444078447,0.09735061215176292,0.0,0.30000001192092896,0.14201332756434026,0.09472337914309942,33
CNN-LSTM,serial,PGD,0.30,HTTP,0.1453590407127142,0.09609448980778543,0.0,0.30000001192092896,0.1356679520273574,0.0929462815445256,34
CNN-LSTM,serial,PGD,0.30,psh_flag_number,0.14502836999058724,0.0943887622184461,0.0,0.30000001192092896,0.13689589753888215,0.09200711424362938,35
CNN-LSTM,serial,PGD,0.30,SMTP,0.14206453934013843,0.09254783317240473,0.0,0.30000001192092896,0.13151138289684153,0.0881991749587101,36
CNN-LSTM,serial,PGD,0.30,DNS,0.13814375867009163,0.0925029998858764,0.0,0.30000001192092896,0.12664833754063687,0.08744518263567228,37
CNN-LSTM,serial,PGD,0.30,Telnet,0.13680904239356517,0.09200440091471955,0.0,0.30000001192092896,0.12529952390587817,0.08674141170228859,38
CNN-LSTM,serial,PGD,0.30,IAT,0.00022540608311714694,8.116732086111658e-05,0.0,0.0002781486235181041,0.00022403711442345314,8.144763591097518e-05,39
