attack_config,sample_index,feature_name,original_raw,perturbed_raw,delta_raw,mask_value,violation,true_class,clean_pred,adv_pred
attack_binary_fgsm_0.30,45483,Tot sum,858.0,-13823.701171875,-14681.701171875,1.0,Non-negative constraint violated,Attack,Attack,Benign
attack_binary_fgsm_0.30,45483,Variance,1028.39990234375,-12266.201171875,-13294.60107421875,1.0,Non-negative constraint violated | Variance mismatch vs Std^2,Attack,Attack,Benign
attack_binary_fgsm_0.30,45483,Rate,43.82958984375,-7381.73876953125,-7425.568359375,1.0,Non-negative constraint violated,Attack,Attack,Benign
attack_binary_fgsm_0.30,45483,Max,123.0,-181.20001220703125,-304.20001220703125,1.0,Non-negative constraint violated | Min > Max,Attack,Attack,Benign
attack_binary_fgsm_0.30,45483,AVG,85.80000305175781,-69.59999084472656,-155.39999389648438,1.0,"Non-negative constraint violated | AVG outside [Min, Max]",Attack,Attack,Benign
attack_binary_fgsm_0.30,45483,Tot size,85.80000305175781,-69.59999084472656,-155.39999389648438,1.0,Non-negative constraint violated,Attack,Attack,Benign
attack_binary_fgsm_0.30,45483,Std,32.06867599487305,-31.084949493408203,-63.15362548828125,1.0,Non-negative constraint violated | Variance mismatch vs Std^2,Attack,Attack,Benign
attack_binary_fgsm_0.30,45483,Number,10.0,-16.99999237060547,-26.99999237060547,1.0,Non-negative constraint violated | Packet count must be >= 1,Attack,Attack,Benign
attack_binary_fgsm_0.30,45483,Header_Length,21.200000762939453,24.82400131225586,3.6240005493164062,1.0,-,Attack,Attack,Benign
attack_binary_fgsm_0.30,45483,Protocol Type,6.0,2.6999998092651367,-3.3000001907348633,0.0,"Protocol clean=6, adv=INVALID (non-integer: 2.7000) | Protocol invalid: non-integer",Attack,Attack,Benign
attack_binary_fgsm_0.30,45483,ack_count,10.0,12.100000381469727,2.1000003814697266,0.30000001192092896,Integer constraint violated,Attack,Attack,Benign
attack_binary_fgsm_0.30,45483,Min,60.0,61.79999923706055,1.7999992370605469,1.0,Min > Max,Attack,Attack,Benign
attack_binary_fgsm_0.30,45483,Time_To_Live,208.6999969482422,208.1269989013672,-0.572998046875,0.0,-,Attack,Attack,Benign
attack_binary_fgsm_0.30,45483,fin_flag_number,0.0,-0.30000001192092896,-0.30000001192092896,0.30000001192092896,Integer constraint violated | Non-negative constraint violated,Attack,Attack,Benign
attack_binary_fgsm_0.30,45483,syn_flag_number,0.0,-0.30000001192092896,-0.30000001192092896,0.30000001192092896,Integer constraint violated | Non-negative constraint violated,Attack,Attack,Benign
attack_binary_fgsm_0.30,45483,rst_flag_number,0.0,-0.30000001192092896,-0.30000001192092896,0.30000001192092896,Integer constraint violated | Non-negative constraint violated,Attack,Attack,Benign
attack_binary_fgsm_0.30,45483,psh_flag_number,0.0,-0.30000001192092896,-0.30000001192092896,0.30000001192092896,Integer constraint violated | Non-negative constraint violated,Attack,Attack,Benign
attack_binary_fgsm_0.30,45483,ece_flag_number,0.0,-0.30000001192092896,-0.30000001192092896,0.0,Integer constraint violated | Non-negative constraint violated,Attack,Attack,Benign
attack_binary_fgsm_0.30,45483,cwr_flag_number,0.0,0.30000001192092896,0.30000001192092896,0.0,Integer constraint violated,Attack,Attack,Benign
attack_binary_fgsm_0.30,45483,syn_count,0.0,-0.30000001192092896,-0.30000001192092896,0.30000001192092896,Integer constraint violated | Non-negative constraint violated,Attack,Attack,Benign
attack_binary_fgsm_0.30,45483,fin_count,0.0,-0.30000001192092896,-0.30000001192092896,0.30000001192092896,Integer constraint violated | Non-negative constraint violated,Attack,Attack,Benign
attack_binary_fgsm_0.30,45483,rst_count,0.0,-0.30000001192092896,-0.30000001192092896,0.30000001192092896,Integer constraint violated | Non-negative constraint violated,Attack,Attack,Benign
attack_binary_fgsm_0.30,45483,HTTP,0.0,-0.30000001192092896,-0.30000001192092896,0.0,Binary constraint violated (must be 0/1),Attack,Attack,Benign
attack_binary_fgsm_0.30,45483,HTTPS,0.0,0.30000001192092896,0.30000001192092896,0.0,Binary constraint violated (must be 0/1),Attack,Attack,Benign
attack_binary_fgsm_0.30,45483,DNS,0.0,-0.30000001192092896,-0.30000001192092896,0.0,Binary constraint violated (must be 0/1),Attack,Attack,Benign
attack_binary_fgsm_0.30,45483,Telnet,0.0,0.30000001192092896,0.30000001192092896,0.0,Binary constraint violated (must be 0/1),Attack,Attack,Benign
attack_binary_fgsm_0.30,45483,SMTP,0.0,-0.30000001192092896,-0.30000001192092896,0.0,Binary constraint violated (must be 0/1),Attack,Attack,Benign
attack_binary_fgsm_0.30,45483,SSH,0.0,-0.30000001192092896,-0.30000001192092896,0.0,Binary constraint violated (must be 0/1),Attack,Attack,Benign
attack_binary_fgsm_0.30,45483,IRC,0.0,0.30000001192092896,0.30000001192092896,0.0,Binary constraint violated (must be 0/1),Attack,Attack,Benign
attack_binary_fgsm_0.30,45483,TCP,1.0,0.699999988079071,-0.30000001192092896,0.0,Binary constraint violated (must be 0/1),Attack,Attack,Benign
attack_binary_fgsm_0.30,45483,UDP,0.0,-0.30000001192092896,-0.30000001192092896,0.0,Binary constraint violated (must be 0/1),Attack,Attack,Benign
attack_binary_fgsm_0.30,45483,DHCP,0.0,0.30000001192092896,0.30000001192092896,0.0,Binary constraint violated (must be 0/1),Attack,Attack,Benign
attack_binary_fgsm_0.30,45483,ARP,0.0,-0.30000001192092896,-0.30000001192092896,0.0,Binary constraint violated (must be 0/1),Attack,Attack,Benign
attack_binary_fgsm_0.30,45483,ICMP,0.0,-0.30000001192092896,-0.30000001192092896,0.0,Binary constraint violated (must be 0/1),Attack,Attack,Benign
attack_binary_fgsm_0.30,45483,IGMP,0.0,-0.30000001192092896,-0.30000001192092896,0.0,Binary constraint violated (must be 0/1),Attack,Attack,Benign
attack_binary_fgsm_0.30,45483,ack_flag_number,1.0,1.2999999523162842,0.2999999523162842,0.30000001192092896,Integer constraint violated,Attack,Attack,Benign
attack_binary_fgsm_0.30,45483,IPv,1.0,1.2999999523162842,0.2999999523162842,0.0,Binary constraint violated (must be 0/1),Attack,Attack,Benign
attack_binary_fgsm_0.30,45483,LLC,1.0,1.2999999523162842,0.2999999523162842,0.0,Binary constraint violated (must be 0/1),Attack,Attack,Benign
attack_binary_fgsm_0.30,43845,Tot sum,1183.0,15864.7001953125,14681.7001953125,1.0,-,Benign,Benign,Attack
attack_binary_fgsm_0.30,43845,Variance,3089.788818359375,-10204.8115234375,-13294.600341796875,1.0,Non-negative constraint violated | Variance mismatch vs Std^2,Benign,Benign,Attack
attack_binary_fgsm_0.30,43845,Rate,26.08984375,-7399.47802734375,-7425.56787109375,1.0,Non-negative constraint violated,Benign,Benign,Attack
attack_binary_fgsm_0.30,43845,Max,230.0,-74.20001220703125,-304.20001220703125,1.0,Non-negative constraint violated | Min > Max,Benign,Benign,Attack
attack_binary_fgsm_0.30,43845,AVG,118.30000305175781,-37.099998474121094,-155.4000015258789,1.0,"Non-negative constraint violated | AVG outside [Min, Max]",Benign,Benign,Attack
attack_binary_fgsm_0.30,43845,Tot size,118.30000305175781,-37.099998474121094,-155.4000015258789,1.0,Non-negative constraint violated,Benign,Benign,Attack
attack_binary_fgsm_0.30,43845,Std,55.58586883544922,-7.567753791809082,-63.1536226272583,1.0,Non-negative constraint violated | Variance mismatch vs Std^2,Benign,Benign,Attack
attack_binary_fgsm_0.30,43845,Number,10.0,37.0,27.0,1.0,-,Benign,Benign,Attack
attack_binary_fgsm_0.30,43845,Header_Length,27.200000762939453,23.576000213623047,-3.6240005493164062,1.0,-,Benign,Benign,Attack
attack_binary_fgsm_0.30,43845,Protocol Type,6.0,9.300000190734863,3.3000001907348633,0.0,"Protocol clean=6, adv=INVALID (non-integer: 9.3000) | Protocol invalid: non-integer",Benign,Benign,Attack
attack_binary_fgsm_0.30,43845,ack_count,8.0,5.900000095367432,-2.0999999046325684,0.30000001192092896,Integer constraint violated,Benign,Benign,Attack
attack_binary_fgsm_0.30,43845,Min,66.0,64.19999694824219,-1.8000030517578125,1.0,Min > Max,Benign,Benign,Attack
attack_binary_fgsm_0.30,43845,Time_To_Live,97.30000305175781,97.87300109863281,0.572998046875,0.0,-,Benign,Benign,Attack
attack_binary_fgsm_0.30,43845,fin_flag_number,0.0,0.30000001192092896,0.30000001192092896,0.30000001192092896,Integer constraint violated,Benign,Benign,Attack
attack_binary_fgsm_0.30,43845,syn_flag_number,0.0,0.30000001192092896,0.30000001192092896,0.30000001192092896,Integer constraint violated,Benign,Benign,Attack
attack_binary_fgsm_0.30,43845,rst_flag_number,0.0,0.30000001192092896,0.30000001192092896,0.30000001192092896,Integer constraint violated,Benign,Benign,Attack
attack_binary_fgsm_0.30,43845,psh_flag_number,0.0,0.30000001192092896,0.30000001192092896,0.30000001192092896,Integer constraint violated,Benign,Benign,Attack
attack_binary_fgsm_0.30,43845,ece_flag_number,0.0,-0.30000001192092896,-0.30000001192092896,0.0,Integer constraint violated | Non-negative constraint violated,Benign,Benign,Attack
attack_binary_fgsm_0.30,43845,cwr_flag_number,0.0,-0.30000001192092896,-0.30000001192092896,0.0,Integer constraint violated | Non-negative constraint violated,Benign,Benign,Attack
attack_binary_fgsm_0.30,43845,syn_count,0.0,0.30000001192092896,0.30000001192092896,0.30000001192092896,Integer constraint violated,Benign,Benign,Attack
attack_binary_fgsm_0.30,43845,fin_count,0.0,0.30000001192092896,0.30000001192092896,0.30000001192092896,Integer constraint violated,Benign,Benign,Attack
attack_binary_fgsm_0.30,43845,rst_count,0.0,0.30000001192092896,0.30000001192092896,0.30000001192092896,Integer constraint violated,Benign,Benign,Attack
attack_binary_fgsm_0.30,43845,HTTP,0.0,0.30000001192092896,0.30000001192092896,0.0,Binary constraint violated (must be 0/1),Benign,Benign,Attack
attack_binary_fgsm_0.30,43845,HTTPS,1.0,0.699999988079071,-0.30000001192092896,0.0,Binary constraint violated (must be 0/1),Benign,Benign,Attack
attack_binary_fgsm_0.30,43845,DNS,0.0,0.30000001192092896,0.30000001192092896,0.0,Binary constraint violated (must be 0/1),Benign,Benign,Attack
attack_binary_fgsm_0.30,43845,Telnet,0.0,-0.30000001192092896,-0.30000001192092896,0.0,Binary constraint violated (must be 0/1),Benign,Benign,Attack
attack_binary_fgsm_0.30,43845,SMTP,0.0,-0.30000001192092896,-0.30000001192092896,0.0,Binary constraint violated (must be 0/1),Benign,Benign,Attack
attack_binary_fgsm_0.30,43845,SSH,0.0,0.30000001192092896,0.30000001192092896,0.0,Binary constraint violated (must be 0/1),Benign,Benign,Attack
attack_binary_fgsm_0.30,43845,IRC,0.0,-0.30000001192092896,-0.30000001192092896,0.0,Binary constraint violated (must be 0/1),Benign,Benign,Attack
attack_binary_fgsm_0.30,43845,UDP,0.0,0.30000001192092896,0.30000001192092896,0.0,Binary constraint violated (must be 0/1),Benign,Benign,Attack
attack_binary_fgsm_0.30,43845,DHCP,0.0,-0.30000001192092896,-0.30000001192092896,0.0,Binary constraint violated (must be 0/1),Benign,Benign,Attack
attack_binary_fgsm_0.30,43845,ARP,0.0,0.30000001192092896,0.30000001192092896,0.0,Binary constraint violated (must be 0/1),Benign,Benign,Attack
attack_binary_fgsm_0.30,43845,ICMP,0.0,0.30000001192092896,0.30000001192092896,0.0,Binary constraint violated (must be 0/1),Benign,Benign,Attack
attack_binary_fgsm_0.30,43845,IGMP,0.0,0.30000001192092896,0.30000001192092896,0.0,Binary constraint violated (must be 0/1),Benign,Benign,Attack
attack_binary_fgsm_0.30,43845,IPv,1.0,0.699999988079071,-0.30000001192092896,0.0,Binary constraint violated (must be 0/1),Benign,Benign,Attack
attack_binary_fgsm_0.30,43845,LLC,1.0,0.699999988079071,-0.30000001192092896,0.0,Binary constraint violated (must be 0/1),Benign,Benign,Attack
attack_binary_fgsm_0.30,43845,ack_flag_number,1.0,1.2999999523162842,0.2999999523162842,0.30000001192092896,Integer constraint violated,Benign,Benign,Attack
attack_binary_fgsm_0.30,43845,TCP,1.0,1.2999999523162842,0.2999999523162842,0.0,Binary constraint violated (must be 0/1),Benign,Benign,Attack
attack_binary_fgsm_0.30,538,Tot sum,1112.0,-13569.701171875,-14681.701171875,1.0,Non-negative constraint violated,Attack,Attack,Benign
attack_binary_fgsm_0.30,538,Variance,3383.7333984375,-9910.8671875,-13294.6005859375,1.0,Non-negative constraint violated | Variance mismatch vs Std^2,Attack,Attack,Benign
attack_binary_fgsm_0.30,538,Rate,75.6826171875,-7349.88427734375,-7425.56689453125,1.0,Non-negative constraint violated,Attack,Attack,Benign
attack_binary_fgsm_0.30,538,Max,230.0,-74.20001220703125,-304.20001220703125,1.0,Non-negative constraint violated | Min > Max,Attack,Attack,Benign
attack_binary_fgsm_0.30,538,AVG,111.19999694824219,-44.20000457763672,-155.4000015258789,1.0,"Non-negative constraint violated | AVG outside [Min, Max]",Attack,Attack,Benign
attack_binary_fgsm_0.30,538,Tot size,111.19999694824219,-44.20000457763672,-155.4000015258789,1.0,Non-negative constraint violated,Attack,Attack,Benign
attack_binary_fgsm_0.30,538,Std,58.169864654541016,-4.983757019042969,-63.153621673583984,1.0,Non-negative constraint violated | Variance mismatch vs Std^2,Attack,Attack,Benign
attack_binary_fgsm_0.30,538,Number,10.0,-16.99999237060547,-26.99999237060547,1.0,Non-negative constraint violated | Packet count must be >= 1,Attack,Attack,Benign
attack_binary_fgsm_0.30,538,Header_Length,23.600000381469727,27.224000930786133,3.6240005493164062,1.0,-,Attack,Attack,Benign
attack_binary_fgsm_0.30,538,Protocol Type,6.0,2.6999998092651367,-3.3000001907348633,0.0,"Protocol clean=6, adv=INVALID (non-integer: 2.7000) | Protocol invalid: non-integer",Attack,Attack,Benign
attack_binary_fgsm_0.30,538,ack_count,9.0,6.899999618530273,-2.1000003814697266,0.30000001192092896,Integer constraint violated,Attack,Attack,Benign
attack_binary_fgsm_0.30,538,Min,60.0,61.79999923706055,1.7999992370605469,1.0,Min > Max,Attack,Attack,Benign
attack_binary_fgsm_0.30,538,Time_To_Live,153.10000610351562,153.67300415039062,0.572998046875,0.0,-,Attack,Attack,Benign
attack_binary_fgsm_0.30,538,fin_flag_number,0.0,-0.30000001192092896,-0.30000001192092896,0.30000001192092896,Integer constraint violated | Non-negative constraint violated,Attack,Attack,Benign
attack_binary_fgsm_0.30,538,syn_flag_number,0.0,-0.30000001192092896,-0.30000001192092896,0.30000001192092896,Integer constraint violated | Non-negative constraint violated,Attack,Attack,Benign
attack_binary_fgsm_0.30,538,rst_flag_number,0.0,-0.30000001192092896,-0.30000001192092896,0.30000001192092896,Integer constraint violated | Non-negative constraint violated,Attack,Attack,Benign
attack_binary_fgsm_0.30,538,psh_flag_number,0.0,-0.30000001192092896,-0.30000001192092896,0.30000001192092896,Integer constraint violated | Non-negative constraint violated,Attack,Attack,Benign
attack_binary_fgsm_0.30,538,ack_flag_number,1.0,0.699999988079071,-0.30000001192092896,0.30000001192092896,Integer constraint violated,Attack,Attack,Benign
attack_binary_fgsm_0.30,538,ece_flag_number,0.0,-0.30000001192092896,-0.30000001192092896,0.0,Integer constraint violated | Non-negative constraint violated,Attack,Attack,Benign
attack_binary_fgsm_0.30,538,cwr_flag_number,0.0,0.30000001192092896,0.30000001192092896,0.0,Integer constraint violated,Attack,Attack,Benign
attack_binary_fgsm_0.30,538,syn_count,0.0,-0.30000001192092896,-0.30000001192092896,0.30000001192092896,Integer constraint violated | Non-negative constraint violated,Attack,Attack,Benign
attack_binary_fgsm_0.30,538,fin_count,0.0,-0.30000001192092896,-0.30000001192092896,0.30000001192092896,Integer constraint violated | Non-negative constraint violated,Attack,Attack,Benign
attack_binary_fgsm_0.30,538,rst_count,0.0,-0.30000001192092896,-0.30000001192092896,0.30000001192092896,Integer constraint violated | Non-negative constraint violated,Attack,Attack,Benign
attack_binary_fgsm_0.30,538,HTTP,0.0,-0.30000001192092896,-0.30000001192092896,0.0,Binary constraint violated (must be 0/1),Attack,Attack,Benign
attack_binary_fgsm_0.30,538,HTTPS,0.0,0.30000001192092896,0.30000001192092896,0.0,Binary constraint violated (must be 0/1),Attack,Attack,Benign
attack_binary_fgsm_0.30,538,DNS,0.0,-0.30000001192092896,-0.30000001192092896,0.0,Binary constraint violated (must be 0/1),Attack,Attack,Benign
attack_binary_fgsm_0.30,538,Telnet,0.0,0.30000001192092896,0.30000001192092896,0.0,Binary constraint violated (must be 0/1),Attack,Attack,Benign
attack_binary_fgsm_0.30,538,SMTP,0.0,-0.30000001192092896,-0.30000001192092896,0.0,Binary constraint violated (must be 0/1),Attack,Attack,Benign
attack_binary_fgsm_0.30,538,SSH,0.0,-0.30000001192092896,-0.30000001192092896,0.0,Binary constraint violated (must be 0/1),Attack,Attack,Benign
attack_binary_fgsm_0.30,538,IRC,0.0,-0.30000001192092896,-0.30000001192092896,0.0,Binary constraint violated (must be 0/1),Attack,Attack,Benign
attack_binary_fgsm_0.30,538,TCP,1.0,0.699999988079071,-0.30000001192092896,0.0,Binary constraint violated (must be 0/1),Attack,Attack,Benign
attack_binary_fgsm_0.30,538,UDP,0.0,-0.30000001192092896,-0.30000001192092896,0.0,Binary constraint violated (must be 0/1),Attack,Attack,Benign
attack_binary_fgsm_0.30,538,DHCP,0.0,0.30000001192092896,0.30000001192092896,0.0,Binary constraint violated (must be 0/1),Attack,Attack,Benign
attack_binary_fgsm_0.30,538,ARP,0.0,-0.30000001192092896,-0.30000001192092896,0.0,Binary constraint violated (must be 0/1),Attack,Attack,Benign
attack_binary_fgsm_0.30,538,ICMP,0.0,-0.30000001192092896,-0.30000001192092896,0.0,Binary constraint violated (must be 0/1),Attack,Attack,Benign
attack_binary_fgsm_0.30,538,IGMP,0.0,-0.30000001192092896,-0.30000001192092896,0.0,Binary constraint violated (must be 0/1),Attack,Attack,Benign
attack_binary_fgsm_0.30,538,IPv,1.0,1.2999999523162842,0.2999999523162842,0.0,Binary constraint violated (must be 0/1),Attack,Attack,Benign
attack_binary_fgsm_0.30,538,LLC,1.0,1.2999999523162842,0.2999999523162842,0.0,Binary constraint violated (must be 0/1),Attack,Attack,Benign
attack_binary_fgsm_0.30,861,Tot sum,1056.0,-13625.701171875,-14681.701171875,1.0,Non-negative constraint violated,Attack,Attack,Benign
attack_binary_fgsm_0.30,861,Variance,2144.711181640625,-11149.888671875,-13294.599853515625,1.0,Non-negative constraint violated | Variance mismatch vs Std^2,Attack,Attack,Benign
attack_binary_fgsm_0.30,861,Rate,65.8583984375,-7359.70849609375,-7425.56689453125,1.0,Non-negative constraint violated,Attack,Attack,Benign
attack_binary_fgsm_0.30,861,Max,214.0,-90.20001220703125,-304.20001220703125,1.0,Non-negative constraint violated | Min > Max,Attack,Attack,Benign
attack_binary_fgsm_0.30,861,AVG,105.5999984741211,-49.80000305175781,-155.4000015258789,1.0,"Non-negative constraint violated | AVG outside [Min, Max]",Attack,Attack,Benign
attack_binary_fgsm_0.30,861,Tot size,105.5999984741211,-49.80000305175781,-155.4000015258789,1.0,Non-negative constraint violated,Attack,Attack,Benign
attack_binary_fgsm_0.30,861,Std,46.31102752685547,-16.84259605407715,-63.15362358093262,1.0,Non-negative constraint violated | Variance mismatch vs Std^2,Attack,Attack,Benign
attack_binary_fgsm_0.30,861,Number,10.0,-16.99999237060547,-26.99999237060547,1.0,Non-negative constraint violated | Packet count must be >= 1,Attack,Attack,Benign
attack_binary_fgsm_0.30,861,Header_Length,19.200000762939453,22.82400131225586,3.6240005493164062,1.0,-,Attack,Attack,Benign
attack_binary_fgsm_0.30,861,Protocol Type,6.0,2.6999998092651367,-3.3000001907348633,0.0,"Protocol clean=6, adv=INVALID (non-integer: 2.7000) | Protocol invalid: non-integer",Attack,Attack,Benign
attack_binary_fgsm_0.30,861,ack_count,7.0,4.900000095367432,-2.0999999046325684,0.30000001192092896,Integer constraint violated,Attack,Attack,Benign
attack_binary_fgsm_0.30,861,Min,60.0,61.79999923706055,1.7999992370605469,1.0,Min > Max,Attack,Attack,Benign
attack_binary_fgsm_0.30,861,Time_To_Live,134.1999969482422,134.7729949951172,0.572998046875,0.0,-,Attack,Attack,Benign
attack_binary_fgsm_0.30,861,fin_flag_number,0.0,-0.30000001192092896,-0.30000001192092896,0.30000001192092896,Integer constraint violated | Non-negative constraint violated,Attack,Attack,Benign
attack_binary_fgsm_0.30,861,syn_flag_number,0.0,-0.30000001192092896,-0.30000001192092896,0.30000001192092896,Integer constraint violated | Non-negative constraint violated,Attack,Attack,Benign
attack_binary_fgsm_0.30,861,rst_flag_number,0.0,-0.30000001192092896,-0.30000001192092896,0.30000001192092896,Integer constraint violated | Non-negative constraint violated,Attack,Attack,Benign
attack_binary_fgsm_0.30,861,psh_flag_number,0.0,-0.30000001192092896,-0.30000001192092896,0.30000001192092896,Integer constraint violated | Non-negative constraint violated,Attack,Attack,Benign
attack_binary_fgsm_0.30,861,ack_flag_number,1.0,0.699999988079071,-0.30000001192092896,0.30000001192092896,Integer constraint violated,Attack,Attack,Benign
attack_binary_fgsm_0.30,861,ece_flag_number,0.0,-0.30000001192092896,-0.30000001192092896,0.0,Integer constraint violated | Non-negative constraint violated,Attack,Attack,Benign
attack_binary_fgsm_0.30,861,cwr_flag_number,0.0,0.30000001192092896,0.30000001192092896,0.0,Integer constraint violated,Attack,Attack,Benign
attack_binary_fgsm_0.30,861,syn_count,0.0,-0.30000001192092896,-0.30000001192092896,0.30000001192092896,Integer constraint violated | Non-negative constraint violated,Attack,Attack,Benign
attack_binary_fgsm_0.30,861,fin_count,0.0,-0.30000001192092896,-0.30000001192092896,0.30000001192092896,Integer constraint violated | Non-negative constraint violated,Attack,Attack,Benign
attack_binary_fgsm_0.30,861,rst_count,0.0,-0.30000001192092896,-0.30000001192092896,0.30000001192092896,Integer constraint violated | Non-negative constraint violated,Attack,Attack,Benign
attack_binary_fgsm_0.30,861,HTTP,0.0,-0.30000001192092896,-0.30000001192092896,0.0,Binary constraint violated (must be 0/1),Attack,Attack,Benign
attack_binary_fgsm_0.30,861,HTTPS,0.0,0.30000001192092896,0.30000001192092896,0.0,Binary constraint violated (must be 0/1),Attack,Attack,Benign
attack_binary_fgsm_0.30,861,DNS,0.0,-0.30000001192092896,-0.30000001192092896,0.0,Binary constraint violated (must be 0/1),Attack,Attack,Benign
attack_binary_fgsm_0.30,861,Telnet,0.0,0.30000001192092896,0.30000001192092896,0.0,Binary constraint violated (must be 0/1),Attack,Attack,Benign
attack_binary_fgsm_0.30,861,SMTP,0.0,-0.30000001192092896,-0.30000001192092896,0.0,Binary constraint violated (must be 0/1),Attack,Attack,Benign
attack_binary_fgsm_0.30,861,SSH,0.0,-0.30000001192092896,-0.30000001192092896,0.0,Binary constraint violated (must be 0/1),Attack,Attack,Benign
attack_binary_fgsm_0.30,861,IRC,0.0,0.30000001192092896,0.30000001192092896,0.0,Binary constraint violated (must be 0/1),Attack,Attack,Benign
attack_binary_fgsm_0.30,861,TCP,1.0,0.699999988079071,-0.30000001192092896,0.0,Binary constraint violated (must be 0/1),Attack,Attack,Benign
attack_binary_fgsm_0.30,861,UDP,0.0,-0.30000001192092896,-0.30000001192092896,0.0,Binary constraint violated (must be 0/1),Attack,Attack,Benign
attack_binary_fgsm_0.30,861,DHCP,0.0,0.30000001192092896,0.30000001192092896,0.0,Binary constraint violated (must be 0/1),Attack,Attack,Benign
attack_binary_fgsm_0.30,861,ARP,0.0,-0.30000001192092896,-0.30000001192092896,0.0,Binary constraint violated (must be 0/1),Attack,Attack,Benign
attack_binary_fgsm_0.30,861,ICMP,0.0,-0.30000001192092896,-0.30000001192092896,0.0,Binary constraint violated (must be 0/1),Attack,Attack,Benign
attack_binary_fgsm_0.30,861,IGMP,0.0,-0.30000001192092896,-0.30000001192092896,0.0,Binary constraint violated (must be 0/1),Attack,Attack,Benign
attack_binary_fgsm_0.30,861,IPv,1.0,1.2999999523162842,0.2999999523162842,0.0,Binary constraint violated (must be 0/1),Attack,Attack,Benign
attack_binary_fgsm_0.30,861,LLC,1.0,1.2999999523162842,0.2999999523162842,0.0,Binary constraint violated (must be 0/1),Attack,Attack,Benign
attack_binary_fgsm_0.30,1776,Tot sum,1000.0,-13681.701171875,-14681.701171875,1.0,Non-negative constraint violated,Attack,Attack,Benign
attack_binary_fgsm_0.30,1776,Variance,1560.4444580078125,-11734.15625,-13294.600708007812,1.0,Non-negative constraint violated | Variance mismatch vs Std^2,Attack,Attack,Benign
attack_binary_fgsm_0.30,1776,Rate,70.18701171875,-7355.38037109375,-7425.5673828125,1.0,Non-negative constraint violated,Attack,Attack,Benign
attack_binary_fgsm_0.30,1776,Max,176.0,-128.20001220703125,-304.20001220703125,1.0,Non-negative constraint violated | Min > Max,Attack,Attack,Benign
attack_binary_fgsm_0.30,1776,AVG,100.0,-55.40000915527344,-155.40000915527344,1.0,"Non-negative constraint violated | AVG outside [Min, Max]",Attack,Attack,Benign
attack_binary_fgsm_0.30,1776,Tot size,100.0,-55.40000915527344,-155.40000915527344,1.0,Non-negative constraint violated,Attack,Attack,Benign
attack_binary_fgsm_0.30,1776,Std,39.50246047973633,-23.651161193847656,-63.153621673583984,1.0,Non-negative constraint violated | Variance mismatch vs Std^2,Attack,Attack,Benign
attack_binary_fgsm_0.30,1776,Number,10.0,-16.99999237060547,-26.99999237060547,1.0,Non-negative constraint violated | Packet count must be >= 1,Attack,Attack,Benign
attack_binary_fgsm_0.30,1776,Header_Length,15.199999809265137,18.823999404907227,3.62399959564209,1.0,-,Attack,Attack,Benign
attack_binary_fgsm_0.30,1776,Protocol Type,6.0,9.300000190734863,3.3000001907348633,0.0,"Protocol clean=6, adv=INVALID (non-integer: 9.3000) | Protocol invalid: non-integer",Attack,Attack,Benign
attack_binary_fgsm_0.30,1776,ack_count,6.0,3.9000000953674316,-2.0999999046325684,0.30000001192092896,Integer constraint violated,Attack,Attack,Benign
attack_binary_fgsm_0.30,1776,Min,60.0,61.79999923706055,1.7999992370605469,1.0,Min > Max,Attack,Attack,Benign
attack_binary_fgsm_0.30,1776,Time_To_Live,85.0999984741211,84.52699279785156,-0.5730056762695312,0.0,-,Attack,Attack,Benign
attack_binary_fgsm_0.30,1776,fin_flag_number,0.0,-0.30000001192092896,-0.30000001192092896,0.30000001192092896,Integer constraint violated | Non-negative constraint violated,Attack,Attack,Benign
attack_binary_fgsm_0.30,1776,syn_flag_number,0.0,-0.30000001192092896,-0.30000001192092896,0.30000001192092896,Integer constraint violated | Non-negative constraint violated,Attack,Attack,Benign
attack_binary_fgsm_0.30,1776,rst_flag_number,0.0,-0.30000001192092896,-0.30000001192092896,0.30000001192092896,Integer constraint violated | Non-negative constraint violated,Attack,Attack,Benign
attack_binary_fgsm_0.30,1776,psh_flag_number,0.0,-0.30000001192092896,-0.30000001192092896,0.30000001192092896,Integer constraint violated | Non-negative constraint violated,Attack,Attack,Benign
attack_binary_fgsm_0.30,1776,ack_flag_number,1.0,0.699999988079071,-0.30000001192092896,0.30000001192092896,Integer constraint violated,Attack,Attack,Benign
attack_binary_fgsm_0.30,1776,ece_flag_number,0.0,-0.30000001192092896,-0.30000001192092896,0.0,Integer constraint violated | Non-negative constraint violated,Attack,Attack,Benign
attack_binary_fgsm_0.30,1776,cwr_flag_number,0.0,0.30000001192092896,0.30000001192092896,0.0,Integer constraint violated,Attack,Attack,Benign
attack_binary_fgsm_0.30,1776,syn_count,0.0,-0.30000001192092896,-0.30000001192092896,0.30000001192092896,Integer constraint violated | Non-negative constraint violated,Attack,Attack,Benign
attack_binary_fgsm_0.30,1776,fin_count,0.0,-0.30000001192092896,-0.30000001192092896,0.30000001192092896,Integer constraint violated | Non-negative constraint violated,Attack,Attack,Benign
attack_binary_fgsm_0.30,1776,rst_count,0.0,-0.30000001192092896,-0.30000001192092896,0.30000001192092896,Integer constraint violated | Non-negative constraint violated,Attack,Attack,Benign
attack_binary_fgsm_0.30,1776,HTTP,0.0,-0.30000001192092896,-0.30000001192092896,0.0,Binary constraint violated (must be 0/1),Attack,Attack,Benign
attack_binary_fgsm_0.30,1776,HTTPS,0.0,0.30000001192092896,0.30000001192092896,0.0,Binary constraint violated (must be 0/1),Attack,Attack,Benign
attack_binary_fgsm_0.30,1776,DNS,0.0,-0.30000001192092896,-0.30000001192092896,0.0,Binary constraint violated (must be 0/1),Attack,Attack,Benign
attack_binary_fgsm_0.30,1776,Telnet,0.0,0.30000001192092896,0.30000001192092896,0.0,Binary constraint violated (must be 0/1),Attack,Attack,Benign
attack_binary_fgsm_0.30,1776,SMTP,0.0,-0.30000001192092896,-0.30000001192092896,0.0,Binary constraint violated (must be 0/1),Attack,Attack,Benign
attack_binary_fgsm_0.30,1776,SSH,0.0,-0.30000001192092896,-0.30000001192092896,0.0,Binary constraint violated (must be 0/1),Attack,Attack,Benign
attack_binary_fgsm_0.30,1776,IRC,0.0,0.30000001192092896,0.30000001192092896,0.0,Binary constraint violated (must be 0/1),Attack,Attack,Benign
attack_binary_fgsm_0.30,1776,TCP,1.0,0.699999988079071,-0.30000001192092896,0.0,Binary constraint violated (must be 0/1),Attack,Attack,Benign
attack_binary_fgsm_0.30,1776,UDP,0.0,-0.30000001192092896,-0.30000001192092896,0.0,Binary constraint violated (must be 0/1),Attack,Attack,Benign
attack_binary_fgsm_0.30,1776,DHCP,0.0,0.30000001192092896,0.30000001192092896,0.0,Binary constraint violated (must be 0/1),Attack,Attack,Benign
attack_binary_fgsm_0.30,1776,ARP,0.0,-0.30000001192092896,-0.30000001192092896,0.0,Binary constraint violated (must be 0/1),Attack,Attack,Benign
attack_binary_fgsm_0.30,1776,ICMP,0.0,-0.30000001192092896,-0.30000001192092896,0.0,Binary constraint violated (must be 0/1),Attack,Attack,Benign
attack_binary_fgsm_0.30,1776,IGMP,0.0,-0.30000001192092896,-0.30000001192092896,0.0,Binary constraint violated (must be 0/1),Attack,Attack,Benign
attack_binary_fgsm_0.30,1776,IPv,1.0,1.2999999523162842,0.2999999523162842,0.0,Binary constraint violated (must be 0/1),Attack,Attack,Benign
attack_binary_fgsm_0.30,1776,LLC,1.0,1.2999999523162842,0.2999999523162842,0.0,Binary constraint violated (must be 0/1),Attack,Attack,Benign
attack_binary_pgd_0.30,2865,Tot sum,868.0,-13813.701171875,-14681.701171875,1.0,Non-negative constraint violated,Attack,Attack,Benign
attack_binary_pgd_0.30,2865,Variance,102.4000015258789,-13192.2001953125,-13294.600196838379,1.0,Non-negative constraint violated | Variance mismatch vs Std^2,Attack,Attack,Benign
attack_binary_pgd_0.30,2865,Rate,338.4443359375,-7087.12255859375,-7425.56689453125,1.0,Non-negative constraint violated,Attack,Attack,Benign
attack_binary_pgd_0.30,2865,Max,90.0,-214.20001220703125,-304.20001220703125,1.0,Non-negative constraint violated | Min > Max,Attack,Attack,Benign
attack_binary_pgd_0.30,2865,AVG,86.80000305175781,-68.59999084472656,-155.39999389648438,1.0,"Non-negative constraint violated | AVG outside [Min, Max]",Attack,Attack,Benign
attack_binary_pgd_0.30,2865,Tot size,86.80000305175781,-68.59999084472656,-155.39999389648438,1.0,Non-negative constraint violated,Attack,Attack,Benign
attack_binary_pgd_0.30,2865,Std,10.119287490844727,-53.03433609008789,-63.15362358093262,1.0,Non-negative constraint violated | Variance mismatch vs Std^2,Attack,Attack,Benign
attack_binary_pgd_0.30,2865,Number,10.0,-3.4999847412109375,-13.499984741210938,1.0,Integer constraint violated | Non-negative constraint violated | Packet count must be >= 1,Attack,Attack,Benign
attack_binary_pgd_0.30,2865,Header_Length,8.0,11.624000549316406,3.6240005493164062,1.0,-,Attack,Attack,Benign
attack_binary_pgd_0.30,2865,Protocol Type,17.0,20.299999237060547,3.299999237060547,0.0,"Protocol clean=17, adv=INVALID (non-integer: 20.3000) | Protocol invalid: non-integer",Attack,Attack,Benign
attack_binary_pgd_0.30,2865,ack_count,0.0,-2.1000001430511475,-2.1000001430511475,0.30000001192092896,Integer constraint violated | Non-negative constraint violated,Attack,Attack,Benign
attack_binary_pgd_0.30,2865,Time_To_Live,68.69999694824219,68.12699890136719,-0.572998046875,0.0,-,Attack,Attack,Benign
attack_binary_pgd_0.30,2865,Min,58.0,58.34843063354492,0.3484306335449219,1.0,Min > Max,Attack,Attack,Benign
attack_binary_pgd_0.30,2865,fin_flag_number,0.0,-0.30000001192092896,-0.30000001192092896,0.30000001192092896,Integer constraint violated | Non-negative constraint violated,Attack,Attack,Benign
attack_binary_pgd_0.30,2865,syn_flag_number,0.0,-0.30000001192092896,-0.30000001192092896,0.30000001192092896,Integer constraint violated | Non-negative constraint violated,Attack,Attack,Benign
attack_binary_pgd_0.30,2865,rst_flag_number,0.0,-0.30000001192092896,-0.30000001192092896,0.30000001192092896,Integer constraint violated | Non-negative constraint violated,Attack,Attack,Benign
attack_binary_pgd_0.30,2865,psh_flag_number,0.0,-0.30000001192092896,-0.30000001192092896,0.30000001192092896,Integer constraint violated | Non-negative constraint violated,Attack,Attack,Benign
attack_binary_pgd_0.30,2865,ack_flag_number,0.0,-0.30000001192092896,-0.30000001192092896,0.30000001192092896,Integer constraint violated | Non-negative constraint violated,Attack,Attack,Benign
attack_binary_pgd_0.30,2865,ece_flag_number,0.0,-0.30000001192092896,-0.30000001192092896,0.0,Integer constraint violated | Non-negative constraint violated,Attack,Attack,Benign
attack_binary_pgd_0.30,2865,cwr_flag_number,0.0,0.30000001192092896,0.30000001192092896,0.0,Integer constraint violated,Attack,Attack,Benign
attack_binary_pgd_0.30,2865,syn_count,0.0,-0.30000001192092896,-0.30000001192092896,0.30000001192092896,Integer constraint violated | Non-negative constraint violated,Attack,Attack,Benign
attack_binary_pgd_0.30,2865,fin_count,0.0,-0.30000001192092896,-0.30000001192092896,0.30000001192092896,Integer constraint violated | Non-negative constraint violated,Attack,Attack,Benign
attack_binary_pgd_0.30,2865,rst_count,0.0,-0.30000001192092896,-0.30000001192092896,0.30000001192092896,Integer constraint violated | Non-negative constraint violated,Attack,Attack,Benign
attack_binary_pgd_0.30,2865,HTTP,0.0,-0.30000001192092896,-0.30000001192092896,0.0,Binary constraint violated (must be 0/1),Attack,Attack,Benign
attack_binary_pgd_0.30,2865,HTTPS,0.0,0.30000001192092896,0.30000001192092896,0.0,Binary constraint violated (must be 0/1),Attack,Attack,Benign
attack_binary_pgd_0.30,2865,DNS,0.0,-0.30000001192092896,-0.30000001192092896,0.0,Binary constraint violated (must be 0/1),Attack,Attack,Benign
attack_binary_pgd_0.30,2865,Telnet,0.0,-0.30000001192092896,-0.30000001192092896,0.0,Binary constraint violated (must be 0/1),Attack,Attack,Benign
attack_binary_pgd_0.30,2865,SMTP,0.0,-0.30000001192092896,-0.30000001192092896,0.0,Binary constraint violated (must be 0/1),Attack,Attack,Benign
attack_binary_pgd_0.30,2865,SSH,0.0,-0.30000001192092896,-0.30000001192092896,0.0,Binary constraint violated (must be 0/1),Attack,Attack,Benign
attack_binary_pgd_0.30,2865,IRC,0.0,0.30000001192092896,0.30000001192092896,0.0,Binary constraint violated (must be 0/1),Attack,Attack,Benign
attack_binary_pgd_0.30,2865,TCP,0.0,0.30000001192092896,0.30000001192092896,0.0,Binary constraint violated (must be 0/1),Attack,Attack,Benign
attack_binary_pgd_0.30,2865,DHCP,0.0,0.30000001192092896,0.30000001192092896,0.0,Binary constraint violated (must be 0/1),Attack,Attack,Benign
attack_binary_pgd_0.30,2865,ARP,0.0,-0.30000001192092896,-0.30000001192092896,0.0,Binary constraint violated (must be 0/1),Attack,Attack,Benign
attack_binary_pgd_0.30,2865,ICMP,0.0,-0.30000001192092896,-0.30000001192092896,0.0,Binary constraint violated (must be 0/1),Attack,Attack,Benign
attack_binary_pgd_0.30,2865,IGMP,0.0,-0.30000001192092896,-0.30000001192092896,0.0,Binary constraint violated (must be 0/1),Attack,Attack,Benign
attack_binary_pgd_0.30,2865,UDP,1.0,1.2999999523162842,0.2999999523162842,0.0,Binary constraint violated (must be 0/1),Attack,Attack,Benign
attack_binary_pgd_0.30,2865,LLC,1.0,1.2999999523162842,0.2999999523162842,0.0,Binary constraint violated (must be 0/1),Attack,Attack,Benign
attack_binary_pgd_0.30,2865,IPv,1.0,1.225000023841858,0.2250000238418579,0.0,Binary constraint violated (must be 0/1),Attack,Attack,Benign
attack_binary_pgd_0.30,3255,Tot sum,754.0,15435.701171875,14681.701171875,1.0,-,Benign,Benign,Attack
attack_binary_pgd_0.30,3255,Variance,436.26666259765625,-9534.6845703125,-9970.951232910156,1.0,Non-negative constraint violated | Variance mismatch vs Std^2,Benign,Benign,Attack
attack_binary_pgd_0.30,3255,Rate,104.80322265625,-5464.37158203125,-5569.1748046875,1.0,Non-negative constraint violated,Benign,Benign,Attack
attack_binary_pgd_0.30,3255,Max,127.0,-177.19998168945312,-304.1999816894531,1.0,Non-negative constraint violated | Min > Max,Benign,Benign,Attack
attack_binary_pgd_0.30,3255,Std,20.88699722290039,84.0406265258789,63.153629302978516,1.0,Variance mismatch vs Std^2,Benign,Benign,Attack
attack_binary_pgd_0.30,3255,AVG,75.4000015258789,114.25,38.849998474121094,1.0,"AVG outside [Min, Max]",Benign,Benign,Attack
attack_binary_pgd_0.30,3255,Tot size,75.4000015258789,63.27130126953125,-12.128700256347656,1.0,-,Benign,Benign,Attack
attack_binary_pgd_0.30,3255,Number,10.0,0.915435791015625,-9.084564208984375,1.0,Integer constraint violated | Packet count must be >= 1,Benign,Benign,Attack
attack_binary_pgd_0.30,3255,Header_Length,32.0,35.624000549316406,3.6240005493164062,1.0,-,Benign,Benign,Attack
attack_binary_pgd_0.30,3255,Protocol Type,6.0,2.6999998092651367,-3.3000001907348633,0.0,"Protocol clean=6, adv=INVALID (non-integer: 2.7000) | Protocol invalid: non-integer",Benign,Benign,Attack
attack_binary_pgd_0.30,3255,ack_count,10.0,12.100000381469727,2.1000003814697266,0.30000001192092896,Integer constraint violated,Benign,Benign,Attack
attack_binary_pgd_0.30,3255,Min,66.0,67.80000305175781,1.8000030517578125,1.0,Min > Max,Benign,Benign,Attack
attack_binary_pgd_0.30,3255,Time_To_Live,164.39999389648438,163.82699584960938,-0.572998046875,0.0,-,Benign,Benign,Attack
attack_binary_pgd_0.30,3255,psh_flag_number,0.0,0.30000001192092896,0.30000001192092896,0.30000001192092896,Integer constraint violated,Benign,Benign,Attack
attack_binary_pgd_0.30,3255,ece_flag_number,0.0,0.30000001192092896,0.30000001192092896,0.0,Integer constraint violated,Benign,Benign,Attack
attack_binary_pgd_0.30,3255,cwr_flag_number,0.0,-0.30000001192092896,-0.30000001192092896,0.0,Integer constraint violated | Non-negative constraint violated,Benign,Benign,Attack
attack_binary_pgd_0.30,3255,fin_count,0.0,-0.30000001192092896,-0.30000001192092896,0.30000001192092896,Integer constraint violated | Non-negative constraint violated,Benign,Benign,Attack
attack_binary_pgd_0.30,3255,rst_count,0.0,0.30000001192092896,0.30000001192092896,0.30000001192092896,Integer constraint violated,Benign,Benign,Attack
attack_binary_pgd_0.30,3255,HTTP,0.0,-0.30000001192092896,-0.30000001192092896,0.0,Binary constraint violated (must be 0/1),Benign,Benign,Attack
attack_binary_pgd_0.30,3255,SMTP,0.0,0.30000001192092896,0.30000001192092896,0.0,Binary constraint violated (must be 0/1),Benign,Benign,Attack
attack_binary_pgd_0.30,3255,SSH,0.0,0.30000001192092896,0.30000001192092896,0.0,Binary constraint violated (must be 0/1),Benign,Benign,Attack
attack_binary_pgd_0.30,3255,IRC,0.0,-0.30000001192092896,-0.30000001192092896,0.0,Binary constraint violated (must be 0/1),Benign,Benign,Attack
attack_binary_pgd_0.30,3255,ARP,0.0,0.30000001192092896,0.30000001192092896,0.0,Binary constraint violated (must be 0/1),Benign,Benign,Attack
attack_binary_pgd_0.30,3255,ICMP,0.0,0.30000001192092896,0.30000001192092896,0.0,Binary constraint violated (must be 0/1),Benign,Benign,Attack
attack_binary_pgd_0.30,3255,ack_flag_number,1.0,1.2999999523162842,0.2999999523162842,0.30000001192092896,Integer constraint violated,Benign,Benign,Attack
attack_binary_pgd_0.30,3255,HTTPS,1.0,1.2999999523162842,0.2999999523162842,0.0,Binary constraint violated (must be 0/1),Benign,Benign,Attack
attack_binary_pgd_0.30,3255,TCP,1.0,0.7749999761581421,-0.2250000238418579,0.0,Binary constraint violated (must be 0/1),Benign,Benign,Attack
attack_binary_pgd_0.30,3255,IPv,1.0,1.225000023841858,0.2250000238418579,0.0,Binary constraint violated (must be 0/1),Benign,Benign,Attack
attack_binary_pgd_0.30,3255,LLC,1.0,1.225000023841858,0.2250000238418579,0.0,Binary constraint violated (must be 0/1),Benign,Benign,Attack
attack_binary_pgd_0.30,3255,rst_flag_number,0.0,-0.22500000894069672,-0.22500000894069672,0.30000001192092896,Integer constraint violated | Non-negative constraint violated,Benign,Benign,Attack
attack_binary_pgd_0.30,3255,DNS,0.0,-0.22500000894069672,-0.22500000894069672,0.0,Binary constraint violated (must be 0/1),Benign,Benign,Attack
attack_binary_pgd_0.30,3255,UDP,0.0,0.22500000894069672,0.22500000894069672,0.0,Binary constraint violated (must be 0/1),Benign,Benign,Attack
attack_binary_pgd_0.30,3255,DHCP,0.0,-0.22500000894069672,-0.22500000894069672,0.0,Binary constraint violated (must be 0/1),Benign,Benign,Attack
attack_binary_pgd_0.30,3255,IGMP,0.0,0.22500000894069672,0.22500000894069672,0.0,Binary constraint violated (must be 0/1),Benign,Benign,Attack
attack_binary_pgd_0.30,3255,syn_flag_number,0.0,-0.2191966325044632,-0.2191966325044632,0.30000001192092896,Integer constraint violated | Non-negative constraint violated,Benign,Benign,Attack
attack_binary_pgd_0.30,3255,fin_flag_number,0.0,0.15000000596046448,0.15000000596046448,0.30000001192092896,Integer constraint violated,Benign,Benign,Attack
attack_binary_pgd_0.30,3255,syn_count,0.0,0.15000000596046448,0.15000000596046448,0.30000001192092896,Integer constraint violated,Benign,Benign,Attack
attack_binary_pgd_0.30,3255,Telnet,0.0,-0.15000000596046448,-0.15000000596046448,0.0,Binary constraint violated (must be 0/1),Benign,Benign,Attack
attack_binary_pgd_0.30,9479,Tot sum,874.0,-13807.701171875,-14681.701171875,1.0,Non-negative constraint violated,Attack,Attack,Benign
attack_binary_pgd_0.30,9479,Variance,2200.933349609375,-11093.6669921875,-13294.600341796875,1.0,Non-negative constraint violated | Variance mismatch vs Std^2,Attack,Attack,Benign
attack_binary_pgd_0.30,9479,Rate,20.2978515625,-7405.27001953125,-7425.56787109375,1.0,Non-negative constraint violated,Attack,Attack,Benign
attack_binary_pgd_0.30,9479,Max,214.0,-90.20001220703125,-304.20001220703125,1.0,Non-negative constraint violated | Min > Max,Attack,Attack,Benign
attack_binary_pgd_0.30,9479,AVG,87.4000015258789,-68.0,-155.4000015258789,1.0,"Non-negative constraint violated | AVG outside [Min, Max]",Attack,Attack,Benign
attack_binary_pgd_0.30,9479,Tot size,87.4000015258789,-68.0,-155.4000015258789,1.0,Non-negative constraint violated,Attack,Attack,Benign
attack_binary_pgd_0.30,9479,Std,46.91410446166992,-16.239519119262695,-63.15362358093262,1.0,Non-negative constraint violated | Variance mismatch vs Std^2,Attack,Attack,Benign
attack_binary_pgd_0.30,9479,Number,10.0,-16.99999237060547,-26.99999237060547,1.0,Non-negative constraint violated | Packet count must be >= 1,Attack,Attack,Benign
attack_binary_pgd_0.30,9479,Header_Length,8.399999618530273,12.02400016784668,3.6240005493164062,1.0,-,Attack,Attack,Benign
attack_binary_pgd_0.30,9479,Protocol Type,17.0,13.699999809265137,-3.3000001907348633,0.0,"Protocol clean=17, adv=INVALID (non-integer: 13.7000) | Protocol invalid: non-integer",Attack,Attack,Benign
attack_binary_pgd_0.30,9479,ack_count,1.0,-1.100000023841858,-2.100000023841858,0.30000001192092896,Integer constraint violated | Non-negative constraint violated,Attack,Attack,Benign
attack_binary_pgd_0.30,9479,Min,60.0,60.65735626220703,0.6573562622070312,1.0,Min > Max,Attack,Attack,Benign
attack_binary_pgd_0.30,9479,Time_To_Live,88.69999694824219,89.27299499511719,0.572998046875,0.0,-,Attack,Attack,Benign
attack_binary_pgd_0.30,9479,fin_flag_number,0.0,-0.30000001192092896,-0.30000001192092896,0.30000001192092896,Integer constraint violated | Non-negative constraint violated,Attack,Attack,Benign
attack_binary_pgd_0.30,9479,syn_flag_number,0.0,-0.30000001192092896,-0.30000001192092896,0.30000001192092896,Integer constraint violated | Non-negative constraint violated,Attack,Attack,Benign
attack_binary_pgd_0.30,9479,rst_flag_number,0.0,-0.30000001192092896,-0.30000001192092896,0.30000001192092896,Integer constraint violated | Non-negative constraint violated,Attack,Attack,Benign
attack_binary_pgd_0.30,9479,psh_flag_number,0.0,-0.30000001192092896,-0.30000001192092896,0.30000001192092896,Integer constraint violated | Non-negative constraint violated,Attack,Attack,Benign
attack_binary_pgd_0.30,9479,ack_flag_number,0.0,-0.30000001192092896,-0.30000001192092896,0.30000001192092896,Integer constraint violated | Non-negative constraint violated,Attack,Attack,Benign
attack_binary_pgd_0.30,9479,ece_flag_number,0.0,-0.30000001192092896,-0.30000001192092896,0.0,Integer constraint violated | Non-negative constraint violated,Attack,Attack,Benign
attack_binary_pgd_0.30,9479,cwr_flag_number,0.0,0.30000001192092896,0.30000001192092896,0.0,Integer constraint violated,Attack,Attack,Benign
attack_binary_pgd_0.30,9479,syn_count,0.0,-0.30000001192092896,-0.30000001192092896,0.30000001192092896,Integer constraint violated | Non-negative constraint violated,Attack,Attack,Benign
attack_binary_pgd_0.30,9479,fin_count,0.0,-0.30000001192092896,-0.30000001192092896,0.30000001192092896,Integer constraint violated | Non-negative constraint violated,Attack,Attack,Benign
attack_binary_pgd_0.30,9479,rst_count,0.0,-0.30000001192092896,-0.30000001192092896,0.30000001192092896,Integer constraint violated | Non-negative constraint violated,Attack,Attack,Benign
attack_binary_pgd_0.30,9479,HTTP,0.0,-0.30000001192092896,-0.30000001192092896,0.0,Binary constraint violated (must be 0/1),Attack,Attack,Benign
attack_binary_pgd_0.30,9479,HTTPS,0.0,0.30000001192092896,0.30000001192092896,0.0,Binary constraint violated (must be 0/1),Attack,Attack,Benign
attack_binary_pgd_0.30,9479,DNS,0.0,-0.30000001192092896,-0.30000001192092896,0.0,Binary constraint violated (must be 0/1),Attack,Attack,Benign
attack_binary_pgd_0.30,9479,Telnet,0.0,-0.30000001192092896,-0.30000001192092896,0.0,Binary constraint violated (must be 0/1),Attack,Attack,Benign
attack_binary_pgd_0.30,9479,SSH,0.0,-0.30000001192092896,-0.30000001192092896,0.0,Binary constraint violated (must be 0/1),Attack,Attack,Benign
attack_binary_pgd_0.30,9479,IRC,0.0,0.30000001192092896,0.30000001192092896,0.0,Binary constraint violated (must be 0/1),Attack,Attack,Benign
attack_binary_pgd_0.30,9479,TCP,0.0,0.30000001192092896,0.30000001192092896,0.0,Binary constraint violated (must be 0/1),Attack,Attack,Benign
attack_binary_pgd_0.30,9479,UDP,1.0,0.699999988079071,-0.30000001192092896,0.0,Binary constraint violated (must be 0/1),Attack,Attack,Benign
attack_binary_pgd_0.30,9479,DHCP,0.0,0.30000001192092896,0.30000001192092896,0.0,Binary constraint violated (must be 0/1),Attack,Attack,Benign
attack_binary_pgd_0.30,9479,ARP,0.0,-0.30000001192092896,-0.30000001192092896,0.0,Binary constraint violated (must be 0/1),Attack,Attack,Benign
attack_binary_pgd_0.30,9479,ICMP,0.0,-0.30000001192092896,-0.30000001192092896,0.0,Binary constraint violated (must be 0/1),Attack,Attack,Benign
attack_binary_pgd_0.30,9479,IPv,1.0,1.2999999523162842,0.2999999523162842,0.0,Binary constraint violated (must be 0/1),Attack,Attack,Benign
attack_binary_pgd_0.30,9479,LLC,1.0,1.2999999523162842,0.2999999523162842,0.0,Binary constraint violated (must be 0/1),Attack,Attack,Benign
attack_binary_pgd_0.30,9479,SMTP,0.0,-0.22500000894069672,-0.22500000894069672,0.0,Binary constraint violated (must be 0/1),Attack,Attack,Benign
attack_binary_pgd_0.30,9479,IGMP,0.0,-0.14541342854499817,-0.14541342854499817,0.0,Binary constraint violated (must be 0/1),Attack,Attack,Benign
attack_binary_pgd_0.30,35460,Tot sum,1137.0,-13544.701171875,-14681.701171875,1.0,Non-negative constraint violated,Attack,Attack,Benign
attack_binary_pgd_0.30,35460,Variance,3947.3447265625,-9347.255859375,-13294.6005859375,1.0,Non-negative constraint violated | Variance mismatch vs Std^2,Attack,Attack,Benign
attack_binary_pgd_0.30,35460,Rate,59.5927734375,-7365.97412109375,-7425.56689453125,1.0,Non-negative constraint violated,Attack,Attack,Benign
attack_binary_pgd_0.30,35460,Max,230.0,-74.20001220703125,-304.20001220703125,1.0,Non-negative constraint violated | Min > Max,Attack,Attack,Benign
attack_binary_pgd_0.30,35460,AVG,113.69999694824219,-41.70001220703125,-155.40000915527344,1.0,"Non-negative constraint violated | AVG outside [Min, Max]",Attack,Attack,Benign
attack_binary_pgd_0.30,35460,Tot size,113.69999694824219,-41.70001220703125,-155.40000915527344,1.0,Non-negative constraint violated,Attack,Attack,Benign
attack_binary_pgd_0.30,35460,Std,62.82789611816406,-0.32572484016418457,-63.15362095832825,1.0,Non-negative constraint violated | Variance mismatch vs Std^2,Attack,Attack,Benign
attack_binary_pgd_0.30,35460,Number,10.0,-16.99999237060547,-26.99999237060547,1.0,Non-negative constraint violated | Packet count must be >= 1,Attack,Attack,Benign
attack_binary_pgd_0.30,35460,Header_Length,7.199999809265137,10.824000358581543,3.6240005493164062,1.0,-,Attack,Attack,Benign
attack_binary_pgd_0.30,35460,Protocol Type,17.0,14.663712501525879,-2.336287498474121,0.0,"Protocol clean=17, adv=INVALID (non-integer: 14.6637) | Protocol invalid: non-integer",Attack,Attack,Benign
attack_binary_pgd_0.30,35460,ack_count,0.0,-1.5750000476837158,-1.5750000476837158,0.30000001192092896,Integer constraint violated | Non-negative constraint violated,Attack,Attack,Benign
attack_binary_pgd_0.30,35460,Time_To_Live,140.3000030517578,140.87301635742188,0.5730133056640625,0.0,-,Attack,Attack,Benign
attack_binary_pgd_0.30,35460,Min,60.0,60.45000076293945,0.4500007629394531,1.0,Min > Max,Attack,Attack,Benign
attack_binary_pgd_0.30,35460,fin_flag_number,0.0,-0.30000001192092896,-0.30000001192092896,0.30000001192092896,Integer constraint violated | Non-negative constraint violated,Attack,Attack,Benign
attack_binary_pgd_0.30,35460,syn_flag_number,0.0,-0.30000001192092896,-0.30000001192092896,0.30000001192092896,Integer constraint violated | Non-negative constraint violated,Attack,Attack,Benign
attack_binary_pgd_0.30,35460,rst_flag_number,0.0,-0.30000001192092896,-0.30000001192092896,0.30000001192092896,Integer constraint violated | Non-negative constraint violated,Attack,Attack,Benign
attack_binary_pgd_0.30,35460,psh_flag_number,0.0,-0.30000001192092896,-0.30000001192092896,0.30000001192092896,Integer constraint violated | Non-negative constraint violated,Attack,Attack,Benign
attack_binary_pgd_0.30,35460,ack_flag_number,0.0,-0.30000001192092896,-0.30000001192092896,0.30000001192092896,Integer constraint violated | Non-negative constraint violated,Attack,Attack,Benign
attack_binary_pgd_0.30,35460,ece_flag_number,0.0,-0.30000001192092896,-0.30000001192092896,0.0,Integer constraint violated | Non-negative constraint violated,Attack,Attack,Benign
attack_binary_pgd_0.30,35460,cwr_flag_number,0.0,0.30000001192092896,0.30000001192092896,0.0,Integer constraint violated,Attack,Attack,Benign
attack_binary_pgd_0.30,35460,syn_count,0.0,-0.30000001192092896,-0.30000001192092896,0.30000001192092896,Integer constraint violated | Non-negative constraint violated,Attack,Attack,Benign
attack_binary_pgd_0.30,35460,fin_count,0.0,-0.30000001192092896,-0.30000001192092896,0.30000001192092896,Integer constraint violated | Non-negative constraint violated,Attack,Attack,Benign
attack_binary_pgd_0.30,35460,rst_count,0.0,-0.30000001192092896,-0.30000001192092896,0.30000001192092896,Integer constraint violated | Non-negative constraint violated,Attack,Attack,Benign
attack_binary_pgd_0.30,35460,HTTP,0.0,-0.30000001192092896,-0.30000001192092896,0.0,Binary constraint violated (must be 0/1),Attack,Attack,Benign
attack_binary_pgd_0.30,35460,HTTPS,0.0,0.30000001192092896,0.30000001192092896,0.0,Binary constraint violated (must be 0/1),Attack,Attack,Benign
attack_binary_pgd_0.30,35460,DNS,0.0,-0.30000001192092896,-0.30000001192092896,0.0,Binary constraint violated (must be 0/1),Attack,Attack,Benign
attack_binary_pgd_0.30,35460,Telnet,0.0,-0.30000001192092896,-0.30000001192092896,0.0,Binary constraint violated (must be 0/1),Attack,Attack,Benign
attack_binary_pgd_0.30,35460,SMTP,0.0,-0.30000001192092896,-0.30000001192092896,0.0,Binary constraint violated (must be 0/1),Attack,Attack,Benign
attack_binary_pgd_0.30,35460,SSH,0.0,-0.30000001192092896,-0.30000001192092896,0.0,Binary constraint violated (must be 0/1),Attack,Attack,Benign
attack_binary_pgd_0.30,35460,IRC,0.0,0.30000001192092896,0.30000001192092896,0.0,Binary constraint violated (must be 0/1),Attack,Attack,Benign
attack_binary_pgd_0.30,35460,DHCP,0.0,0.30000001192092896,0.30000001192092896,0.0,Binary constraint violated (must be 0/1),Attack,Attack,Benign
attack_binary_pgd_0.30,35460,ARP,0.0,-0.30000001192092896,-0.30000001192092896,0.0,Binary constraint violated (must be 0/1),Attack,Attack,Benign
attack_binary_pgd_0.30,35460,ICMP,0.0,-0.30000001192092896,-0.30000001192092896,0.0,Binary constraint violated (must be 0/1),Attack,Attack,Benign
attack_binary_pgd_0.30,35460,IGMP,0.0,-0.30000001192092896,-0.30000001192092896,0.0,Binary constraint violated (must be 0/1),Attack,Attack,Benign
attack_binary_pgd_0.30,35460,TCP,0.0,-0.2999999523162842,-0.2999999523162842,0.0,Binary constraint violated (must be 0/1),Attack,Attack,Benign
attack_binary_pgd_0.30,35460,UDP,1.0,1.2999999523162842,0.2999999523162842,0.0,Binary constraint violated (must be 0/1),Attack,Attack,Benign
attack_binary_pgd_0.30,35460,IPv,1.0,1.2999999523162842,0.2999999523162842,0.0,Binary constraint violated (must be 0/1),Attack,Attack,Benign
attack_binary_pgd_0.30,35460,LLC,1.0,1.2999999523162842,0.2999999523162842,0.0,Binary constraint violated (must be 0/1),Attack,Attack,Benign
attack_binary_pgd_0.30,38662,Tot sum,824.0,-13857.701171875,-14681.701171875,1.0,Non-negative constraint violated,Attack,Attack,Benign
attack_binary_pgd_0.30,38662,Variance,279.1555480957031,-13015.4443359375,-13294.599884033203,1.0,Non-negative constraint violated | Variance mismatch vs Std^2,Attack,Attack,Benign
attack_binary_pgd_0.30,38662,Rate,23.82763671875,-7401.73974609375,-7425.5673828125,1.0,Non-negative constraint violated,Attack,Attack,Benign
attack_binary_pgd_0.30,38662,Max,105.0,-199.20001220703125,-304.20001220703125,1.0,Non-negative constraint violated | Min > Max,Attack,Attack,Benign
attack_binary_pgd_0.30,38662,AVG,82.4000015258789,-73.0,-155.4000015258789,1.0,"Non-negative constraint violated | AVG outside [Min, Max]",Attack,Attack,Benign
attack_binary_pgd_0.30,38662,Tot size,82.4000015258789,-73.0,-155.4000015258789,1.0,Non-negative constraint violated,Attack,Attack,Benign
attack_binary_pgd_0.30,38662,Std,16.707948684692383,-46.445674896240234,-63.15362358093262,1.0,Non-negative constraint violated | Variance mismatch vs Std^2,Attack,Attack,Benign
attack_binary_pgd_0.30,38662,Number,10.0,-16.99999237060547,-26.99999237060547,1.0,Non-negative constraint violated | Packet count must be >= 1,Attack,Attack,Benign
attack_binary_pgd_0.30,38662,Header_Length,12.0,15.624000549316406,3.6240005493164062,1.0,-,Attack,Attack,Benign
attack_binary_pgd_0.30,38662,Protocol Type,17.0,13.699999809265137,-3.3000001907348633,0.0,"Protocol clean=17, adv=INVALID (non-integer: 13.7000) | Protocol invalid: non-integer",Attack,Attack,Benign
attack_binary_pgd_0.30,38662,ack_count,2.0,-0.09999999403953552,-2.0999999940395355,0.30000001192092896,Integer constraint violated | Non-negative constraint violated,Attack,Attack,Benign
attack_binary_pgd_0.30,38662,Time_To_Live,60.400001525878906,60.97300338745117,0.5730018615722656,0.0,-,Attack,Attack,Benign
attack_binary_pgd_0.30,38662,fin_flag_number,0.0,-0.30000001192092896,-0.30000001192092896,0.30000001192092896,Integer constraint violated | Non-negative constraint violated,Attack,Attack,Benign
attack_binary_pgd_0.30,38662,syn_flag_number,0.0,-0.30000001192092896,-0.30000001192092896,0.30000001192092896,Integer constraint violated | Non-negative constraint violated,Attack,Attack,Benign
attack_binary_pgd_0.30,38662,rst_flag_number,0.0,-0.30000001192092896,-0.30000001192092896,0.30000001192092896,Integer constraint violated | Non-negative constraint violated,Attack,Attack,Benign
attack_binary_pgd_0.30,38662,psh_flag_number,0.0,-0.30000001192092896,-0.30000001192092896,0.30000001192092896,Integer constraint violated | Non-negative constraint violated,Attack,Attack,Benign
attack_binary_pgd_0.30,38662,ack_flag_number,0.0,-0.30000001192092896,-0.30000001192092896,0.30000001192092896,Integer constraint violated | Non-negative constraint violated,Attack,Attack,Benign
attack_binary_pgd_0.30,38662,ece_flag_number,0.0,-0.30000001192092896,-0.30000001192092896,0.0,Integer constraint violated | Non-negative constraint violated,Attack,Attack,Benign
attack_binary_pgd_0.30,38662,cwr_flag_number,0.0,0.30000001192092896,0.30000001192092896,0.0,Integer constraint violated,Attack,Attack,Benign
attack_binary_pgd_0.30,38662,syn_count,0.0,-0.30000001192092896,-0.30000001192092896,0.30000001192092896,Integer constraint violated | Non-negative constraint violated,Attack,Attack,Benign
attack_binary_pgd_0.30,38662,fin_count,0.0,-0.30000001192092896,-0.30000001192092896,0.30000001192092896,Integer constraint violated | Non-negative constraint violated,Attack,Attack,Benign
attack_binary_pgd_0.30,38662,rst_count,0.0,-0.30000001192092896,-0.30000001192092896,0.30000001192092896,Integer constraint violated | Non-negative constraint violated,Attack,Attack,Benign
attack_binary_pgd_0.30,38662,HTTP,0.0,-0.30000001192092896,-0.30000001192092896,0.0,Binary constraint violated (must be 0/1),Attack,Attack,Benign
attack_binary_pgd_0.30,38662,HTTPS,0.0,0.30000001192092896,0.30000001192092896,0.0,Binary constraint violated (must be 0/1),Attack,Attack,Benign
attack_binary_pgd_0.30,38662,DNS,0.0,-0.30000001192092896,-0.30000001192092896,0.0,Binary constraint violated (must be 0/1),Attack,Attack,Benign
attack_binary_pgd_0.30,38662,Telnet,0.0,-0.30000001192092896,-0.30000001192092896,0.0,Binary constraint violated (must be 0/1),Attack,Attack,Benign
attack_binary_pgd_0.30,38662,SMTP,0.0,-0.30000001192092896,-0.30000001192092896,0.0,Binary constraint violated (must be 0/1),Attack,Attack,Benign
attack_binary_pgd_0.30,38662,SSH,0.0,-0.30000001192092896,-0.30000001192092896,0.0,Binary constraint violated (must be 0/1),Attack,Attack,Benign
attack_binary_pgd_0.30,38662,IRC,0.0,0.30000001192092896,0.30000001192092896,0.0,Binary constraint violated (must be 0/1),Attack,Attack,Benign
attack_binary_pgd_0.30,38662,TCP,0.0,0.30000001192092896,0.30000001192092896,0.0,Binary constraint violated (must be 0/1),Attack,Attack,Benign
attack_binary_pgd_0.30,38662,UDP,1.0,0.699999988079071,-0.30000001192092896,0.0,Binary constraint violated (must be 0/1),Attack,Attack,Benign
attack_binary_pgd_0.30,38662,DHCP,0.0,0.30000001192092896,0.30000001192092896,0.0,Binary constraint violated (must be 0/1),Attack,Attack,Benign
attack_binary_pgd_0.30,38662,ARP,0.0,-0.30000001192092896,-0.30000001192092896,0.0,Binary constraint violated (must be 0/1),Attack,Attack,Benign
attack_binary_pgd_0.30,38662,ICMP,0.0,-0.30000001192092896,-0.30000001192092896,0.0,Binary constraint violated (must be 0/1),Attack,Attack,Benign
attack_binary_pgd_0.30,38662,IGMP,0.0,-0.30000001192092896,-0.30000001192092896,0.0,Binary constraint violated (must be 0/1),Attack,Attack,Benign
attack_binary_pgd_0.30,38662,IPv,1.0,1.2999999523162842,0.2999999523162842,0.0,Binary constraint violated (must be 0/1),Attack,Attack,Benign
attack_binary_pgd_0.30,38662,LLC,1.0,1.2999999523162842,0.2999999523162842,0.0,Binary constraint violated (must be 0/1),Attack,Attack,Benign
attack_binary_pgd_0.30,38662,Min,60.0,60.07967758178711,0.07967758178710938,1.0,Min > Max,Attack,Attack,Benign
attack_binary_cw_0,2281,Tot sum,774.0,-25130.298828125,-25904.298828125,1.0,Non-negative constraint violated,Attack,Attack,Benign
attack_binary_cw_0,2281,Variance,2582.933349609375,-453.5888977050781,-3036.522247314453,1.0,Non-negative constraint violated | Variance mismatch vs Std^2,Attack,Attack,Benign
attack_binary_cw_0,2281,Rate,99.8662109375,-1299.28076171875,-1399.14697265625,1.0,Non-negative constraint violated,Attack,Attack,Benign
attack_binary_cw_0,2281,Tot size,77.4000015258789,-75.13536071777344,-152.53536224365234,1.0,Non-negative constraint violated,Attack,Attack,Benign
attack_binary_cw_0,2281,AVG,77.4000015258789,-32.12187194824219,-109.5218734741211,1.0,"Non-negative constraint violated | AVG outside [Min, Max]",Attack,Attack,Benign
attack_binary_cw_0,2281,Number,10.0,-32.71131896972656,-42.71131896972656,1.0,Integer constraint violated | Non-negative constraint violated | Packet count must be >= 1,Attack,Attack,Benign
attack_binary_cw_0,2281,Max,214.0,186.39662170410156,-27.603378295898438,1.0,-,Attack,Attack,Benign
attack_binary_cw_0,2281,Std,50.822566986083984,40.01021957397461,-10.812347412109375,1.0,Variance mismatch vs Std^2,Attack,Attack,Benign
attack_binary_cw_0,2281,Header_Length,11.600000381469727,18.408649444580078,6.808649063110352,1.0,-,Attack,Attack,Benign
attack_binary_cw_0,2281,Min,50.0,54.290626525878906,4.290626525878906,1.0,-,Attack,Attack,Benign
attack_binary_cw_0,2281,ack_count,3.0,0.2527580261230469,-2.747241973876953,0.30000001192092896,Integer constraint violated,Attack,Attack,Benign
attack_binary_cw_0,2281,syn_flag_number,0.0,-0.6132820248603821,-0.6132820248603821,0.30000001192092896,Integer constraint violated | Non-negative constraint violated,Attack,Attack,Benign
attack_binary_cw_0,2281,SSH,0.0,-0.550121009349823,-0.550121009349823,0.0,Binary constraint violated (must be 0/1),Attack,Attack,Benign
attack_binary_cw_0,2281,ICMP,0.0,-0.5250918865203857,-0.5250918865203857,0.0,Binary constraint violated (must be 0/1),Attack,Attack,Benign
attack_binary_cw_0,2281,Protocol Type,17.0,17.494525909423828,0.4945259094238281,0.0,"Protocol clean=17, adv=INVALID (non-integer: 17.4945) | Protocol invalid: non-integer",Attack,Attack,Benign
attack_binary_cw_0,2281,syn_count,0.0,-0.4817718267440796,-0.4817718267440796,0.30000001192092896,Integer constraint violated | Non-negative constraint violated,Attack,Attack,Benign
attack_binary_cw_0,2281,psh_flag_number,0.0,-0.4598689377307892,-0.4598689377307892,0.30000001192092896,Integer constraint violated | Non-negative constraint violated,Attack,Attack,Benign
attack_binary_cw_0,2281,rst_count,0.0,-0.3899599611759186,-0.3899599611759186,0.30000001192092896,Integer constraint violated | Non-negative constraint violated,Attack,Attack,Benign
attack_binary_cw_0,2281,rst_flag_number,0.0,-0.3588283061981201,-0.3588283061981201,0.30000001192092896,Integer constraint violated | Non-negative constraint violated,Attack,Attack,Benign
attack_binary_cw_0,2281,HTTP,0.0,-0.34488242864608765,-0.34488242864608765,0.0,Binary constraint violated (must be 0/1),Attack,Attack,Benign
attack_binary_cw_0,2281,fin_flag_number,0.0,-0.2874416410923004,-0.2874416410923004,0.30000001192092896,Integer constraint violated | Non-negative constraint violated,Attack,Attack,Benign
attack_binary_cw_0,2281,ARP,0.0,-0.23747096955776215,-0.23747096955776215,0.0,Binary constraint violated (must be 0/1),Attack,Attack,Benign
attack_binary_cw_0,2281,fin_count,0.0,-0.205356627702713,-0.205356627702713,0.30000001192092896,Integer constraint violated | Non-negative constraint violated,Attack,Attack,Benign
attack_binary_cw_0,2281,LLC,1.0,1.0877808332443237,0.08778083324432373,0.0,Binary constraint violated (must be 0/1),Attack,Attack,Benign
attack_binary_cw_0,2281,IRC,0.0,-0.06532370299100876,-0.06532370299100876,0.0,Binary constraint violated (must be 0/1),Attack,Attack,Benign
attack_binary_cw_0,2281,DNS,0.0,-0.06268004328012466,-0.06268004328012466,0.0,Binary constraint violated (must be 0/1),Attack,Attack,Benign
attack_binary_cw_0,2281,ack_flag_number,0.0,-0.057516179978847504,-0.057516179978847504,0.30000001192092896,Integer constraint violated | Non-negative constraint violated,Attack,Attack,Benign
attack_binary_cw_0,2281,SMTP,0.0,-0.03997216746211052,-0.03997216746211052,0.0,Binary constraint violated (must be 0/1),Attack,Attack,Benign
attack_binary_cw_0,2281,cwr_flag_number,0.0,0.031404606997966766,0.031404606997966766,0.0,Integer constraint violated,Attack,Attack,Benign
attack_binary_cw_0,2281,HTTPS,0.0,0.02472594939172268,0.02472594939172268,0.0,Binary constraint violated (must be 0/1),Attack,Attack,Benign
attack_binary_cw_0,2281,UDP,1.0,1.0239311456680298,0.023931145668029785,0.0,Binary constraint violated (must be 0/1),Attack,Attack,Benign
attack_binary_cw_0,2281,TCP,0.0,-0.02340090274810791,-0.02340090274810791,0.0,Binary constraint violated (must be 0/1),Attack,Attack,Benign
attack_binary_cw_0,2281,DHCP,0.0,-0.02163400501012802,-0.02163400501012802,0.0,Binary constraint violated (must be 0/1),Attack,Attack,Benign
attack_binary_cw_0,2281,Telnet,0.0,-0.0190570205450058,-0.0190570205450058,0.0,Binary constraint violated (must be 0/1),Attack,Attack,Benign
attack_binary_cw_0,2281,IGMP,0.0,-0.01775212027132511,-0.01775212027132511,0.0,Binary constraint violated (must be 0/1),Attack,Attack,Benign
attack_binary_cw_0,2281,IPv,1.0,1.0173662900924683,0.01736629009246826,0.0,Binary constraint violated (must be 0/1),Attack,Attack,Benign
attack_binary_cw_0,2281,ece_flag_number,0.0,-0.011314130388200283,-0.011314130388200283,0.0,Integer constraint violated | Non-negative constraint violated,Attack,Attack,Benign
attack_binary_cw_0,2281,Time_To_Live,78.0,78.00508117675781,0.0050811767578125,0.0,-,Attack,Attack,Benign
attack_binary_cw_0,2403,Tot sum,15625.0,21899.67578125,6274.67578125,1.0,-,Benign,Benign,Attack
attack_binary_cw_0,2403,Rate,2166.47900390625,2819.150634765625,652.671630859375,1.0,-,Benign,Benign,Attack
attack_binary_cw_0,2403,Variance,333394.5,332864.59375,-529.90625,1.0,-,Benign,Benign,Attack
attack_binary_cw_0,2403,Max,2962.0,2907.39697265625,-54.60302734375,1.0,-,Benign,Benign,Attack
attack_binary_cw_0,2403,AVG,1562.5,1579.03173828125,16.53173828125,1.0,-,Benign,Benign,Attack
attack_binary_cw_0,2403,Tot size,1562.5,1573.99267578125,11.49267578125,1.0,-,Benign,Benign,Attack
attack_binary_cw_0,2403,Std,577.4032592773438,582.1558227539062,4.7525634765625,1.0,-,Benign,Benign,Attack
attack_binary_cw_0,2403,Header_Length,32.0,30.213409423828125,-1.786590576171875,1.0,-,Benign,Benign,Attack
attack_binary_cw_0,2403,Number,10.0,11.3206787109375,1.3206787109375,1.0,Integer constraint violated,Benign,Benign,Attack
attack_binary_cw_0,2403,Protocol Type,6.0,6.55700159072876,0.5570015907287598,0.0,"Protocol clean=6, adv=INVALID (non-integer: 6.5570) | Protocol invalid: non-integer",Benign,Benign,Attack
attack_binary_cw_0,2403,ack_count,10.0,10.296260833740234,0.2962608337402344,0.30000001192092896,Integer constraint violated,Benign,Benign,Attack
attack_binary_cw_0,2403,SSH,0.0,0.14070388674736023,0.14070388674736023,0.0,Binary constraint violated (must be 0/1),Benign,Benign,Attack
attack_binary_cw_0,2403,HTTP,0.0,0.13927727937698364,0.13927727937698364,0.0,Binary constraint violated (must be 0/1),Benign,Benign,Attack
attack_binary_cw_0,2403,ICMP,0.0,0.12905417382717133,0.12905417382717133,0.0,Binary constraint violated (must be 0/1),Benign,Benign,Attack
attack_binary_cw_0,2403,psh_flag_number,0.0,0.11397778242826462,0.11397778242826462,0.30000001192092896,Integer constraint violated,Benign,Benign,Attack
attack_binary_cw_0,2403,HTTPS,1.0,0.9174088835716248,-0.08259111642837524,0.0,Binary constraint violated (must be 0/1),Benign,Benign,Attack
attack_binary_cw_0,2403,syn_count,0.0,0.0556359700858593,0.0556359700858593,0.30000001192092896,Integer constraint violated,Benign,Benign,Attack
attack_binary_cw_0,2403,UDP,0.0,0.049128077924251556,0.049128077924251556,0.0,Binary constraint violated (must be 0/1),Benign,Benign,Attack
attack_binary_cw_0,2403,rst_count,0.0,0.04888414591550827,0.04888414591550827,0.30000001192092896,Integer constraint violated,Benign,Benign,Attack
attack_binary_cw_0,2403,fin_count,0.0,0.0479612834751606,0.0479612834751606,0.30000001192092896,Integer constraint violated,Benign,Benign,Attack
attack_binary_cw_0,2403,fin_flag_number,0.0,0.04092203825712204,0.04092203825712204,0.30000001192092896,Integer constraint violated,Benign,Benign,Attack
attack_binary_cw_0,2403,TCP,1.0,0.9613361358642578,-0.03866386413574219,0.0,Binary constraint violated (must be 0/1),Benign,Benign,Attack
attack_binary_cw_0,2403,Min,551.0,550.9774780273438,-0.02252197265625,1.0,-,Benign,Benign,Attack
attack_binary_cw_0,2403,DNS,0.0,-0.01996593549847603,-0.01996593549847603,0.0,Binary constraint violated (must be 0/1),Benign,Benign,Attack
attack_binary_cw_0,2403,syn_flag_number,0.0,0.017355505377054214,0.017355505377054214,0.30000001192092896,Integer constraint violated,Benign,Benign,Attack
attack_binary_cw_0,2403,rst_flag_number,0.0,0.0171500276774168,0.0171500276774168,0.30000001192092896,Integer constraint violated,Benign,Benign,Attack
attack_binary_cw_0,2403,Time_To_Live,64.0,64.01583862304688,0.015838623046875,0.0,-,Benign,Benign,Attack
attack_binary_cw_0,2403,IPv,1.0,1.0157285928726196,0.01572859287261963,0.0,Binary constraint violated (must be 0/1),Benign,Benign,Attack
attack_binary_cw_0,2403,Telnet,0.0,0.014448577538132668,0.014448577538132668,0.0,Binary constraint violated (must be 0/1),Benign,Benign,Attack
attack_binary_cw_0,2403,IGMP,0.0,0.01339638326317072,0.01339638326317072,0.0,Binary constraint violated (must be 0/1),Benign,Benign,Attack
attack_binary_cw_0,2403,DHCP,0.0,-0.010516892187297344,-0.010516892187297344,0.0,Binary constraint violated (must be 0/1),Benign,Benign,Attack
attack_binary_cw_0,2403,ece_flag_number,0.0,-0.010195175185799599,-0.010195175185799599,0.0,Integer constraint violated | Non-negative constraint violated,Benign,Benign,Attack
attack_binary_cw_0,2403,LLC,1.0,1.0070332288742065,0.007033228874206543,0.0,-,Benign,Benign,Attack
attack_binary_cw_0,2403,IRC,0.0,0.0047554150223731995,0.0047554150223731995,0.0,-,Benign,Benign,Attack
attack_binary_cw_0,2403,ARP,0.0,-0.0046537392772734165,-0.0046537392772734165,0.0,-,Benign,Benign,Attack
attack_binary_cw_0,2403,SMTP,0.0,0.002721139695495367,0.002721139695495367,0.0,-,Benign,Benign,Attack
attack_binary_cw_0,2403,ack_flag_number,1.0,1.001747965812683,0.0017479658126831055,0.30000001192092896,-,Benign,Benign,Attack
attack_binary_cw_0,5968,Tot sum,662.0,-25178.857421875,-25840.857421875,1.0,Non-negative constraint violated,Attack,Attack,Benign
attack_binary_cw_0,5968,Variance,1502.622314453125,-922.1784057617188,-2424.8007202148438,1.0,Non-negative constraint violated | Variance mismatch vs Std^2,Attack,Attack,Benign
attack_binary_cw_0,5968,Rate,78.16845703125,-1170.388671875,-1248.55712890625,1.0,Non-negative constraint violated,Attack,Attack,Benign
attack_binary_cw_0,5968,Tot size,66.19999694824219,-77.15838623046875,-143.35838317871094,1.0,Non-negative constraint violated,Attack,Attack,Benign
attack_binary_cw_0,5968,AVG,66.19999694824219,-31.63434600830078,-97.83434295654297,1.0,"Non-negative constraint violated | AVG outside [Min, Max]",Attack,Attack,Benign
attack_binary_cw_0,5968,Number,10.0,-31.68280029296875,-41.68280029296875,1.0,Integer constraint violated | Non-negative constraint violated | Packet count must be >= 1,Attack,Attack,Benign
attack_binary_cw_0,5968,Max,176.0,149.76922607421875,-26.23077392578125,1.0,-,Attack,Attack,Benign
attack_binary_cw_0,5968,Std,38.763671875,28.2232666015625,-10.5404052734375,1.0,Variance mismatch vs Std^2,Attack,Attack,Benign
attack_binary_cw_0,5968,Header_Length,11.600000381469727,18.37704849243164,6.777048110961914,1.0,-,Attack,Attack,Benign
attack_binary_cw_0,5968,Min,50.0,54.24740219116211,4.247402191162109,1.0,-,Attack,Attack,Benign
attack_binary_cw_0,5968,ack_count,2.0,-0.7510874271392822,-2.7510874271392822,0.30000001192092896,Integer constraint violated | Non-negative constraint violated,Attack,Attack,Benign
attack_binary_cw_0,5968,syn_flag_number,0.0,-0.6054256558418274,-0.6054256558418274,0.30000001192092896,Integer constraint violated | Non-negative constraint violated,Attack,Attack,Benign
attack_binary_cw_0,5968,SSH,0.0,-0.5466380715370178,-0.5466380715370178,0.0,Binary constraint violated (must be 0/1),Attack,Attack,Benign
attack_binary_cw_0,5968,ICMP,0.0,-0.5252507328987122,-0.5252507328987122,0.0,Binary constraint violated (must be 0/1),Attack,Attack,Benign
attack_binary_cw_0,5968,syn_count,0.0,-0.46479931473731995,-0.46479931473731995,0.30000001192092896,Integer constraint violated | Non-negative constraint violated,Attack,Attack,Benign
attack_binary_cw_0,5968,psh_flag_number,0.0,-0.4466964304447174,-0.4466964304447174,0.30000001192092896,Integer constraint violated | Non-negative constraint violated,Attack,Attack,Benign
attack_binary_cw_0,5968,HTTP,0.0,-0.3928714990615845,-0.3928714990615845,0.0,Binary constraint violated (must be 0/1),Attack,Attack,Benign
attack_binary_cw_0,5968,rst_count,0.0,-0.3889433443546295,-0.3889433443546295,0.30000001192092896,Integer constraint violated | Non-negative constraint violated,Attack,Attack,Benign
attack_binary_cw_0,5968,rst_flag_number,0.0,-0.35399073362350464,-0.35399073362350464,0.30000001192092896,Integer constraint violated | Non-negative constraint violated,Attack,Attack,Benign
attack_binary_cw_0,5968,Protocol Type,17.0,17.297149658203125,0.297149658203125,0.0,"Protocol clean=17, adv=INVALID (non-integer: 17.2971) | Protocol invalid: non-integer",Attack,Attack,Benign
attack_binary_cw_0,5968,fin_flag_number,0.0,-0.28902673721313477,-0.28902673721313477,0.30000001192092896,Integer constraint violated | Non-negative constraint violated,Attack,Attack,Benign
attack_binary_cw_0,5968,ARP,0.0,-0.22594104707241058,-0.22594104707241058,0.0,Binary constraint violated (must be 0/1),Attack,Attack,Benign
attack_binary_cw_0,5968,fin_count,0.0,-0.2056601345539093,-0.2056601345539093,0.30000001192092896,Integer constraint violated | Non-negative constraint violated,Attack,Attack,Benign
attack_binary_cw_0,5968,LLC,1.0,1.0847208499908447,0.08472084999084473,0.0,Binary constraint violated (must be 0/1),Attack,Attack,Benign
attack_binary_cw_0,5968,ack_flag_number,0.0,-0.06860524415969849,-0.06860524415969849,0.30000001192092896,Integer constraint violated | Non-negative constraint violated,Attack,Attack,Benign
attack_binary_cw_0,5968,IRC,0.0,-0.0641486793756485,-0.0641486793756485,0.0,Binary constraint violated (must be 0/1),Attack,Attack,Benign
attack_binary_cw_0,5968,DNS,0.0,-0.051765214651823044,-0.051765214651823044,0.0,Binary constraint violated (must be 0/1),Attack,Attack,Benign
attack_binary_cw_0,5968,SMTP,0.0,-0.03302198648452759,-0.03302198648452759,0.0,Binary constraint violated (must be 0/1),Attack,Attack,Benign
attack_binary_cw_0,5968,IGMP,0.0,-0.02781176008284092,-0.02781176008284092,0.0,Binary constraint violated (must be 0/1),Attack,Attack,Benign
attack_binary_cw_0,5968,Telnet,0.0,-0.0276116281747818,-0.0276116281747818,0.0,Binary constraint violated (must be 0/1),Attack,Attack,Benign
attack_binary_cw_0,5968,cwr_flag_number,0.0,0.027004938572645187,0.027004938572645187,0.0,Integer constraint violated,Attack,Attack,Benign
attack_binary_cw_0,5968,DHCP,0.0,-0.02513020485639572,-0.02513020485639572,0.0,Binary constraint violated (must be 0/1),Attack,Attack,Benign
attack_binary_cw_0,5968,HTTPS,0.0,0.024958206340670586,0.024958206340670586,0.0,Binary constraint violated (must be 0/1),Attack,Attack,Benign
attack_binary_cw_0,5968,IPv,1.0,1.0158511400222778,0.015851140022277832,0.0,Binary constraint violated (must be 0/1),Attack,Attack,Benign
attack_binary_cw_0,5968,ece_flag_number,0.0,-0.015523550100624561,-0.015523550100624561,0.0,Integer constraint violated | Non-negative constraint violated,Attack,Attack,Benign
attack_binary_cw_0,5968,TCP,0.0,-0.01215362548828125,-0.01215362548828125,0.0,Binary constraint violated (must be 0/1),Attack,Attack,Benign
attack_binary_cw_0,5968,UDP,1.0,0.992357075214386,-0.007642924785614014,0.0,-,Attack,Attack,Benign
attack_binary_cw_0,9765,Tot sum,663.0,-24524.43359375,-25187.43359375,1.0,Non-negative constraint violated,Attack,Attack,Benign
attack_binary_cw_0,9765,Variance,270.45556640625,-2679.01611328125,-2949.4716796875,1.0,Non-negative constraint violated | Variance mismatch vs Std^2,Attack,Attack,Benign
attack_binary_cw_0,9765,Rate,86.75830078125,-1497.63427734375,-1584.392578125,1.0,Non-negative constraint violated,Attack,Attack,Benign
attack_binary_cw_0,9765,Tot size,66.30000305175781,-80.15863037109375,-146.45863342285156,1.0,Non-negative constraint violated,Attack,Attack,Benign
attack_binary_cw_0,9765,AVG,66.30000305175781,-36.66911315917969,-102.9691162109375,1.0,"Non-negative constraint violated | AVG outside [Min, Max]",Attack,Attack,Benign
attack_binary_cw_0,9765,Number,10.0,-30.177459716796875,-40.177459716796875,1.0,Integer constraint violated | Non-negative constraint violated | Packet count must be >= 1,Attack,Attack,Benign
attack_binary_cw_0,9765,Max,97.0,75.80870056152344,-21.191299438476562,1.0,-,Attack,Attack,Benign
attack_binary_cw_0,9765,Std,16.445533752441406,6.070646286010742,-10.374887466430664,1.0,Variance mismatch vs Std^2,Attack,Attack,Benign
attack_binary_cw_0,9765,Header_Length,12.800000190734863,19.406978607177734,6.606978416442871,1.0,-,Attack,Attack,Benign
attack_binary_cw_0,9765,Min,50.0,54.186378479003906,4.186378479003906,1.0,-,Attack,Attack,Benign
attack_binary_cw_0,9765,ack_count,2.0,-0.7541971802711487,-2.7541971802711487,0.30000001192092896,Integer constraint violated | Non-negative constraint violated,Attack,Attack,Benign
attack_binary_cw_0,9765,syn_flag_number,0.0,-0.5926872491836548,-0.5926872491836548,0.30000001192092896,Integer constraint violated | Non-negative constraint violated,Attack,Attack,Benign
attack_binary_cw_0,9765,SSH,0.0,-0.5406758189201355,-0.5406758189201355,0.0,Binary constraint violated (must be 0/1),Attack,Attack,Benign
attack_binary_cw_0,9765,ICMP,0.0,-0.5192131400108337,-0.5192131400108337,0.0,Binary constraint violated (must be 0/1),Attack,Attack,Benign
attack_binary_cw_0,9765,syn_count,0.0,-0.4631633162498474,-0.4631633162498474,0.30000001192092896,Integer constraint violated | Non-negative constraint violated,Attack,Attack,Benign
attack_binary_cw_0,9765,HTTP,0.0,-0.4548410475254059,-0.4548410475254059,0.0,Binary constraint violated (must be 0/1),Attack,Attack,Benign
attack_binary_cw_0,9765,psh_flag_number,0.0,-0.41458138823509216,-0.41458138823509216,0.30000001192092896,Integer constraint violated | Non-negative constraint violated,Attack,Attack,Benign
attack_binary_cw_0,9765,rst_count,0.0,-0.38666999340057373,-0.38666999340057373,0.30000001192092896,Integer constraint violated | Non-negative constraint violated,Attack,Attack,Benign
attack_binary_cw_0,9765,rst_flag_number,0.0,-0.34222331643104553,-0.34222331643104553,0.30000001192092896,Integer constraint violated | Non-negative constraint violated,Attack,Attack,Benign
attack_binary_cw_0,9765,Protocol Type,17.0,17.32980728149414,0.3298072814941406,0.0,"Protocol clean=17, adv=INVALID (non-integer: 17.3298) | Protocol invalid: non-integer",Attack,Attack,Benign
attack_binary_cw_0,9765,fin_flag_number,0.0,-0.2890336811542511,-0.2890336811542511,0.30000001192092896,Integer constraint violated | Non-negative constraint violated,Attack,Attack,Benign
attack_binary_cw_0,9765,fin_count,0.0,-0.21297399699687958,-0.21297399699687958,0.30000001192092896,Integer constraint violated | Non-negative constraint violated,Attack,Attack,Benign
attack_binary_cw_0,9765,ARP,0.0,-0.20041286945343018,-0.20041286945343018,0.0,Binary constraint violated (must be 0/1),Attack,Attack,Benign
attack_binary_cw_0,9765,ack_flag_number,0.0,-0.10256138443946838,-0.10256138443946838,0.30000001192092896,Integer constraint violated | Non-negative constraint violated,Attack,Attack,Benign
attack_binary_cw_0,9765,LLC,1.0,1.0973552465438843,0.09735524654388428,0.0,Binary constraint violated (must be 0/1),Attack,Attack,Benign
attack_binary_cw_0,9765,HTTPS,0.0,0.0632106214761734,0.0632106214761734,0.0,Binary constraint violated (must be 0/1),Attack,Attack,Benign
attack_binary_cw_0,9765,IRC,0.0,-0.05640600621700287,-0.05640600621700287,0.0,Binary constraint violated (must be 0/1),Attack,Attack,Benign
attack_binary_cw_0,9765,DNS,0.0,-0.05093454197049141,-0.05093454197049141,0.0,Binary constraint violated (must be 0/1),Attack,Attack,Benign
attack_binary_cw_0,9765,IGMP,0.0,-0.04491464048624039,-0.04491464048624039,0.0,Binary constraint violated (must be 0/1),Attack,Attack,Benign
attack_binary_cw_0,9765,IPv,1.0,1.0403393507003784,0.04033935070037842,0.0,Binary constraint violated (must be 0/1),Attack,Attack,Benign
attack_binary_cw_0,9765,Telnet,0.0,-0.0374658927321434,-0.0374658927321434,0.0,Binary constraint violated (must be 0/1),Attack,Attack,Benign
attack_binary_cw_0,9765,cwr_flag_number,0.0,0.029538655653595924,0.029538655653595924,0.0,Integer constraint violated,Attack,Attack,Benign
attack_binary_cw_0,9765,DHCP,0.0,-0.028921641409397125,-0.028921641409397125,0.0,Binary constraint violated (must be 0/1),Attack,Attack,Benign
attack_binary_cw_0,9765,SMTP,0.0,-0.028243647888302803,-0.028243647888302803,0.0,Binary constraint violated (must be 0/1),Attack,Attack,Benign
attack_binary_cw_0,9765,ece_flag_number,0.0,-0.022343546152114868,-0.022343546152114868,0.0,Integer constraint violated | Non-negative constraint violated,Attack,Attack,Benign
attack_binary_cw_0,9765,TCP,0.0,-0.012118816375732422,-0.012118816375732422,0.0,Binary constraint violated (must be 0/1),Attack,Attack,Benign
attack_binary_cw_0,9765,Time_To_Live,59.599998474121094,59.592681884765625,-0.00731658935546875,0.0,-,Attack,Attack,Benign
attack_binary_cw_0,9765,UDP,1.0,1.0047085285186768,0.004708528518676758,0.0,-,Attack,Attack,Benign
attack_binary_cw_0,5803,Tot sum,1185.0,-23469.8984375,-24654.8984375,1.0,Non-negative constraint violated,Attack,Attack,Benign
attack_binary_cw_0,5803,Variance,7812.27783203125,4605.6181640625,-3206.65966796875,1.0,Variance mismatch vs Std^2,Attack,Attack,Benign
attack_binary_cw_0,5803,Rate,141.275390625,-2016.84619140625,-2158.12158203125,1.0,Non-negative constraint violated,Attack,Attack,Benign
attack_binary_cw_0,5803,Tot size,118.5,-39.83555603027344,-158.33555603027344,1.0,Non-negative constraint violated,Attack,Attack,Benign
attack_binary_cw_0,5803,AVG,118.5,7.212120056152344,-111.28787994384766,1.0,"AVG outside [Min, Max]",Attack,Attack,Benign
attack_binary_cw_0,5803,Number,10.0,-29.341766357421875,-39.341766357421875,1.0,Integer constraint violated | Non-negative constraint violated | Packet count must be >= 1,Attack,Attack,Benign
attack_binary_cw_0,5803,Max,339.0,326.14068603515625,-12.85931396484375,1.0,-,Attack,Attack,Benign
attack_binary_cw_0,5803,Std,88.38709259033203,78.79554748535156,-9.591545104980469,1.0,Variance mismatch vs Std^2,Attack,Attack,Benign
attack_binary_cw_0,5803,Header_Length,12.800000190734863,19.35637092590332,6.556370735168457,1.0,-,Attack,Attack,Benign
attack_binary_cw_0,5803,Min,50.0,54.18250274658203,4.182502746582031,1.0,-,Attack,Attack,Benign
attack_binary_cw_0,5803,ack_count,2.0,-0.8166245222091675,-2.8166245222091675,0.30000001192092896,Integer constraint violated | Non-negative constraint violated,Attack,Attack,Benign
attack_binary_cw_0,5803,Protocol Type,17.0,17.647506713867188,0.6475067138671875,0.0,"Protocol clean=17, adv=INVALID (non-integer: 17.6475) | Protocol invalid: non-integer",Attack,Attack,Benign
attack_binary_cw_0,5803,syn_flag_number,0.0,-0.5974200367927551,-0.5974200367927551,0.30000001192092896,Integer constraint violated | Non-negative constraint violated,Attack,Attack,Benign
attack_binary_cw_0,5803,SSH,0.0,-0.5366113781929016,-0.5366113781929016,0.0,Binary constraint violated (must be 0/1),Attack,Attack,Benign
attack_binary_cw_0,5803,ICMP,0.0,-0.5152157545089722,-0.5152157545089722,0.0,Binary constraint violated (must be 0/1),Attack,Attack,Benign
attack_binary_cw_0,5803,syn_count,0.0,-0.4886890649795532,-0.4886890649795532,0.30000001192092896,Integer constraint violated | Non-negative constraint violated,Attack,Attack,Benign
attack_binary_cw_0,5803,HTTP,0.0,-0.45037487149238586,-0.45037487149238586,0.0,Binary constraint violated (must be 0/1),Attack,Attack,Benign
attack_binary_cw_0,5803,psh_flag_number,0.0,-0.42931365966796875,-0.42931365966796875,0.30000001192092896,Integer constraint violated | Non-negative constraint violated,Attack,Attack,Benign
attack_binary_cw_0,5803,rst_count,0.0,-0.4007028341293335,-0.4007028341293335,0.30000001192092896,Integer constraint violated | Non-negative constraint violated,Attack,Attack,Benign
attack_binary_cw_0,5803,rst_flag_number,0.0,-0.3625591993331909,-0.3625591993331909,0.30000001192092896,Integer constraint violated | Non-negative constraint violated,Attack,Attack,Benign
attack_binary_cw_0,5803,fin_flag_number,0.0,-0.2943800985813141,-0.2943800985813141,0.30000001192092896,Integer constraint violated | Non-negative constraint violated,Attack,Attack,Benign
attack_binary_cw_0,5803,fin_count,0.0,-0.23165865242481232,-0.23165865242481232,0.30000001192092896,Integer constraint violated | Non-negative constraint violated,Attack,Attack,Benign
attack_binary_cw_0,5803,ARP,0.0,-0.21575282514095306,-0.21575282514095306,0.0,Binary constraint violated (must be 0/1),Attack,Attack,Benign
attack_binary_cw_0,5803,ack_flag_number,0.0,-0.1344221532344818,-0.1344221532344818,0.30000001192092896,Integer constraint violated | Non-negative constraint violated,Attack,Attack,Benign
attack_binary_cw_0,5803,LLC,1.0,1.133395791053772,0.13339579105377197,0.0,Binary constraint violated (must be 0/1),Attack,Attack,Benign
attack_binary_cw_0,5803,HTTPS,0.0,0.07436388731002808,0.07436388731002808,0.0,Binary constraint violated (must be 0/1),Attack,Attack,Benign
attack_binary_cw_0,5803,IPv,1.0,1.0720157623291016,0.07201576232910156,0.0,Binary constraint violated (must be 0/1),Attack,Attack,Benign
attack_binary_cw_0,5803,DNS,0.0,-0.06858167052268982,-0.06858167052268982,0.0,Binary constraint violated (must be 0/1),Attack,Attack,Benign
attack_binary_cw_0,5803,IGMP,0.0,-0.05221162736415863,-0.05221162736415863,0.0,Binary constraint violated (must be 0/1),Attack,Attack,Benign
attack_binary_cw_0,5803,Time_To_Live,63.599998474121094,63.55312728881836,-0.046871185302734375,0.0,-,Attack,Attack,Benign
attack_binary_cw_0,5803,IRC,0.0,-0.040232278406620026,-0.040232278406620026,0.0,Binary constraint violated (must be 0/1),Attack,Attack,Benign
attack_binary_cw_0,5803,ece_flag_number,0.0,-0.03829186037182808,-0.03829186037182808,0.0,Integer constraint violated | Non-negative constraint violated,Attack,Attack,Benign
attack_binary_cw_0,5803,Telnet,0.0,-0.03535594418644905,-0.03535594418644905,0.0,Binary constraint violated (must be 0/1),Attack,Attack,Benign
attack_binary_cw_0,5803,cwr_flag_number,0.0,0.03507161885499954,0.03507161885499954,0.0,Integer constraint violated,Attack,Attack,Benign
attack_binary_cw_0,5803,SMTP,0.0,-0.034511130303144455,-0.034511130303144455,0.0,Binary constraint violated (must be 0/1),Attack,Attack,Benign
attack_binary_cw_0,5803,UDP,1.0,1.032037615776062,0.03203761577606201,0.0,Binary constraint violated (must be 0/1),Attack,Attack,Benign
attack_binary_cw_0,5803,DHCP,0.0,-0.027609100565314293,-0.027609100565314293,0.0,Binary constraint violated (must be 0/1),Attack,Attack,Benign
attack_binary_cw_0,5803,TCP,0.0,-0.020169734954833984,-0.020169734954833984,0.0,Binary constraint violated (must be 0/1),Attack,Attack,Benign
attack_binary_pgd_0.05,15816,Tot sum,624.0,-1822.9501953125,-2446.9501953125,1.0,Non-negative constraint violated,Attack,Attack,Benign
attack_binary_pgd_0.05,15816,Variance,9.600000381469727,-2206.166748046875,-2215.7667484283447,1.0,Non-negative constraint violated | Variance mismatch vs Std^2,Attack,Attack,Benign
attack_binary_pgd_0.05,15816,Rate,66.98046875,-1170.61474609375,-1237.59521484375,1.0,Non-negative constraint violated,Attack,Attack,Benign
attack_binary_pgd_0.05,15816,Max,66.0,15.300003051757812,-50.69999694824219,1.0,Min > Max,Attack,Attack,Benign
attack_binary_pgd_0.05,15816,AVG,62.400001525878906,36.5,-25.900001525878906,1.0,"AVG outside [Min, Max]",Attack,Attack,Benign
attack_binary_pgd_0.05,15816,Tot size,62.400001525878906,36.5,-25.900001525878906,1.0,-,Attack,Attack,Benign
attack_binary_pgd_0.05,15816,Std,3.098386764526367,-7.427216529846191,-10.525603294372559,1.0,Non-negative constraint violated | Variance mismatch vs Std^2,Attack,Attack,Benign
attack_binary_pgd_0.05,15816,Number,10.0,5.500007629394531,-4.499992370605469,1.0,Integer constraint violated,Attack,Attack,Benign
attack_binary_pgd_0.05,15816,Header_Length,17.600000381469727,18.20400047302246,0.6040000915527344,1.0,-,Attack,Attack,Benign
attack_binary_pgd_0.05,15816,Protocol Type,17.0,17.549999237060547,0.5499992370605469,0.0,"Protocol clean=17, adv=INVALID (non-integer: 17.5500) | Protocol invalid: non-integer",Attack,Attack,Benign
attack_binary_pgd_0.05,15816,ack_count,4.0,3.6500000953674316,-0.34999990463256836,0.30000001192092896,Integer constraint violated,Attack,Attack,Benign
attack_binary_pgd_0.05,15816,Min,60.0,60.150001525878906,0.15000152587890625,1.0,Min > Max,Attack,Attack,Benign
attack_binary_pgd_0.05,15816,Time_To_Live,86.80000305175781,86.8955078125,0.0955047607421875,0.0,-,Attack,Attack,Benign
attack_binary_pgd_0.05,15816,fin_flag_number,0.0,-0.05000000074505806,-0.05000000074505806,0.30000001192092896,Integer constraint violated | Non-negative constraint violated,Attack,Attack,Benign
attack_binary_pgd_0.05,15816,syn_flag_number,0.0,-0.05000000074505806,-0.05000000074505806,0.30000001192092896,Integer constraint violated | Non-negative constraint violated,Attack,Attack,Benign
attack_binary_pgd_0.05,15816,rst_flag_number,0.0,-0.05000000074505806,-0.05000000074505806,0.30000001192092896,Integer constraint violated | Non-negative constraint violated,Attack,Attack,Benign
attack_binary_pgd_0.05,15816,psh_flag_number,0.0,-0.05000000074505806,-0.05000000074505806,0.30000001192092896,Integer constraint violated | Non-negative constraint violated,Attack,Attack,Benign
attack_binary_pgd_0.05,15816,ack_flag_number,0.0,-0.05000000074505806,-0.05000000074505806,0.30000001192092896,Integer constraint violated | Non-negative constraint violated,Attack,Attack,Benign
attack_binary_pgd_0.05,15816,ece_flag_number,0.0,-0.05000000074505806,-0.05000000074505806,0.0,Integer constraint violated | Non-negative constraint violated,Attack,Attack,Benign
attack_binary_pgd_0.05,15816,cwr_flag_number,0.0,0.05000000074505806,0.05000000074505806,0.0,Integer constraint violated,Attack,Attack,Benign
attack_binary_pgd_0.05,15816,syn_count,0.0,-0.05000000074505806,-0.05000000074505806,0.30000001192092896,Integer constraint violated | Non-negative constraint violated,Attack,Attack,Benign
attack_binary_pgd_0.05,15816,fin_count,0.0,-0.05000000074505806,-0.05000000074505806,0.30000001192092896,Integer constraint violated | Non-negative constraint violated,Attack,Attack,Benign
attack_binary_pgd_0.05,15816,rst_count,0.0,-0.05000000074505806,-0.05000000074505806,0.30000001192092896,Integer constraint violated | Non-negative constraint violated,Attack,Attack,Benign
attack_binary_pgd_0.05,15816,HTTP,0.0,-0.05000000074505806,-0.05000000074505806,0.0,Binary constraint violated (must be 0/1),Attack,Attack,Benign
attack_binary_pgd_0.05,15816,HTTPS,0.0,0.05000000074505806,0.05000000074505806,0.0,Binary constraint violated (must be 0/1),Attack,Attack,Benign
attack_binary_pgd_0.05,15816,DNS,0.0,-0.05000000074505806,-0.05000000074505806,0.0,Binary constraint violated (must be 0/1),Attack,Attack,Benign
attack_binary_pgd_0.05,15816,Telnet,0.0,-0.05000000074505806,-0.05000000074505806,0.0,Binary constraint violated (must be 0/1),Attack,Attack,Benign
attack_binary_pgd_0.05,15816,SMTP,0.0,-0.05000000074505806,-0.05000000074505806,0.0,Binary constraint violated (must be 0/1),Attack,Attack,Benign
attack_binary_pgd_0.05,15816,SSH,0.0,-0.05000000074505806,-0.05000000074505806,0.0,Binary constraint violated (must be 0/1),Attack,Attack,Benign
attack_binary_pgd_0.05,15816,IRC,0.0,0.05000000074505806,0.05000000074505806,0.0,Binary constraint violated (must be 0/1),Attack,Attack,Benign
attack_binary_pgd_0.05,15816,DHCP,0.0,-0.05000000074505806,-0.05000000074505806,0.0,Binary constraint violated (must be 0/1),Attack,Attack,Benign
attack_binary_pgd_0.05,15816,ARP,0.0,-0.05000000074505806,-0.05000000074505806,0.0,Binary constraint violated (must be 0/1),Attack,Attack,Benign
attack_binary_pgd_0.05,15816,ICMP,0.0,-0.05000000074505806,-0.05000000074505806,0.0,Binary constraint violated (must be 0/1),Attack,Attack,Benign
attack_binary_pgd_0.05,15816,IGMP,0.0,-0.05000000074505806,-0.05000000074505806,0.0,Binary constraint violated (must be 0/1),Attack,Attack,Benign
attack_binary_pgd_0.05,15816,UDP,1.0,1.0499999523162842,0.04999995231628418,0.0,Binary constraint violated (must be 0/1),Attack,Attack,Benign
attack_binary_pgd_0.05,15816,IPv,1.0,1.0499999523162842,0.04999995231628418,0.0,Binary constraint violated (must be 0/1),Attack,Attack,Benign
attack_binary_pgd_0.05,15816,LLC,1.0,1.0499999523162842,0.04999995231628418,0.0,Binary constraint violated (must be 0/1),Attack,Attack,Benign
attack_binary_pgd_0.05,15816,TCP,0.0,0.04161202907562256,0.04161202907562256,0.0,Binary constraint violated (must be 0/1),Attack,Attack,Benign
attack_binary_pgd_0.05,13961,Tot sum,638.0,3084.9501953125,2446.9501953125,1.0,-,Benign,Benign,Attack
attack_binary_pgd_0.05,13961,Variance,8.399999618530273,2224.16650390625,2215.7665042877197,1.0,Variance mismatch vs Std^2,Benign,Benign,Attack
attack_binary_pgd_0.05,13961,Rate,323.11083984375,1560.705078125,1237.59423828125,1.0,-,Benign,Benign,Attack
attack_binary_pgd_0.05,13961,Max,66.0,15.300003051757812,-50.69999694824219,1.0,Min > Max,Benign,Benign,Attack
attack_binary_pgd_0.05,13961,AVG,63.79999923706055,89.69999694824219,25.89999771118164,1.0,"AVG outside [Min, Max]",Benign,Benign,Attack
attack_binary_pgd_0.05,13961,Tot size,63.79999923706055,89.69999694824219,25.89999771118164,1.0,-,Benign,Benign,Attack
attack_binary_pgd_0.05,13961,Std,2.898275375366211,13.423879623413086,10.525604248046875,1.0,Variance mismatch vs Std^2,Benign,Benign,Attack
attack_binary_pgd_0.05,13961,Number,10.0,14.5,4.5,1.0,Integer constraint violated,Benign,Benign,Attack
attack_binary_pgd_0.05,13961,Header_Length,21.600000381469727,20.996000289916992,-0.6040000915527344,1.0,-,Benign,Benign,Attack
attack_binary_pgd_0.05,13961,Protocol Type,6.0,5.449999809265137,-0.5500001907348633,0.0,"Protocol clean=6, adv=INVALID (non-integer: 5.4500) | Protocol invalid: non-integer",Benign,Benign,Attack
attack_binary_pgd_0.05,13961,ack_count,6.0,6.350000381469727,0.35000038146972656,0.30000001192092896,Integer constraint violated,Benign,Benign,Attack
attack_binary_pgd_0.05,13961,Min,60.0,59.70000076293945,-0.2999992370605469,1.0,Min > Max,Benign,Benign,Attack
attack_binary_pgd_0.05,13961,Time_To_Live,121.80000305175781,121.70450592041016,-0.09549713134765625,0.0,-,Benign,Benign,Attack
attack_binary_pgd_0.05,13961,LLC,1.0,0.949999988079071,-0.050000011920928955,0.0,Binary constraint violated (must be 0/1),Benign,Benign,Attack
attack_binary_pgd_0.05,13961,fin_flag_number,0.0,0.05000000074505806,0.05000000074505806,0.30000001192092896,Integer constraint violated,Benign,Benign,Attack
attack_binary_pgd_0.05,13961,syn_flag_number,0.0,0.05000000074505806,0.05000000074505806,0.30000001192092896,Integer constraint violated,Benign,Benign,Attack
attack_binary_pgd_0.05,13961,rst_flag_number,0.0,0.05000000074505806,0.05000000074505806,0.30000001192092896,Integer constraint violated,Benign,Benign,Attack
attack_binary_pgd_0.05,13961,psh_flag_number,0.0,0.05000000074505806,0.05000000074505806,0.30000001192092896,Integer constraint violated,Benign,Benign,Attack
attack_binary_pgd_0.05,13961,ece_flag_number,0.0,-0.05000000074505806,-0.05000000074505806,0.0,Integer constraint violated | Non-negative constraint violated,Benign,Benign,Attack
attack_binary_pgd_0.05,13961,cwr_flag_number,0.0,-0.05000000074505806,-0.05000000074505806,0.0,Integer constraint violated | Non-negative constraint violated,Benign,Benign,Attack
attack_binary_pgd_0.05,13961,syn_count,0.0,0.05000000074505806,0.05000000074505806,0.30000001192092896,Integer constraint violated,Benign,Benign,Attack
attack_binary_pgd_0.05,13961,fin_count,0.0,-0.05000000074505806,-0.05000000074505806,0.30000001192092896,Integer constraint violated | Non-negative constraint violated,Benign,Benign,Attack
attack_binary_pgd_0.05,13961,rst_count,0.0,0.05000000074505806,0.05000000074505806,0.30000001192092896,Integer constraint violated,Benign,Benign,Attack
attack_binary_pgd_0.05,13961,HTTP,0.0,-0.05000000074505806,-0.05000000074505806,0.0,Binary constraint violated (must be 0/1),Benign,Benign,Attack
attack_binary_pgd_0.05,13961,DNS,0.0,0.05000000074505806,0.05000000074505806,0.0,Binary constraint violated (must be 0/1),Benign,Benign,Attack
attack_binary_pgd_0.05,13961,Telnet,0.0,0.05000000074505806,0.05000000074505806,0.0,Binary constraint violated (must be 0/1),Benign,Benign,Attack
attack_binary_pgd_0.05,13961,SMTP,0.0,0.05000000074505806,0.05000000074505806,0.0,Binary constraint violated (must be 0/1),Benign,Benign,Attack
attack_binary_pgd_0.05,13961,SSH,0.0,0.05000000074505806,0.05000000074505806,0.0,Binary constraint violated (must be 0/1),Benign,Benign,Attack
attack_binary_pgd_0.05,13961,IRC,0.0,-0.05000000074505806,-0.05000000074505806,0.0,Binary constraint violated (must be 0/1),Benign,Benign,Attack
attack_binary_pgd_0.05,13961,UDP,0.0,0.05000000074505806,0.05000000074505806,0.0,Binary constraint violated (must be 0/1),Benign,Benign,Attack
attack_binary_pgd_0.05,13961,DHCP,0.0,0.05000000074505806,0.05000000074505806,0.0,Binary constraint violated (must be 0/1),Benign,Benign,Attack
attack_binary_pgd_0.05,13961,ARP,0.0,0.05000000074505806,0.05000000074505806,0.0,Binary constraint violated (must be 0/1),Benign,Benign,Attack
attack_binary_pgd_0.05,13961,ICMP,0.0,0.05000000074505806,0.05000000074505806,0.0,Binary constraint violated (must be 0/1),Benign,Benign,Attack
attack_binary_pgd_0.05,13961,IGMP,0.0,0.05000000074505806,0.05000000074505806,0.0,Binary constraint violated (must be 0/1),Benign,Benign,Attack
attack_binary_pgd_0.05,13961,ack_flag_number,1.0,1.0499999523162842,0.04999995231628418,0.30000001192092896,Integer constraint violated,Benign,Benign,Attack
attack_binary_pgd_0.05,13961,HTTPS,1.0,1.0499999523162842,0.04999995231628418,0.0,Binary constraint violated (must be 0/1),Benign,Benign,Attack
attack_binary_pgd_0.05,13961,TCP,1.0,1.0499999523162842,0.04999995231628418,0.0,Binary constraint violated (must be 0/1),Benign,Benign,Attack
attack_binary_pgd_0.05,13961,IPv,1.0,0.987500011920929,-0.012499988079071045,0.0,Binary constraint violated (must be 0/1),Benign,Benign,Attack
attack_binary_pgd_0.05,47517,Tot sum,689.0,-1757.9501953125,-2446.9501953125,1.0,Non-negative constraint violated,Attack,Attack,Benign
attack_binary_pgd_0.05,47517,Variance,30.988887786865234,-2184.77783203125,-2215.7667198181152,1.0,Non-negative constraint violated | Variance mismatch vs Std^2,Attack,Attack,Benign
attack_binary_pgd_0.05,47517,Rate,706.9208984375,-530.67333984375,-1237.59423828125,1.0,Non-negative constraint violated,Attack,Attack,Benign
attack_binary_pgd_0.05,47517,Max,83.0,32.30000305175781,-50.69999694824219,1.0,Min > Max,Attack,Attack,Benign
attack_binary_pgd_0.05,47517,AVG,68.9000015258789,43.000003814697266,-25.89999771118164,1.0,"AVG outside [Min, Max]",Attack,Attack,Benign
attack_binary_pgd_0.05,47517,Tot size,68.9000015258789,43.000003814697266,-25.89999771118164,1.0,-,Attack,Attack,Benign
attack_binary_pgd_0.05,47517,Std,5.566766262054443,-4.958836555480957,-10.5256028175354,1.0,Non-negative constraint violated | Variance mismatch vs Std^2,Attack,Attack,Benign
attack_binary_pgd_0.05,47517,Number,10.0,14.5,4.5,1.0,Integer constraint violated,Attack,Attack,Benign
attack_binary_pgd_0.05,47517,Header_Length,24.799999237060547,24.195999145507812,-0.6040000915527344,1.0,-,Attack,Attack,Benign
attack_binary_pgd_0.05,47517,Protocol Type,6.0,6.550000190734863,0.5500001907348633,0.0,"Protocol clean=6, adv=INVALID (non-integer: 6.5500) | Protocol invalid: non-integer",Attack,Attack,Benign
attack_binary_pgd_0.05,47517,ack_count,7.0,6.650000095367432,-0.34999990463256836,0.30000001192092896,Integer constraint violated,Attack,Attack,Benign
attack_binary_pgd_0.05,47517,Min,66.0,65.69999694824219,-0.3000030517578125,1.0,Min > Max,Attack,Attack,Benign
attack_binary_pgd_0.05,47517,Time_To_Live,135.8000030517578,135.8955078125,0.0955047607421875,0.0,-,Attack,Attack,Benign
attack_binary_pgd_0.05,47517,ack_flag_number,1.0,0.949999988079071,-0.050000011920928955,0.30000001192092896,Integer constraint violated,Attack,Attack,Benign
attack_binary_pgd_0.05,47517,HTTPS,1.0,0.949999988079071,-0.050000011920928955,0.0,Binary constraint violated (must be 0/1),Attack,Attack,Benign
attack_binary_pgd_0.05,47517,fin_flag_number,0.0,-0.05000000074505806,-0.05000000074505806,0.30000001192092896,Integer constraint violated | Non-negative constraint violated,Attack,Attack,Benign
attack_binary_pgd_0.05,47517,syn_flag_number,0.0,-0.05000000074505806,-0.05000000074505806,0.30000001192092896,Integer constraint violated | Non-negative constraint violated,Attack,Attack,Benign
attack_binary_pgd_0.05,47517,rst_flag_number,0.0,-0.05000000074505806,-0.05000000074505806,0.30000001192092896,Integer constraint violated | Non-negative constraint violated,Attack,Attack,Benign
attack_binary_pgd_0.05,47517,psh_flag_number,0.0,-0.05000000074505806,-0.05000000074505806,0.30000001192092896,Integer constraint violated | Non-negative constraint violated,Attack,Attack,Benign
attack_binary_pgd_0.05,47517,ece_flag_number,0.0,-0.05000000074505806,-0.05000000074505806,0.0,Integer constraint violated | Non-negative constraint violated,Attack,Attack,Benign
attack_binary_pgd_0.05,47517,cwr_flag_number,0.0,0.05000000074505806,0.05000000074505806,0.0,Integer constraint violated,Attack,Attack,Benign
attack_binary_pgd_0.05,47517,syn_count,0.0,-0.05000000074505806,-0.05000000074505806,0.30000001192092896,Integer constraint violated | Non-negative constraint violated,Attack,Attack,Benign
attack_binary_pgd_0.05,47517,fin_count,0.0,-0.05000000074505806,-0.05000000074505806,0.30000001192092896,Integer constraint violated | Non-negative constraint violated,Attack,Attack,Benign
attack_binary_pgd_0.05,47517,rst_count,0.0,-0.05000000074505806,-0.05000000074505806,0.30000001192092896,Integer constraint violated | Non-negative constraint violated,Attack,Attack,Benign
attack_binary_pgd_0.05,47517,HTTP,0.0,0.05000000074505806,0.05000000074505806,0.0,Binary constraint violated (must be 0/1),Attack,Attack,Benign
attack_binary_pgd_0.05,47517,DNS,0.0,-0.05000000074505806,-0.05000000074505806,0.0,Binary constraint violated (must be 0/1),Attack,Attack,Benign
attack_binary_pgd_0.05,47517,Telnet,0.0,-0.05000000074505806,-0.05000000074505806,0.0,Binary constraint violated (must be 0/1),Attack,Attack,Benign
attack_binary_pgd_0.05,47517,SMTP,0.0,-0.05000000074505806,-0.05000000074505806,0.0,Binary constraint violated (must be 0/1),Attack,Attack,Benign
attack_binary_pgd_0.05,47517,SSH,0.0,-0.05000000074505806,-0.05000000074505806,0.0,Binary constraint violated (must be 0/1),Attack,Attack,Benign
attack_binary_pgd_0.05,47517,IRC,0.0,0.05000000074505806,0.05000000074505806,0.0,Binary constraint violated (must be 0/1),Attack,Attack,Benign
attack_binary_pgd_0.05,47517,UDP,0.0,0.05000000074505806,0.05000000074505806,0.0,Binary constraint violated (must be 0/1),Attack,Attack,Benign
attack_binary_pgd_0.05,47517,DHCP,0.0,0.05000000074505806,0.05000000074505806,0.0,Binary constraint violated (must be 0/1),Attack,Attack,Benign
attack_binary_pgd_0.05,47517,ARP,0.0,-0.05000000074505806,-0.05000000074505806,0.0,Binary constraint violated (must be 0/1),Attack,Attack,Benign
attack_binary_pgd_0.05,47517,ICMP,0.0,-0.05000000074505806,-0.05000000074505806,0.0,Binary constraint violated (must be 0/1),Attack,Attack,Benign
attack_binary_pgd_0.05,47517,IGMP,0.0,0.05000000074505806,0.05000000074505806,0.0,Binary constraint violated (must be 0/1),Attack,Attack,Benign
attack_binary_pgd_0.05,47517,TCP,1.0,1.0499999523162842,0.04999995231628418,0.0,Binary constraint violated (must be 0/1),Attack,Attack,Benign
attack_binary_pgd_0.05,47517,IPv,1.0,1.0499999523162842,0.04999995231628418,0.0,Binary constraint violated (must be 0/1),Attack,Attack,Benign
attack_binary_pgd_0.05,47517,LLC,1.0,1.0499999523162842,0.04999995231628418,0.0,Binary constraint violated (must be 0/1),Attack,Attack,Benign
attack_binary_pgd_0.05,4632,Tot sum,618.0,-1828.94970703125,-2446.94970703125,1.0,Non-negative constraint violated,Attack,Attack,Benign
attack_binary_pgd_0.05,4632,Variance,8.399999618530273,-2207.36669921875,-2215.7666988372803,1.0,Non-negative constraint violated | Variance mismatch vs Std^2,Attack,Attack,Benign
attack_binary_pgd_0.05,4632,Rate,70.2568359375,-1167.337890625,-1237.5947265625,1.0,Non-negative constraint violated,Attack,Attack,Benign
attack_binary_pgd_0.05,4632,Max,66.0,15.300003051757812,-50.69999694824219,1.0,Min > Max,Attack,Attack,Benign
attack_binary_pgd_0.05,4632,AVG,61.79999923706055,35.900001525878906,-25.89999771118164,1.0,"AVG outside [Min, Max]",Attack,Attack,Benign
attack_binary_pgd_0.05,4632,Tot size,61.79999923706055,35.900001525878906,-25.89999771118164,1.0,-,Attack,Attack,Benign
attack_binary_pgd_0.05,4632,Std,2.898275375366211,-7.627327919006348,-10.525603294372559,1.0,Non-negative constraint violated | Variance mismatch vs Std^2,Attack,Attack,Benign
attack_binary_pgd_0.05,4632,Number,10.0,5.500007629394531,-4.499992370605469,1.0,Integer constraint violated,Attack,Attack,Benign
attack_binary_pgd_0.05,4632,Header_Length,15.199999809265137,15.803999900817871,0.6040000915527344,1.0,-,Attack,Attack,Benign
attack_binary_pgd_0.05,4632,Protocol Type,17.0,17.549999237060547,0.5499992370605469,0.0,"Protocol clean=17, adv=INVALID (non-integer: 17.5500) | Protocol invalid: non-integer",Attack,Attack,Benign
attack_binary_pgd_0.05,4632,ack_count,3.0,3.3500001430511475,0.35000014305114746,0.30000001192092896,Integer constraint violated,Attack,Attack,Benign
attack_binary_pgd_0.05,4632,Min,60.0,60.29999923706055,0.2999992370605469,1.0,Min > Max,Attack,Attack,Benign
attack_binary_pgd_0.05,4632,Time_To_Live,79.5,79.59549713134766,0.09549713134765625,0.0,-,Attack,Attack,Benign
attack_binary_pgd_0.05,4632,fin_flag_number,0.0,-0.05000000074505806,-0.05000000074505806,0.30000001192092896,Integer constraint violated | Non-negative constraint violated,Attack,Attack,Benign
attack_binary_pgd_0.05,4632,syn_flag_number,0.0,-0.05000000074505806,-0.05000000074505806,0.30000001192092896,Integer constraint violated | Non-negative constraint violated,Attack,Attack,Benign
attack_binary_pgd_0.05,4632,rst_flag_number,0.0,-0.05000000074505806,-0.05000000074505806,0.30000001192092896,Integer constraint violated | Non-negative constraint violated,Attack,Attack,Benign
attack_binary_pgd_0.05,4632,psh_flag_number,0.0,-0.05000000074505806,-0.05000000074505806,0.30000001192092896,Integer constraint violated | Non-negative constraint violated,Attack,Attack,Benign
attack_binary_pgd_0.05,4632,ack_flag_number,0.0,-0.05000000074505806,-0.05000000074505806,0.30000001192092896,Integer constraint violated | Non-negative constraint violated,Attack,Attack,Benign
attack_binary_pgd_0.05,4632,cwr_flag_number,0.0,0.05000000074505806,0.05000000074505806,0.0,Integer constraint violated,Attack,Attack,Benign
attack_binary_pgd_0.05,4632,syn_count,0.0,-0.05000000074505806,-0.05000000074505806,0.30000001192092896,Integer constraint violated | Non-negative constraint violated,Attack,Attack,Benign
attack_binary_pgd_0.05,4632,fin_count,0.0,-0.05000000074505806,-0.05000000074505806,0.30000001192092896,Integer constraint violated | Non-negative constraint violated,Attack,Attack,Benign
attack_binary_pgd_0.05,4632,rst_count,0.0,-0.05000000074505806,-0.05000000074505806,0.30000001192092896,Integer constraint violated | Non-negative constraint violated,Attack,Attack,Benign
attack_binary_pgd_0.05,4632,HTTP,0.0,-0.05000000074505806,-0.05000000074505806,0.0,Binary constraint violated (must be 0/1),Attack,Attack,Benign
attack_binary_pgd_0.05,4632,HTTPS,0.0,0.05000000074505806,0.05000000074505806,0.0,Binary constraint violated (must be 0/1),Attack,Attack,Benign
attack_binary_pgd_0.05,4632,DNS,0.0,-0.05000000074505806,-0.05000000074505806,0.0,Binary constraint violated (must be 0/1),Attack,Attack,Benign
attack_binary_pgd_0.05,4632,Telnet,0.0,-0.05000000074505806,-0.05000000074505806,0.0,Binary constraint violated (must be 0/1),Attack,Attack,Benign
attack_binary_pgd_0.05,4632,SMTP,0.0,-0.05000000074505806,-0.05000000074505806,0.0,Binary constraint violated (must be 0/1),Attack,Attack,Benign
attack_binary_pgd_0.05,4632,SSH,0.0,-0.05000000074505806,-0.05000000074505806,0.0,Binary constraint violated (must be 0/1),Attack,Attack,Benign
attack_binary_pgd_0.05,4632,IRC,0.0,0.05000000074505806,0.05000000074505806,0.0,Binary constraint violated (must be 0/1),Attack,Attack,Benign
attack_binary_pgd_0.05,4632,DHCP,0.0,-0.05000000074505806,-0.05000000074505806,0.0,Binary constraint violated (must be 0/1),Attack,Attack,Benign
attack_binary_pgd_0.05,4632,ARP,0.0,-0.05000000074505806,-0.05000000074505806,0.0,Binary constraint violated (must be 0/1),Attack,Attack,Benign
attack_binary_pgd_0.05,4632,ICMP,0.0,-0.05000000074505806,-0.05000000074505806,0.0,Binary constraint violated (must be 0/1),Attack,Attack,Benign
attack_binary_pgd_0.05,4632,IGMP,0.0,-0.05000000074505806,-0.05000000074505806,0.0,Binary constraint violated (must be 0/1),Attack,Attack,Benign
attack_binary_pgd_0.05,4632,TCP,0.0,-0.04999995231628418,-0.04999995231628418,0.0,Binary constraint violated (must be 0/1),Attack,Attack,Benign
attack_binary_pgd_0.05,4632,UDP,1.0,1.0499999523162842,0.04999995231628418,0.0,Binary constraint violated (must be 0/1),Attack,Attack,Benign
attack_binary_pgd_0.05,4632,IPv,1.0,1.0499999523162842,0.04999995231628418,0.0,Binary constraint violated (must be 0/1),Attack,Attack,Benign
attack_binary_pgd_0.05,4632,LLC,1.0,1.0499999523162842,0.04999995231628418,0.0,Binary constraint violated (must be 0/1),Attack,Attack,Benign
attack_binary_pgd_0.05,4632,ece_flag_number,0.0,0.012500002048909664,0.012500002048909664,0.0,Integer constraint violated,Attack,Attack,Benign
attack_binary_pgd_0.05,34155,Tot sum,660.0,-1786.9501953125,-2446.9501953125,1.0,Non-negative constraint violated,Attack,Attack,Benign
attack_binary_pgd_0.05,34155,Variance,0.0,-2215.766845703125,-2215.766845703125,1.0,Non-negative constraint violated | Variance mismatch vs Std^2,Attack,Attack,Benign
attack_binary_pgd_0.05,34155,Rate,2546.47802734375,1308.8837890625,-1237.59423828125,1.0,-,Attack,Attack,Benign
attack_binary_pgd_0.05,34155,Max,66.0,116.69999694824219,50.69999694824219,1.0,-,Attack,Attack,Benign
attack_binary_pgd_0.05,34155,AVG,66.0,40.10000228881836,-25.89999771118164,1.0,"AVG outside [Min, Max]",Attack,Attack,Benign
attack_binary_pgd_0.05,34155,Tot size,66.0,40.10000228881836,-25.89999771118164,1.0,-,Attack,Attack,Benign
attack_binary_pgd_0.05,34155,Std,0.0,-10.525604248046875,-10.525604248046875,1.0,Non-negative constraint violated | Variance mismatch vs Std^2,Attack,Attack,Benign
attack_binary_pgd_0.05,34155,Number,10.0,14.5,4.5,1.0,Integer constraint violated,Attack,Attack,Benign
attack_binary_pgd_0.05,34155,Header_Length,32.0,31.395999908447266,-0.6040000915527344,1.0,-,Attack,Attack,Benign
attack_binary_pgd_0.05,34155,Protocol Type,6.0,6.550000190734863,0.5500001907348633,0.0,"Protocol clean=6, adv=INVALID (non-integer: 6.5500) | Protocol invalid: non-integer",Attack,Attack,Benign
attack_binary_pgd_0.05,34155,ack_count,10.0,9.65000057220459,-0.34999942779541016,0.30000001192092896,Integer constraint violated,Attack,Attack,Benign
attack_binary_pgd_0.05,34155,Min,66.0,65.69999694824219,-0.3000030517578125,1.0,-,Attack,Attack,Benign
attack_binary_pgd_0.05,34155,Time_To_Live,164.1999969482422,164.29550170898438,0.0955047607421875,0.0,-,Attack,Attack,Benign
attack_binary_pgd_0.05,34155,ack_flag_number,1.0,0.949999988079071,-0.050000011920928955,0.30000001192092896,Integer constraint violated,Attack,Attack,Benign
attack_binary_pgd_0.05,34155,HTTPS,1.0,0.949999988079071,-0.050000011920928955,0.0,Binary constraint violated (must be 0/1),Attack,Attack,Benign
attack_binary_pgd_0.05,34155,fin_flag_number,0.0,-0.05000000074505806,-0.05000000074505806,0.30000001192092896,Integer constraint violated | Non-negative constraint violated,Attack,Attack,Benign
attack_binary_pgd_0.05,34155,syn_flag_number,0.0,-0.05000000074505806,-0.05000000074505806,0.30000001192092896,Integer constraint violated | Non-negative constraint violated,Attack,Attack,Benign
attack_binary_pgd_0.05,34155,rst_flag_number,0.0,-0.05000000074505806,-0.05000000074505806,0.30000001192092896,Integer constraint violated | Non-negative constraint violated,Attack,Attack,Benign
attack_binary_pgd_0.05,34155,psh_flag_number,0.0,-0.05000000074505806,-0.05000000074505806,0.30000001192092896,Integer constraint violated | Non-negative constraint violated,Attack,Attack,Benign
attack_binary_pgd_0.05,34155,ece_flag_number,0.0,-0.05000000074505806,-0.05000000074505806,0.0,Integer constraint violated | Non-negative constraint violated,Attack,Attack,Benign
attack_binary_pgd_0.05,34155,cwr_flag_number,0.0,-0.05000000074505806,-0.05000000074505806,0.0,Integer constraint violated | Non-negative constraint violated,Attack,Attack,Benign
attack_binary_pgd_0.05,34155,syn_count,0.0,-0.05000000074505806,-0.05000000074505806,0.30000001192092896,Integer constraint violated | Non-negative constraint violated,Attack,Attack,Benign
attack_binary_pgd_0.05,34155,fin_count,0.0,-0.05000000074505806,-0.05000000074505806,0.30000001192092896,Integer constraint violated | Non-negative constraint violated,Attack,Attack,Benign
attack_binary_pgd_0.05,34155,rst_count,0.0,-0.05000000074505806,-0.05000000074505806,0.30000001192092896,Integer constraint violated | Non-negative constraint violated,Attack,Attack,Benign
attack_binary_pgd_0.05,34155,HTTP,0.0,0.05000000074505806,0.05000000074505806,0.0,Binary constraint violated (must be 0/1),Attack,Attack,Benign
attack_binary_pgd_0.05,34155,DNS,0.0,-0.05000000074505806,-0.05000000074505806,0.0,Binary constraint violated (must be 0/1),Attack,Attack,Benign
attack_binary_pgd_0.05,34155,Telnet,0.0,0.05000000074505806,0.05000000074505806,0.0,Binary constraint violated (must be 0/1),Attack,Attack,Benign
attack_binary_pgd_0.05,34155,SMTP,0.0,-0.05000000074505806,-0.05000000074505806,0.0,Binary constraint violated (must be 0/1),Attack,Attack,Benign
attack_binary_pgd_0.05,34155,SSH,0.0,-0.05000000074505806,-0.05000000074505806,0.0,Binary constraint violated (must be 0/1),Attack,Attack,Benign
attack_binary_pgd_0.05,34155,IRC,0.0,0.05000000074505806,0.05000000074505806,0.0,Binary constraint violated (must be 0/1),Attack,Attack,Benign
attack_binary_pgd_0.05,34155,UDP,0.0,0.05000000074505806,0.05000000074505806,0.0,Binary constraint violated (must be 0/1),Attack,Attack,Benign
attack_binary_pgd_0.05,34155,DHCP,0.0,0.05000000074505806,0.05000000074505806,0.0,Binary constraint violated (must be 0/1),Attack,Attack,Benign
attack_binary_pgd_0.05,34155,ARP,0.0,-0.05000000074505806,-0.05000000074505806,0.0,Binary constraint violated (must be 0/1),Attack,Attack,Benign
attack_binary_pgd_0.05,34155,ICMP,0.0,-0.05000000074505806,-0.05000000074505806,0.0,Binary constraint violated (must be 0/1),Attack,Attack,Benign
attack_binary_pgd_0.05,34155,IGMP,0.0,0.05000000074505806,0.05000000074505806,0.0,Binary constraint violated (must be 0/1),Attack,Attack,Benign
attack_binary_pgd_0.05,34155,TCP,1.0,1.0499999523162842,0.04999995231628418,0.0,Binary constraint violated (must be 0/1),Attack,Attack,Benign
attack_binary_pgd_0.05,34155,IPv,1.0,1.0499999523162842,0.04999995231628418,0.0,Binary constraint violated (must be 0/1),Attack,Attack,Benign
attack_binary_pgd_0.05,34155,LLC,1.0,1.0499999523162842,0.04999995231628418,0.0,Binary constraint violated (must be 0/1),Attack,Attack,Benign
attack_8class_pgd_0.30,30514,Tot sum,1330.0,-13351.701171875,-14681.701171875,1.0,Non-negative constraint violated,Recon,Recon,Benign
attack_8class_pgd_0.30,30514,Variance,3707.77783203125,-9586.822265625,-13294.60009765625,1.0,Non-negative constraint violated | Variance mismatch vs Std^2,Recon,Recon,Benign
attack_8class_pgd_0.30,30514,Rate,59.0673828125,-7366.49951171875,-7425.56689453125,1.0,Non-negative constraint violated,Recon,Recon,Benign
attack_8class_pgd_0.30,30514,Max,230.0,-74.20001220703125,-304.20001220703125,1.0,Non-negative constraint violated | Min > Max,Recon,Recon,Benign
attack_8class_pgd_0.30,30514,AVG,133.0,-22.400009155273438,-155.40000915527344,1.0,"Non-negative constraint violated | AVG outside [Min, Max]",Recon,Recon,Benign
attack_8class_pgd_0.30,30514,Tot size,133.0,-22.400009155273438,-155.40000915527344,1.0,Non-negative constraint violated,Recon,Recon,Benign
attack_8class_pgd_0.30,30514,Std,60.89152526855469,-2.262098550796509,-63.153623819351196,1.0,Non-negative constraint violated | Variance mismatch vs Std^2,Recon,Recon,Benign
attack_8class_pgd_0.30,30514,Number,10.0,-16.99999237060547,-26.99999237060547,1.0,Non-negative constraint violated | Packet count must be >= 1,Recon,Recon,Benign
attack_8class_pgd_0.30,30514,Header_Length,15.199999809265137,18.823999404907227,3.62399959564209,1.0,-,Recon,Recon,Benign
attack_8class_pgd_0.30,30514,Protocol Type,17.0,13.699999809265137,-3.3000001907348633,0.0,"Protocol clean=17, adv=INVALID (non-integer: 13.7000) | Protocol invalid: non-integer",Recon,Recon,Benign
attack_8class_pgd_0.30,30514,ack_count,3.0,0.8999999761581421,-2.100000023841858,0.30000001192092896,Integer constraint violated,Recon,Recon,Benign
attack_8class_pgd_0.30,30514,Time_To_Live,112.30000305175781,112.87300109863281,0.572998046875,0.0,-,Recon,Recon,Benign
attack_8class_pgd_0.30,30514,fin_flag_number,0.0,0.30000001192092896,0.30000001192092896,0.30000001192092896,Integer constraint violated,Recon,Recon,Benign
attack_8class_pgd_0.30,30514,syn_flag_number,0.0,-0.30000001192092896,-0.30000001192092896,0.30000001192092896,Integer constraint violated | Non-negative constraint violated,Recon,Recon,Benign
attack_8class_pgd_0.30,30514,rst_flag_number,0.0,-0.30000001192092896,-0.30000001192092896,0.30000001192092896,Integer constraint violated | Non-negative constraint violated,Recon,Recon,Benign
attack_8class_pgd_0.30,30514,psh_flag_number,0.0,-0.30000001192092896,-0.30000001192092896,0.30000001192092896,Integer constraint violated | Non-negative constraint violated,Recon,Recon,Benign
attack_8class_pgd_0.30,30514,ack_flag_number,0.0,-0.30000001192092896,-0.30000001192092896,0.30000001192092896,Integer constraint violated | Non-negative constraint violated,Recon,Recon,Benign
attack_8class_pgd_0.30,30514,ece_flag_number,0.0,0.30000001192092896,0.30000001192092896,0.0,Integer constraint violated,Recon,Recon,Benign
attack_8class_pgd_0.30,30514,syn_count,0.0,-0.30000001192092896,-0.30000001192092896,0.30000001192092896,Integer constraint violated | Non-negative constraint violated,Recon,Recon,Benign
attack_8class_pgd_0.30,30514,fin_count,0.0,-0.30000001192092896,-0.30000001192092896,0.30000001192092896,Integer constraint violated | Non-negative constraint violated,Recon,Recon,Benign
attack_8class_pgd_0.30,30514,rst_count,0.0,-0.30000001192092896,-0.30000001192092896,0.30000001192092896,Integer constraint violated | Non-negative constraint violated,Recon,Recon,Benign
attack_8class_pgd_0.30,30514,HTTP,0.0,-0.30000001192092896,-0.30000001192092896,0.0,Binary constraint violated (must be 0/1),Recon,Recon,Benign
attack_8class_pgd_0.30,30514,HTTPS,0.0,0.30000001192092896,0.30000001192092896,0.0,Binary constraint violated (must be 0/1),Recon,Recon,Benign
attack_8class_pgd_0.30,30514,Telnet,0.0,-0.30000001192092896,-0.30000001192092896,0.0,Binary constraint violated (must be 0/1),Recon,Recon,Benign
attack_8class_pgd_0.30,30514,SMTP,0.0,-0.30000001192092896,-0.30000001192092896,0.0,Binary constraint violated (must be 0/1),Recon,Recon,Benign
attack_8class_pgd_0.30,30514,SSH,0.0,-0.30000001192092896,-0.30000001192092896,0.0,Binary constraint violated (must be 0/1),Recon,Recon,Benign
attack_8class_pgd_0.30,30514,UDP,1.0,0.699999988079071,-0.30000001192092896,0.0,Binary constraint violated (must be 0/1),Recon,Recon,Benign
attack_8class_pgd_0.30,30514,DHCP,0.0,-0.30000001192092896,-0.30000001192092896,0.0,Binary constraint violated (must be 0/1),Recon,Recon,Benign
attack_8class_pgd_0.30,30514,ARP,0.0,0.30000001192092896,0.30000001192092896,0.0,Binary constraint violated (must be 0/1),Recon,Recon,Benign
attack_8class_pgd_0.30,30514,IGMP,0.0,-0.30000001192092896,-0.30000001192092896,0.0,Binary constraint violated (must be 0/1),Recon,Recon,Benign
attack_8class_pgd_0.30,30514,IPv,1.0,0.699999988079071,-0.30000001192092896,0.0,Binary constraint violated (must be 0/1),Recon,Recon,Benign
attack_8class_pgd_0.30,30514,LLC,1.0,0.699999988079071,-0.30000001192092896,0.0,Binary constraint violated (must be 0/1),Recon,Recon,Benign
attack_8class_pgd_0.30,30514,TCP,0.0,-0.2999999523162842,-0.2999999523162842,0.0,Binary constraint violated (must be 0/1),Recon,Recon,Benign
attack_8class_pgd_0.30,30514,Min,66.0,65.76062774658203,-0.23937225341796875,1.0,Min > Max,Recon,Recon,Benign
attack_8class_pgd_0.30,30514,DNS,0.0,-0.22500000894069672,-0.22500000894069672,0.0,Binary constraint violated (must be 0/1),Recon,Recon,Benign
attack_8class_pgd_0.30,30514,cwr_flag_number,0.0,-0.15000000596046448,-0.15000000596046448,0.0,Integer constraint violated | Non-negative constraint violated,Recon,Recon,Benign
attack_8class_pgd_0.30,30514,ICMP,0.0,-0.11077472567558289,-0.11077472567558289,0.0,Binary constraint violated (must be 0/1),Recon,Recon,Benign
attack_8class_pgd_0.30,30514,IRC,0.0,-0.045104801654815674,-0.045104801654815674,0.0,Binary constraint violated (must be 0/1),Recon,Recon,Benign
attack_8class_pgd_0.30,15342,Variance,0.0,-13294.6005859375,-13294.6005859375,1.0,Non-negative constraint violated | Variance mismatch vs Std^2,DDoS,DDoS,DoS
attack_8class_pgd_0.30,15342,Rate,37677.90234375,30252.3359375,-7425.56640625,1.0,-,DDoS,DDoS,DoS
attack_8class_pgd_0.30,15342,Tot sum,6000.0,12423.392578125,6423.392578125,1.0,-,DDoS,DDoS,DoS
attack_8class_pgd_0.30,15342,Max,60.0,-168.1500244140625,-228.1500244140625,1.0,Non-negative constraint violated | Min > Max,DDoS,DDoS,DoS
attack_8class_pgd_0.30,15342,AVG,60.0,-56.54998779296875,-116.54998779296875,1.0,"Non-negative constraint violated | AVG outside [Min, Max]",DDoS,DDoS,DoS
attack_8class_pgd_0.30,15342,Tot size,60.0,-17.699989318847656,-77.69998931884766,1.0,Non-negative constraint violated,DDoS,DDoS,DoS
attack_8class_pgd_0.30,15342,Number,100.0,79.75,-20.25,1.0,Integer constraint violated,DDoS,DDoS,DoS
attack_8class_pgd_0.30,15342,Std,0.0,-15.788403511047363,-15.788403511047363,1.0,Non-negative constraint violated | Variance mismatch vs Std^2,DDoS,DDoS,DoS
attack_8class_pgd_0.30,15342,Protocol Type,6.0,9.300000190734863,3.3000001907348633,0.0,"Protocol clean=6, adv=INVALID (non-integer: 9.3000) | Protocol invalid: non-integer",DDoS,DDoS,DoS
attack_8class_pgd_0.30,15342,Header_Length,20.0,22.599111557006836,2.599111557006836,1.0,-,DDoS,DDoS,DoS
attack_8class_pgd_0.30,15342,Min,60.0,61.79999923706055,1.7999992370605469,1.0,Min > Max,DDoS,DDoS,DoS
attack_8class_pgd_0.30,15342,ack_count,0.0,1.0500000715255737,1.0500000715255737,0.30000001192092896,Integer constraint violated,DDoS,DDoS,DoS
attack_8class_pgd_0.30,15342,Time_To_Live,64.0,64.572998046875,0.572998046875,0.0,-,DDoS,DDoS,DoS
attack_8class_pgd_0.30,15342,psh_flag_number,0.0,-0.30000001192092896,-0.30000001192092896,0.30000001192092896,Integer constraint violated | Non-negative constraint violated,DDoS,DDoS,DoS
attack_8class_pgd_0.30,15342,syn_count,0.0,-0.30000001192092896,-0.30000001192092896,0.30000001192092896,Integer constraint violated | Non-negative constraint violated,DDoS,DDoS,DoS
attack_8class_pgd_0.30,15342,fin_count,0.0,-0.30000001192092896,-0.30000001192092896,0.30000001192092896,Integer constraint violated | Non-negative constraint violated,DDoS,DDoS,DoS
attack_8class_pgd_0.30,15342,rst_count,0.0,-0.30000001192092896,-0.30000001192092896,0.30000001192092896,Integer constraint violated | Non-negative constraint violated,DDoS,DDoS,DoS
attack_8class_pgd_0.30,15342,HTTPS,0.0,0.30000001192092896,0.30000001192092896,0.0,Binary constraint violated (must be 0/1),DDoS,DDoS,DoS
attack_8class_pgd_0.30,15342,DNS,0.0,-0.30000001192092896,-0.30000001192092896,0.0,Binary constraint violated (must be 0/1),DDoS,DDoS,DoS
attack_8class_pgd_0.30,15342,IRC,0.0,-0.30000001192092896,-0.30000001192092896,0.0,Binary constraint violated (must be 0/1),DDoS,DDoS,DoS
attack_8class_pgd_0.30,15342,TCP,1.0,0.699999988079071,-0.30000001192092896,0.0,Binary constraint violated (must be 0/1),DDoS,DDoS,DoS
attack_8class_pgd_0.30,15342,UDP,0.0,0.30000001192092896,0.30000001192092896,0.0,Binary constraint violated (must be 0/1),DDoS,DDoS,DoS
attack_8class_pgd_0.30,15342,DHCP,0.0,-0.30000001192092896,-0.30000001192092896,0.0,Binary constraint violated (must be 0/1),DDoS,DDoS,DoS
attack_8class_pgd_0.30,15342,ARP,0.0,-0.30000001192092896,-0.30000001192092896,0.0,Binary constraint violated (must be 0/1),DDoS,DDoS,DoS
attack_8class_pgd_0.30,15342,ICMP,0.0,-0.30000001192092896,-0.30000001192092896,0.0,Binary constraint violated (must be 0/1),DDoS,DDoS,DoS
attack_8class_pgd_0.30,15342,IPv,1.0,0.7749999761581421,-0.2250000238418579,0.0,Binary constraint violated (must be 0/1),DDoS,DDoS,DoS
attack_8class_pgd_0.30,15342,fin_flag_number,0.0,-0.22500000894069672,-0.22500000894069672,0.30000001192092896,Integer constraint violated | Non-negative constraint violated,DDoS,DDoS,DoS
attack_8class_pgd_0.30,15342,cwr_flag_number,0.0,-0.22500000894069672,-0.22500000894069672,0.0,Integer constraint violated | Non-negative constraint violated,DDoS,DDoS,DoS
attack_8class_pgd_0.30,15342,Telnet,0.0,0.22500000894069672,0.22500000894069672,0.0,Binary constraint violated (must be 0/1),DDoS,DDoS,DoS
attack_8class_pgd_0.30,15342,IGMP,0.0,-0.22500000894069672,-0.22500000894069672,0.0,Binary constraint violated (must be 0/1),DDoS,DDoS,DoS
attack_8class_pgd_0.30,15342,ack_flag_number,0.0,-0.167722687125206,-0.167722687125206,0.30000001192092896,Integer constraint violated | Non-negative constraint violated,DDoS,DDoS,DoS
attack_8class_pgd_0.30,15342,rst_flag_number,0.0,-0.15000000596046448,-0.15000000596046448,0.30000001192092896,Integer constraint violated | Non-negative constraint violated,DDoS,DDoS,DoS
attack_8class_pgd_0.30,15342,ece_flag_number,0.0,-0.15000000596046448,-0.15000000596046448,0.0,Integer constraint violated | Non-negative constraint violated,DDoS,DDoS,DoS
attack_8class_pgd_0.30,15342,syn_flag_number,0.0,0.07500000298023224,0.07500000298023224,0.30000001192092896,Integer constraint violated,DDoS,DDoS,DoS
attack_8class_pgd_0.30,15342,HTTP,0.0,0.07500000298023224,0.07500000298023224,0.0,Binary constraint violated (must be 0/1),DDoS,DDoS,DoS
attack_8class_pgd_0.30,15342,SMTP,0.0,-0.07500000298023224,-0.07500000298023224,0.0,Binary constraint violated (must be 0/1),DDoS,DDoS,DoS
attack_8class_pgd_0.30,15342,SSH,0.0,0.07500000298023224,0.07500000298023224,0.0,Binary constraint violated (must be 0/1),DDoS,DDoS,DoS
attack_8class_pgd_0.30,15342,LLC,1.0,0.925000011920929,-0.07499998807907104,0.0,Binary constraint violated (must be 0/1),DDoS,DDoS,DoS
attack_8class_pgd_0.30,40106,Tot sum,18200.0,32881.703125,14681.703125,1.0,-,DoS,DoS,Mirai
attack_8class_pgd_0.30,40106,Variance,0.0,-13294.6005859375,-13294.6005859375,1.0,Non-negative constraint violated | Variance mismatch vs Std^2,DoS,DoS,Mirai
attack_8class_pgd_0.30,40106,Rate,16857.45703125,9431.8896484375,-7425.5673828125,1.0,-,DoS,DoS,Mirai
attack_8class_pgd_0.30,40106,Max,182.0,-122.20001220703125,-304.20001220703125,1.0,Non-negative constraint violated | Min > Max,DoS,DoS,Mirai
attack_8class_pgd_0.30,40106,AVG,182.0,337.4000244140625,155.4000244140625,1.0,"AVG outside [Min, Max]",DoS,DoS,Mirai
attack_8class_pgd_0.30,40106,Tot size,182.0,337.4000244140625,155.4000244140625,1.0,-,DoS,DoS,Mirai
attack_8class_pgd_0.30,40106,Std,0.0,-63.153621673583984,-63.153621673583984,1.0,Non-negative constraint violated | Variance mismatch vs Std^2,DoS,DoS,Mirai
attack_8class_pgd_0.30,40106,Number,100.0,120.25,20.25,1.0,Integer constraint violated,DoS,DoS,Mirai
attack_8class_pgd_0.30,40106,Header_Length,8.0,4.375999450683594,-3.6240005493164062,1.0,-,DoS,DoS,Mirai
attack_8class_pgd_0.30,40106,Protocol Type,17.0,20.299999237060547,3.299999237060547,0.0,"Protocol clean=17, adv=INVALID (non-integer: 20.3000) | Protocol invalid: non-integer",DoS,DoS,Mirai
attack_8class_pgd_0.30,40106,Min,182.0,182.4815673828125,0.4815673828125,1.0,Min > Max,DoS,DoS,Mirai
attack_8class_pgd_0.30,40106,Time_To_Live,64.0,64.42974853515625,0.42974853515625,0.0,-,DoS,DoS,Mirai
attack_8class_pgd_0.30,40106,fin_flag_number,0.0,-0.30000001192092896,-0.30000001192092896,0.30000001192092896,Integer constraint violated | Non-negative constraint violated,DoS,DoS,Mirai
attack_8class_pgd_0.30,40106,syn_flag_number,0.0,-0.30000001192092896,-0.30000001192092896,0.30000001192092896,Integer constraint violated | Non-negative constraint violated,DoS,DoS,Mirai
attack_8class_pgd_0.30,40106,rst_flag_number,0.0,-0.30000001192092896,-0.30000001192092896,0.30000001192092896,Integer constraint violated | Non-negative constraint violated,DoS,DoS,Mirai
attack_8class_pgd_0.30,40106,psh_flag_number,0.0,0.30000001192092896,0.30000001192092896,0.30000001192092896,Integer constraint violated,DoS,DoS,Mirai
attack_8class_pgd_0.30,40106,ece_flag_number,0.0,-0.30000001192092896,-0.30000001192092896,0.0,Integer constraint violated | Non-negative constraint violated,DoS,DoS,Mirai
attack_8class_pgd_0.30,40106,cwr_flag_number,0.0,-0.30000001192092896,-0.30000001192092896,0.0,Integer constraint violated | Non-negative constraint violated,DoS,DoS,Mirai
attack_8class_pgd_0.30,40106,syn_count,0.0,-0.30000001192092896,-0.30000001192092896,0.30000001192092896,Integer constraint violated | Non-negative constraint violated,DoS,DoS,Mirai
attack_8class_pgd_0.30,40106,fin_count,0.0,-0.30000001192092896,-0.30000001192092896,0.30000001192092896,Integer constraint violated | Non-negative constraint violated,DoS,DoS,Mirai
attack_8class_pgd_0.30,40106,HTTPS,0.0,-0.30000001192092896,-0.30000001192092896,0.0,Binary constraint violated (must be 0/1),DoS,DoS,Mirai
attack_8class_pgd_0.30,40106,DNS,0.0,0.30000001192092896,0.30000001192092896,0.0,Binary constraint violated (must be 0/1),DoS,DoS,Mirai
attack_8class_pgd_0.30,40106,SMTP,0.0,-0.30000001192092896,-0.30000001192092896,0.0,Binary constraint violated (must be 0/1),DoS,DoS,Mirai
attack_8class_pgd_0.30,40106,UDP,1.0,0.699999988079071,-0.30000001192092896,0.0,Binary constraint violated (must be 0/1),DoS,DoS,Mirai
attack_8class_pgd_0.30,40106,ARP,0.0,0.30000001192092896,0.30000001192092896,0.0,Binary constraint violated (must be 0/1),DoS,DoS,Mirai
attack_8class_pgd_0.30,40106,IGMP,0.0,0.30000001192092896,0.30000001192092896,0.0,Binary constraint violated (must be 0/1),DoS,DoS,Mirai
attack_8class_pgd_0.30,40106,LLC,1.0,0.699999988079071,-0.30000001192092896,0.0,Binary constraint violated (must be 0/1),DoS,DoS,Mirai
attack_8class_pgd_0.30,40106,ack_flag_number,0.0,-0.29734817147254944,-0.29734817147254944,0.30000001192092896,Integer constraint violated | Non-negative constraint violated,DoS,DoS,Mirai
attack_8class_pgd_0.30,40106,IPv,1.0,0.7749999761581421,-0.2250000238418579,0.0,Binary constraint violated (must be 0/1),DoS,DoS,Mirai
attack_8class_pgd_0.30,40106,rst_count,0.0,-0.22500000894069672,-0.22500000894069672,0.30000001192092896,Integer constraint violated | Non-negative constraint violated,DoS,DoS,Mirai
attack_8class_pgd_0.30,40106,Telnet,0.0,0.22500000894069672,0.22500000894069672,0.0,Binary constraint violated (must be 0/1),DoS,DoS,Mirai
attack_8class_pgd_0.30,40106,ICMP,0.0,0.22500000894069672,0.22500000894069672,0.0,Binary constraint violated (must be 0/1),DoS,DoS,Mirai
attack_8class_pgd_0.30,40106,DHCP,0.0,-0.21186646819114685,-0.21186646819114685,0.0,Binary constraint violated (must be 0/1),DoS,DoS,Mirai
attack_8class_pgd_0.30,40106,IRC,0.0,0.17531071603298187,0.17531071603298187,0.0,Binary constraint violated (must be 0/1),DoS,DoS,Mirai
attack_8class_pgd_0.30,40106,SSH,0.0,-0.15000000596046448,-0.15000000596046448,0.0,Binary constraint violated (must be 0/1),DoS,DoS,Mirai
attack_8class_pgd_0.30,40106,TCP,0.0,0.07500004768371582,0.07500004768371582,0.0,Binary constraint violated (must be 0/1),DoS,DoS,Mirai
attack_8class_pgd_0.30,40106,ack_count,0.0,-0.07299566268920898,-0.07299566268920898,0.30000001192092896,Integer constraint violated | Non-negative constraint violated,DoS,DoS,Mirai
attack_8class_pgd_0.30,40106,HTTP,0.0,0.029512479901313782,0.029512479901313782,0.0,Binary constraint violated (must be 0/1),DoS,DoS,Mirai
attack_8class_pgd_0.30,41947,Tot sum,1132.0,-13549.701171875,-14681.701171875,1.0,Non-negative constraint violated,BruteForce,BruteForce,Benign
attack_8class_pgd_0.30,41947,Variance,2427.7333984375,-10866.8671875,-13294.6005859375,1.0,Non-negative constraint violated | Variance mismatch vs Std^2,BruteForce,BruteForce,Benign
attack_8class_pgd_0.30,41947,Rate,164.0234375,7589.5908203125,7425.5673828125,1.0,-,BruteForce,BruteForce,Benign
attack_8class_pgd_0.30,41947,Max,214.0,-90.20001220703125,-304.20001220703125,1.0,Non-negative constraint violated | Min > Max,BruteForce,BruteForce,Benign
attack_8class_pgd_0.30,41947,AVG,113.19999694824219,-42.20001220703125,-155.40000915527344,1.0,"Non-negative constraint violated | AVG outside [Min, Max]",BruteForce,BruteForce,Benign
attack_8class_pgd_0.30,41947,Tot size,113.19999694824219,-42.20001220703125,-155.40000915527344,1.0,Non-negative constraint violated,BruteForce,BruteForce,Benign
attack_8class_pgd_0.30,41947,Std,49.27203369140625,-13.88158893585205,-63.1536226272583,1.0,Non-negative constraint violated | Variance mismatch vs Std^2,BruteForce,BruteForce,Benign
attack_8class_pgd_0.30,41947,Number,10.0,-16.99999237060547,-26.99999237060547,1.0,Non-negative constraint violated | Packet count must be >= 1,BruteForce,BruteForce,Benign
attack_8class_pgd_0.30,41947,Header_Length,29.600000381469727,33.2239990234375,3.6239986419677734,1.0,-,BruteForce,BruteForce,Benign
attack_8class_pgd_0.30,41947,Protocol Type,6.0,2.6999998092651367,-3.3000001907348633,0.0,"Protocol clean=6, adv=INVALID (non-integer: 2.7000) | Protocol invalid: non-integer",BruteForce,BruteForce,Benign
attack_8class_pgd_0.30,41947,ack_count,9.0,6.899999618530273,-2.1000003814697266,0.30000001192092896,Integer constraint violated,BruteForce,BruteForce,Benign
attack_8class_pgd_0.30,41947,Min,66.0,64.19999694824219,-1.8000030517578125,1.0,Min > Max,BruteForce,BruteForce,Benign
attack_8class_pgd_0.30,41947,Time_To_Live,83.0999984741211,83.67300415039062,0.5730056762695312,0.0,-,BruteForce,BruteForce,Benign
attack_8class_pgd_0.30,41947,syn_flag_number,0.0,0.30000001192092896,0.30000001192092896,0.30000001192092896,Integer constraint violated,BruteForce,BruteForce,Benign
attack_8class_pgd_0.30,41947,rst_flag_number,0.0,0.30000001192092896,0.30000001192092896,0.30000001192092896,Integer constraint violated,BruteForce,BruteForce,Benign
attack_8class_pgd_0.30,41947,psh_flag_number,0.0,-0.30000001192092896,-0.30000001192092896,0.30000001192092896,Integer constraint violated | Non-negative constraint violated,BruteForce,BruteForce,Benign
attack_8class_pgd_0.30,41947,ack_flag_number,1.0,0.699999988079071,-0.30000001192092896,0.30000001192092896,Integer constraint violated,BruteForce,BruteForce,Benign
attack_8class_pgd_0.30,41947,cwr_flag_number,0.0,0.30000001192092896,0.30000001192092896,0.0,Integer constraint violated,BruteForce,BruteForce,Benign
attack_8class_pgd_0.30,41947,syn_count,0.0,-0.30000001192092896,-0.30000001192092896,0.30000001192092896,Integer constraint violated | Non-negative constraint violated,BruteForce,BruteForce,Benign
attack_8class_pgd_0.30,41947,fin_count,0.0,-0.30000001192092896,-0.30000001192092896,0.30000001192092896,Integer constraint violated | Non-negative constraint violated,BruteForce,BruteForce,Benign
attack_8class_pgd_0.30,41947,rst_count,0.0,-0.30000001192092896,-0.30000001192092896,0.30000001192092896,Integer constraint violated | Non-negative constraint violated,BruteForce,BruteForce,Benign
attack_8class_pgd_0.30,41947,HTTP,0.0,-0.30000001192092896,-0.30000001192092896,0.0,Binary constraint violated (must be 0/1),BruteForce,BruteForce,Benign
attack_8class_pgd_0.30,41947,HTTPS,0.0,-0.30000001192092896,-0.30000001192092896,0.0,Binary constraint violated (must be 0/1),BruteForce,BruteForce,Benign
attack_8class_pgd_0.30,41947,DNS,0.0,-0.30000001192092896,-0.30000001192092896,0.0,Binary constraint violated (must be 0/1),BruteForce,BruteForce,Benign
attack_8class_pgd_0.30,41947,Telnet,0.0,-0.30000001192092896,-0.30000001192092896,0.0,Binary constraint violated (must be 0/1),BruteForce,BruteForce,Benign
attack_8class_pgd_0.30,41947,SMTP,0.0,-0.30000001192092896,-0.30000001192092896,0.0,Binary constraint violated (must be 0/1),BruteForce,BruteForce,Benign
attack_8class_pgd_0.30,41947,SSH,1.0,0.699999988079071,-0.30000001192092896,0.0,Binary constraint violated (must be 0/1),BruteForce,BruteForce,Benign
attack_8class_pgd_0.30,41947,IRC,0.0,0.30000001192092896,0.30000001192092896,0.0,Binary constraint violated (must be 0/1),BruteForce,BruteForce,Benign
attack_8class_pgd_0.30,41947,TCP,1.0,0.699999988079071,-0.30000001192092896,0.0,Binary constraint violated (must be 0/1),BruteForce,BruteForce,Benign
attack_8class_pgd_0.30,41947,UDP,0.0,0.30000001192092896,0.30000001192092896,0.0,Binary constraint violated (must be 0/1),BruteForce,BruteForce,Benign
attack_8class_pgd_0.30,41947,DHCP,0.0,-0.30000001192092896,-0.30000001192092896,0.0,Binary constraint violated (must be 0/1),BruteForce,BruteForce,Benign
attack_8class_pgd_0.30,41947,ARP,0.0,0.30000001192092896,0.30000001192092896,0.0,Binary constraint violated (must be 0/1),BruteForce,BruteForce,Benign
attack_8class_pgd_0.30,41947,ICMP,0.0,-0.30000001192092896,-0.30000001192092896,0.0,Binary constraint violated (must be 0/1),BruteForce,BruteForce,Benign
attack_8class_pgd_0.30,41947,IGMP,0.0,-0.30000001192092896,-0.30000001192092896,0.0,Binary constraint violated (must be 0/1),BruteForce,BruteForce,Benign
attack_8class_pgd_0.30,41947,IPv,1.0,0.699999988079071,-0.30000001192092896,0.0,Binary constraint violated (must be 0/1),BruteForce,BruteForce,Benign
attack_8class_pgd_0.30,41947,LLC,1.0,0.699999988079071,-0.30000001192092896,0.0,Binary constraint violated (must be 0/1),BruteForce,BruteForce,Benign
attack_8class_pgd_0.30,41947,fin_flag_number,0.0,0.15000000596046448,0.15000000596046448,0.30000001192092896,Integer constraint violated,BruteForce,BruteForce,Benign
attack_8class_pgd_0.30,41947,ece_flag_number,0.0,-0.07500000298023224,-0.07500000298023224,0.0,Integer constraint violated | Non-negative constraint violated,BruteForce,BruteForce,Benign
attack_8class_pgd_0.30,10672,Tot sum,900.0,-13781.701171875,-14681.701171875,1.0,Non-negative constraint violated,Spoofing,Spoofing,DDoS
attack_8class_pgd_0.30,10672,Variance,160.0,-13134.6005859375,-13294.6005859375,1.0,Non-negative constraint violated | Variance mismatch vs Std^2,Spoofing,Spoofing,DDoS
attack_8class_pgd_0.30,10672,Rate,1277.77734375,-2715.12548828125,-3992.90283203125,1.0,Non-negative constraint violated,Spoofing,Spoofing,DDoS
attack_8class_pgd_0.30,10672,Max,94.0,-210.20001220703125,-304.20001220703125,1.0,Non-negative constraint violated | Min > Max,Spoofing,Spoofing,DDoS
attack_8class_pgd_0.30,10672,AVG,90.0,-65.40000915527344,-155.40000915527344,1.0,"Non-negative constraint violated | AVG outside [Min, Max]",Spoofing,Spoofing,DDoS
attack_8class_pgd_0.30,10672,Tot size,90.0,-65.40000915527344,-155.40000915527344,1.0,Non-negative constraint violated,Spoofing,Spoofing,DDoS
attack_8class_pgd_0.30,10672,Std,12.649110794067383,-50.5045166015625,-63.15362739562988,1.0,Non-negative constraint violated | Variance mismatch vs Std^2,Spoofing,Spoofing,DDoS
attack_8class_pgd_0.30,10672,Number,10.0,37.0,27.0,1.0,-,Spoofing,Spoofing,DDoS
attack_8class_pgd_0.30,10672,Header_Length,9.199999809265137,5.576000213623047,-3.62399959564209,1.0,-,Spoofing,Spoofing,DDoS
attack_8class_pgd_0.30,10672,Protocol Type,17.0,13.699999809265137,-3.3000001907348633,0.0,"Protocol clean=17, adv=INVALID (non-integer: 13.7000) | Protocol invalid: non-integer",Spoofing,Spoofing,DDoS
attack_8class_pgd_0.30,10672,ack_count,1.0,-1.100000023841858,-2.100000023841858,0.30000001192092896,Integer constraint violated | Non-negative constraint violated,Spoofing,Spoofing,DDoS
attack_8class_pgd_0.30,10672,Min,54.0,55.79999923706055,1.7999992370605469,1.0,Min > Max,Spoofing,Spoofing,DDoS
attack_8class_pgd_0.30,10672,fin_flag_number,0.0,-0.30000001192092896,-0.30000001192092896,0.30000001192092896,Integer constraint violated | Non-negative constraint violated,Spoofing,Spoofing,DDoS
attack_8class_pgd_0.30,10672,syn_flag_number,0.0,-0.30000001192092896,-0.30000001192092896,0.30000001192092896,Integer constraint violated | Non-negative constraint violated,Spoofing,Spoofing,DDoS
attack_8class_pgd_0.30,10672,rst_flag_number,0.0,0.30000001192092896,0.30000001192092896,0.30000001192092896,Integer constraint violated,Spoofing,Spoofing,DDoS
attack_8class_pgd_0.30,10672,psh_flag_number,0.0,0.30000001192092896,0.30000001192092896,0.30000001192092896,Integer constraint violated,Spoofing,Spoofing,DDoS
attack_8class_pgd_0.30,10672,ack_flag_number,0.0,-0.30000001192092896,-0.30000001192092896,0.30000001192092896,Integer constraint violated | Non-negative constraint violated,Spoofing,Spoofing,DDoS
attack_8class_pgd_0.30,10672,ece_flag_number,0.0,-0.30000001192092896,-0.30000001192092896,0.0,Integer constraint violated | Non-negative constraint violated,Spoofing,Spoofing,DDoS
attack_8class_pgd_0.30,10672,cwr_flag_number,0.0,0.30000001192092896,0.30000001192092896,0.0,Integer constraint violated,Spoofing,Spoofing,DDoS
attack_8class_pgd_0.30,10672,syn_count,0.0,0.30000001192092896,0.30000001192092896,0.30000001192092896,Integer constraint violated,Spoofing,Spoofing,DDoS
attack_8class_pgd_0.30,10672,fin_count,0.0,0.30000001192092896,0.30000001192092896,0.30000001192092896,Integer constraint violated,Spoofing,Spoofing,DDoS
attack_8class_pgd_0.30,10672,rst_count,0.0,-0.30000001192092896,-0.30000001192092896,0.30000001192092896,Integer constraint violated | Non-negative constraint violated,Spoofing,Spoofing,DDoS
attack_8class_pgd_0.30,10672,HTTP,0.0,0.30000001192092896,0.30000001192092896,0.0,Binary constraint violated (must be 0/1),Spoofing,Spoofing,DDoS
attack_8class_pgd_0.30,10672,DNS,0.0,-0.30000001192092896,-0.30000001192092896,0.0,Binary constraint violated (must be 0/1),Spoofing,Spoofing,DDoS
attack_8class_pgd_0.30,10672,SSH,0.0,0.30000001192092896,0.30000001192092896,0.0,Binary constraint violated (must be 0/1),Spoofing,Spoofing,DDoS
attack_8class_pgd_0.30,10672,IRC,0.0,-0.30000001192092896,-0.30000001192092896,0.0,Binary constraint violated (must be 0/1),Spoofing,Spoofing,DDoS
attack_8class_pgd_0.30,10672,TCP,0.0,0.30000001192092896,0.30000001192092896,0.0,Binary constraint violated (must be 0/1),Spoofing,Spoofing,DDoS
attack_8class_pgd_0.30,10672,DHCP,0.0,0.30000001192092896,0.30000001192092896,0.0,Binary constraint violated (must be 0/1),Spoofing,Spoofing,DDoS
attack_8class_pgd_0.30,10672,ARP,0.0,-0.30000001192092896,-0.30000001192092896,0.0,Binary constraint violated (must be 0/1),Spoofing,Spoofing,DDoS
attack_8class_pgd_0.30,10672,ICMP,0.0,-0.30000001192092896,-0.30000001192092896,0.0,Binary constraint violated (must be 0/1),Spoofing,Spoofing,DDoS
attack_8class_pgd_0.30,10672,IGMP,0.0,0.30000001192092896,0.30000001192092896,0.0,Binary constraint violated (must be 0/1),Spoofing,Spoofing,DDoS
attack_8class_pgd_0.30,10672,UDP,1.0,1.2999999523162842,0.2999999523162842,0.0,Binary constraint violated (must be 0/1),Spoofing,Spoofing,DDoS
attack_8class_pgd_0.30,10672,IPv,1.0,1.2999999523162842,0.2999999523162842,0.0,Binary constraint violated (must be 0/1),Spoofing,Spoofing,DDoS
attack_8class_pgd_0.30,10672,LLC,1.0,1.2999999523162842,0.2999999523162842,0.0,Binary constraint violated (must be 0/1),Spoofing,Spoofing,DDoS
attack_8class_pgd_0.30,10672,SMTP,0.0,-0.22500000894069672,-0.22500000894069672,0.0,Binary constraint violated (must be 0/1),Spoofing,Spoofing,DDoS
attack_8class_pgd_0.30,10672,HTTPS,0.0,-0.2235567271709442,-0.2235567271709442,0.0,Binary constraint violated (must be 0/1),Spoofing,Spoofing,DDoS
attack_8class_pgd_0.30,10672,Telnet,0.0,0.21456928551197052,0.21456928551197052,0.0,Binary constraint violated (must be 0/1),Spoofing,Spoofing,DDoS
attack_8class_pgd_0.30,10672,Time_To_Live,63.5,63.380611419677734,-0.11938858032226562,0.0,-,Spoofing,Spoofing,DDoS
attack_34class_pgd_0.30,23260,Tot sum,940.0,-13741.701171875,-14681.701171875,1.0,Non-negative constraint violated,DNS_SPOOFING,DNS_SPOOFING,MITM-ARPSPOOFING
attack_34class_pgd_0.30,23260,Variance,0.0,-13294.6005859375,-13294.6005859375,1.0,Non-negative constraint violated | Variance mismatch vs Std^2,DNS_SPOOFING,DNS_SPOOFING,MITM-ARPSPOOFING
attack_34class_pgd_0.30,23260,Rate,67108.8671875,59683.3046875,-7425.5625,1.0,-,DNS_SPOOFING,DNS_SPOOFING,MITM-ARPSPOOFING
attack_34class_pgd_0.30,23260,Max,94.0,-210.20001220703125,-304.20001220703125,1.0,Non-negative constraint violated | Min > Max,DNS_SPOOFING,DNS_SPOOFING,MITM-ARPSPOOFING
attack_34class_pgd_0.30,23260,AVG,94.0,-2.0382919311523438,-96.03829193115234,1.0,"Non-negative constraint violated | AVG outside [Min, Max]",DNS_SPOOFING,DNS_SPOOFING,MITM-ARPSPOOFING
attack_34class_pgd_0.30,23260,Tot size,94.0,3.274566650390625,-90.72543334960938,1.0,-,DNS_SPOOFING,DNS_SPOOFING,MITM-ARPSPOOFING
attack_34class_pgd_0.30,23260,Std,0.0,-63.153621673583984,-63.153621673583984,1.0,Non-negative constraint violated | Variance mismatch vs Std^2,DNS_SPOOFING,DNS_SPOOFING,MITM-ARPSPOOFING
attack_34class_pgd_0.30,23260,Number,10.0,-16.99999237060547,-26.99999237060547,1.0,Non-negative constraint violated | Packet count must be >= 1,DNS_SPOOFING,DNS_SPOOFING,MITM-ARPSPOOFING
attack_34class_pgd_0.30,23260,Header_Length,8.0,11.624000549316406,3.6240005493164062,1.0,-,DNS_SPOOFING,DNS_SPOOFING,MITM-ARPSPOOFING
attack_34class_pgd_0.30,23260,Protocol Type,17.0,20.299999237060547,3.299999237060547,0.0,"Protocol clean=17, adv=INVALID (non-integer: 20.3000) | Protocol invalid: non-integer",DNS_SPOOFING,DNS_SPOOFING,MITM-ARPSPOOFING
attack_34class_pgd_0.30,23260,ack_count,0.0,-2.1000001430511475,-2.1000001430511475,0.30000001192092896,Integer constraint violated | Non-negative constraint violated,DNS_SPOOFING,DNS_SPOOFING,MITM-ARPSPOOFING
attack_34class_pgd_0.30,23260,Min,94.0,92.19999694824219,-1.8000030517578125,1.0,Min > Max,DNS_SPOOFING,DNS_SPOOFING,MITM-ARPSPOOFING
attack_34class_pgd_0.30,23260,Time_To_Live,64.0,64.572998046875,0.572998046875,0.0,-,DNS_SPOOFING,DNS_SPOOFING,MITM-ARPSPOOFING
attack_34class_pgd_0.30,23260,fin_flag_number,0.0,0.30000001192092896,0.30000001192092896,0.30000001192092896,Integer constraint violated,DNS_SPOOFING,DNS_SPOOFING,MITM-ARPSPOOFING
attack_34class_pgd_0.30,23260,rst_flag_number,0.0,-0.30000001192092896,-0.30000001192092896,0.30000001192092896,Integer constraint violated | Non-negative constraint violated,DNS_SPOOFING,DNS_SPOOFING,MITM-ARPSPOOFING
attack_34class_pgd_0.30,23260,psh_flag_number,0.0,-0.30000001192092896,-0.30000001192092896,0.30000001192092896,Integer constraint violated | Non-negative constraint violated,DNS_SPOOFING,DNS_SPOOFING,MITM-ARPSPOOFING
attack_34class_pgd_0.30,23260,ack_flag_number,0.0,-0.30000001192092896,-0.30000001192092896,0.30000001192092896,Integer constraint violated | Non-negative constraint violated,DNS_SPOOFING,DNS_SPOOFING,MITM-ARPSPOOFING
attack_34class_pgd_0.30,23260,cwr_flag_number,0.0,-0.30000001192092896,-0.30000001192092896,0.0,Integer constraint violated | Non-negative constraint violated,DNS_SPOOFING,DNS_SPOOFING,MITM-ARPSPOOFING
attack_34class_pgd_0.30,23260,syn_count,0.0,-0.30000001192092896,-0.30000001192092896,0.30000001192092896,Integer constraint violated | Non-negative constraint violated,DNS_SPOOFING,DNS_SPOOFING,MITM-ARPSPOOFING
attack_34class_pgd_0.30,23260,fin_count,0.0,-0.30000001192092896,-0.30000001192092896,0.30000001192092896,Integer constraint violated | Non-negative constraint violated,DNS_SPOOFING,DNS_SPOOFING,MITM-ARPSPOOFING
attack_34class_pgd_0.30,23260,rst_count,0.0,-0.30000001192092896,-0.30000001192092896,0.30000001192092896,Integer constraint violated | Non-negative constraint violated,DNS_SPOOFING,DNS_SPOOFING,MITM-ARPSPOOFING
attack_34class_pgd_0.30,23260,HTTP,0.0,-0.30000001192092896,-0.30000001192092896,0.0,Binary constraint violated (must be 0/1),DNS_SPOOFING,DNS_SPOOFING,MITM-ARPSPOOFING
attack_34class_pgd_0.30,23260,HTTPS,0.0,0.30000001192092896,0.30000001192092896,0.0,Binary constraint violated (must be 0/1),DNS_SPOOFING,DNS_SPOOFING,MITM-ARPSPOOFING
attack_34class_pgd_0.30,23260,DNS,0.0,0.30000001192092896,0.30000001192092896,0.0,Binary constraint violated (must be 0/1),DNS_SPOOFING,DNS_SPOOFING,MITM-ARPSPOOFING
attack_34class_pgd_0.30,23260,Telnet,0.0,-0.30000001192092896,-0.30000001192092896,0.0,Binary constraint violated (must be 0/1),DNS_SPOOFING,DNS_SPOOFING,MITM-ARPSPOOFING
attack_34class_pgd_0.30,23260,SMTP,0.0,-0.30000001192092896,-0.30000001192092896,0.0,Binary constraint violated (must be 0/1),DNS_SPOOFING,DNS_SPOOFING,MITM-ARPSPOOFING
attack_34class_pgd_0.30,23260,IRC,0.0,-0.30000001192092896,-0.30000001192092896,0.0,Binary constraint violated (must be 0/1),DNS_SPOOFING,DNS_SPOOFING,MITM-ARPSPOOFING
attack_34class_pgd_0.30,23260,UDP,1.0,0.699999988079071,-0.30000001192092896,0.0,Binary constraint violated (must be 0/1),DNS_SPOOFING,DNS_SPOOFING,MITM-ARPSPOOFING
attack_34class_pgd_0.30,23260,DHCP,0.0,0.30000001192092896,0.30000001192092896,0.0,Binary constraint violated (must be 0/1),DNS_SPOOFING,DNS_SPOOFING,MITM-ARPSPOOFING
attack_34class_pgd_0.30,23260,ARP,0.0,0.30000001192092896,0.30000001192092896,0.0,Binary constraint violated (must be 0/1),DNS_SPOOFING,DNS_SPOOFING,MITM-ARPSPOOFING
attack_34class_pgd_0.30,23260,ICMP,0.0,-0.30000001192092896,-0.30000001192092896,0.0,Binary constraint violated (must be 0/1),DNS_SPOOFING,DNS_SPOOFING,MITM-ARPSPOOFING
attack_34class_pgd_0.30,23260,IGMP,0.0,0.30000001192092896,0.30000001192092896,0.0,Binary constraint violated (must be 0/1),DNS_SPOOFING,DNS_SPOOFING,MITM-ARPSPOOFING
attack_34class_pgd_0.30,23260,IPv,1.0,0.699999988079071,-0.30000001192092896,0.0,Binary constraint violated (must be 0/1),DNS_SPOOFING,DNS_SPOOFING,MITM-ARPSPOOFING
attack_34class_pgd_0.30,23260,LLC,1.0,0.699999988079071,-0.30000001192092896,0.0,Binary constraint violated (must be 0/1),DNS_SPOOFING,DNS_SPOOFING,MITM-ARPSPOOFING
attack_34class_pgd_0.30,23260,TCP,0.0,-0.2999999523162842,-0.2999999523162842,0.0,Binary constraint violated (must be 0/1),DNS_SPOOFING,DNS_SPOOFING,MITM-ARPSPOOFING
attack_34class_pgd_0.30,23260,ece_flag_number,0.0,-0.22021766006946564,-0.22021766006946564,0.0,Integer constraint violated | Non-negative constraint violated,DNS_SPOOFING,DNS_SPOOFING,MITM-ARPSPOOFING
attack_34class_pgd_0.30,23260,SSH,0.0,-0.07500000298023224,-0.07500000298023224,0.0,Binary constraint violated (must be 0/1),DNS_SPOOFING,DNS_SPOOFING,MITM-ARPSPOOFING
attack_34class_pgd_0.30,23260,syn_flag_number,0.0,0.06993438303470612,0.06993438303470612,0.30000001192092896,Integer constraint violated,DNS_SPOOFING,DNS_SPOOFING,MITM-ARPSPOOFING
attack_34class_pgd_0.30,12618,Tot sum,1249.0,-13432.701171875,-14681.701171875,1.0,Non-negative constraint violated,VULNERABILITYSCAN,VULNERABILITYSCAN,BENIGN
attack_34class_pgd_0.30,12618,Variance,4296.322265625,-8998.2783203125,-13294.6005859375,1.0,Non-negative constraint violated | Variance mismatch vs Std^2,VULNERABILITYSCAN,VULNERABILITYSCAN,BENIGN
attack_34class_pgd_0.30,12618,Rate,38.73046875,-7386.83740234375,-7425.56787109375,1.0,Non-negative constraint violated,VULNERABILITYSCAN,VULNERABILITYSCAN,BENIGN
attack_34class_pgd_0.30,12618,Max,218.0,-86.20001220703125,-304.20001220703125,1.0,Non-negative constraint violated | Min > Max,VULNERABILITYSCAN,VULNERABILITYSCAN,BENIGN
attack_34class_pgd_0.30,12618,AVG,124.9000015258789,-30.50000762939453,-155.40000915527344,1.0,"Non-negative constraint violated | AVG outside [Min, Max]",VULNERABILITYSCAN,VULNERABILITYSCAN,BENIGN
attack_34class_pgd_0.30,12618,Tot size,124.9000015258789,-30.50000762939453,-155.40000915527344,1.0,Non-negative constraint violated,VULNERABILITYSCAN,VULNERABILITYSCAN,BENIGN
attack_34class_pgd_0.30,12618,Std,65.54633331298828,2.392709255218506,-63.153624057769775,1.0,Variance mismatch vs Std^2,VULNERABILITYSCAN,VULNERABILITYSCAN,BENIGN
attack_34class_pgd_0.30,12618,Number,10.0,-16.99999237060547,-26.99999237060547,1.0,Non-negative constraint violated | Packet count must be >= 1,VULNERABILITYSCAN,VULNERABILITYSCAN,BENIGN
attack_34class_pgd_0.30,12618,Header_Length,16.399999618530273,20.02400016784668,3.6240005493164062,1.0,-,VULNERABILITYSCAN,VULNERABILITYSCAN,BENIGN
attack_34class_pgd_0.30,12618,ack_count,4.0,6.100000381469727,2.1000003814697266,0.30000001192092896,Integer constraint violated,VULNERABILITYSCAN,VULNERABILITYSCAN,BENIGN
attack_34class_pgd_0.30,12618,Min,66.0,64.19999694824219,-1.8000030517578125,1.0,Min > Max,VULNERABILITYSCAN,VULNERABILITYSCAN,BENIGN
attack_34class_pgd_0.30,12618,Protocol Type,17.0,15.431746482849121,-1.568253517150879,0.0,"Protocol clean=17, adv=INVALID (non-integer: 15.4317) | Protocol invalid: non-integer",VULNERABILITYSCAN,VULNERABILITYSCAN,BENIGN
attack_34class_pgd_0.30,12618,Time_To_Live,206.39999389648438,206.97299194335938,0.572998046875,0.0,-,VULNERABILITYSCAN,VULNERABILITYSCAN,BENIGN
attack_34class_pgd_0.30,12618,syn_flag_number,0.0,0.30000001192092896,0.30000001192092896,0.30000001192092896,Integer constraint violated,VULNERABILITYSCAN,VULNERABILITYSCAN,BENIGN
attack_34class_pgd_0.30,12618,psh_flag_number,0.0,-0.30000001192092896,-0.30000001192092896,0.30000001192092896,Integer constraint violated | Non-negative constraint violated,VULNERABILITYSCAN,VULNERABILITYSCAN,BENIGN
attack_34class_pgd_0.30,12618,ack_flag_number,0.0,-0.30000001192092896,-0.30000001192092896,0.30000001192092896,Integer constraint violated | Non-negative constraint violated,VULNERABILITYSCAN,VULNERABILITYSCAN,BENIGN
attack_34class_pgd_0.30,12618,ece_flag_number,0.0,0.30000001192092896,0.30000001192092896,0.0,Integer constraint violated,VULNERABILITYSCAN,VULNERABILITYSCAN,BENIGN
attack_34class_pgd_0.30,12618,syn_count,0.0,-0.30000001192092896,-0.30000001192092896,0.30000001192092896,Integer constraint violated | Non-negative constraint violated,VULNERABILITYSCAN,VULNERABILITYSCAN,BENIGN
attack_34class_pgd_0.30,12618,fin_count,0.0,-0.30000001192092896,-0.30000001192092896,0.30000001192092896,Integer constraint violated | Non-negative constraint violated,VULNERABILITYSCAN,VULNERABILITYSCAN,BENIGN
attack_34class_pgd_0.30,12618,rst_count,0.0,0.30000001192092896,0.30000001192092896,0.30000001192092896,Integer constraint violated,VULNERABILITYSCAN,VULNERABILITYSCAN,BENIGN
attack_34class_pgd_0.30,12618,HTTP,0.0,-0.30000001192092896,-0.30000001192092896,0.0,Binary constraint violated (must be 0/1),VULNERABILITYSCAN,VULNERABILITYSCAN,BENIGN
attack_34class_pgd_0.30,12618,HTTPS,0.0,0.30000001192092896,0.30000001192092896,0.0,Binary constraint violated (must be 0/1),VULNERABILITYSCAN,VULNERABILITYSCAN,BENIGN
attack_34class_pgd_0.30,12618,DNS,0.0,-0.30000001192092896,-0.30000001192092896,0.0,Binary constraint violated (must be 0/1),VULNERABILITYSCAN,VULNERABILITYSCAN,BENIGN
attack_34class_pgd_0.30,12618,Telnet,0.0,0.30000001192092896,0.30000001192092896,0.0,Binary constraint violated (must be 0/1),VULNERABILITYSCAN,VULNERABILITYSCAN,BENIGN
attack_34class_pgd_0.30,12618,SMTP,0.0,0.30000001192092896,0.30000001192092896,0.0,Binary constraint violated (must be 0/1),VULNERABILITYSCAN,VULNERABILITYSCAN,BENIGN
attack_34class_pgd_0.30,12618,SSH,0.0,-0.30000001192092896,-0.30000001192092896,0.0,Binary constraint violated (must be 0/1),VULNERABILITYSCAN,VULNERABILITYSCAN,BENIGN
attack_34class_pgd_0.30,12618,IRC,0.0,0.30000001192092896,0.30000001192092896,0.0,Binary constraint violated (must be 0/1),VULNERABILITYSCAN,VULNERABILITYSCAN,BENIGN
attack_34class_pgd_0.30,12618,UDP,1.0,0.699999988079071,-0.30000001192092896,0.0,Binary constraint violated (must be 0/1),VULNERABILITYSCAN,VULNERABILITYSCAN,BENIGN
attack_34class_pgd_0.30,12618,DHCP,0.0,0.30000001192092896,0.30000001192092896,0.0,Binary constraint violated (must be 0/1),VULNERABILITYSCAN,VULNERABILITYSCAN,BENIGN
attack_34class_pgd_0.30,12618,ARP,0.0,-0.30000001192092896,-0.30000001192092896,0.0,Binary constraint violated (must be 0/1),VULNERABILITYSCAN,VULNERABILITYSCAN,BENIGN
attack_34class_pgd_0.30,12618,ICMP,0.0,0.30000001192092896,0.30000001192092896,0.0,Binary constraint violated (must be 0/1),VULNERABILITYSCAN,VULNERABILITYSCAN,BENIGN
attack_34class_pgd_0.30,12618,IGMP,0.0,-0.30000001192092896,-0.30000001192092896,0.0,Binary constraint violated (must be 0/1),VULNERABILITYSCAN,VULNERABILITYSCAN,BENIGN
attack_34class_pgd_0.30,12618,fin_flag_number,0.0,-0.22500000894069672,-0.22500000894069672,0.30000001192092896,Integer constraint violated | Non-negative constraint violated,VULNERABILITYSCAN,VULNERABILITYSCAN,BENIGN
attack_34class_pgd_0.30,12618,TCP,0.0,-0.20046496391296387,-0.20046496391296387,0.0,Binary constraint violated (must be 0/1),VULNERABILITYSCAN,VULNERABILITYSCAN,BENIGN
attack_34class_pgd_0.30,12618,cwr_flag_number,0.0,-0.15000000596046448,-0.15000000596046448,0.0,Integer constraint violated | Non-negative constraint violated,VULNERABILITYSCAN,VULNERABILITYSCAN,BENIGN
attack_34class_pgd_0.30,12618,IPv,1.0,1.1121020317077637,0.11210203170776367,0.0,Binary constraint violated (must be 0/1),VULNERABILITYSCAN,VULNERABILITYSCAN,BENIGN
attack_34class_pgd_0.30,12618,LLC,1.0,0.9476248025894165,-0.052375197410583496,0.0,Binary constraint violated (must be 0/1),VULNERABILITYSCAN,VULNERABILITYSCAN,BENIGN
attack_34class_pgd_0.30,12618,rst_flag_number,0.0,-0.027055010199546814,-0.027055010199546814,0.30000001192092896,Integer constraint violated | Non-negative constraint violated,VULNERABILITYSCAN,VULNERABILITYSCAN,BENIGN
attack_34class_pgd_0.30,10528,Tot sum,6170.0,-8511.701171875,-14681.701171875,1.0,Non-negative constraint violated,DOS-SYN_FLOOD,DOS-SYN_FLOOD,DDOS-SYNONYMOUSIP_FLOOD
attack_34class_pgd_0.30,10528,Variance,289.0,-13005.6005859375,-13294.6005859375,1.0,Non-negative constraint violated | Variance mismatch vs Std^2,DOS-SYN_FLOOD,DOS-SYN_FLOOD,DDOS-SYNONYMOUSIP_FLOOD
attack_34class_pgd_0.30,10528,Rate,4837.21875,11422.998046875,6585.779296875,1.0,-,DOS-SYN_FLOOD,DOS-SYN_FLOOD,DDOS-SYNONYMOUSIP_FLOOD
attack_34class_pgd_0.30,10528,Max,230.0,-74.20001220703125,-304.20001220703125,1.0,Non-negative constraint violated | Min > Max,DOS-SYN_FLOOD,DOS-SYN_FLOOD,DDOS-SYNONYMOUSIP_FLOOD
attack_34class_pgd_0.30,10528,AVG,61.70000076293945,-93.70001220703125,-155.4000129699707,1.0,"Non-negative constraint violated | AVG outside [Min, Max]",DOS-SYN_FLOOD,DOS-SYN_FLOOD,DDOS-SYNONYMOUSIP_FLOOD
attack_34class_pgd_0.30,10528,Tot size,61.70000076293945,-93.70001220703125,-155.4000129699707,1.0,Non-negative constraint violated,DOS-SYN_FLOOD,DOS-SYN_FLOOD,DDOS-SYNONYMOUSIP_FLOOD
attack_34class_pgd_0.30,10528,Std,17.0,-46.15362548828125,-63.15362548828125,1.0,Non-negative constraint violated | Variance mismatch vs Std^2,DOS-SYN_FLOOD,DOS-SYN_FLOOD,DDOS-SYNONYMOUSIP_FLOOD
attack_34class_pgd_0.30,10528,Number,100.0,95.7822036743164,-4.217796325683594,1.0,Integer constraint violated,DOS-SYN_FLOOD,DOS-SYN_FLOOD,DDOS-SYNONYMOUSIP_FLOOD
attack_34class_pgd_0.30,10528,Header_Length,19.8799991607666,16.255998611450195,-3.6240005493164062,1.0,-,DOS-SYN_FLOOD,DOS-SYN_FLOOD,DDOS-SYNONYMOUSIP_FLOOD
attack_34class_pgd_0.30,10528,Protocol Type,6.0,2.6999998092651367,-3.3000001907348633,0.0,"Protocol clean=6, adv=INVALID (non-integer: 2.7000) | Protocol invalid: non-integer",DOS-SYN_FLOOD,DOS-SYN_FLOOD,DDOS-SYNONYMOUSIP_FLOOD
attack_34class_pgd_0.30,10528,ack_count,0.0,-2.1000001430511475,-2.1000001430511475,0.30000001192092896,Integer constraint violated | Non-negative constraint violated,DOS-SYN_FLOOD,DOS-SYN_FLOOD,DDOS-SYNONYMOUSIP_FLOOD
attack_34class_pgd_0.30,10528,Min,60.0,58.20000076293945,-1.7999992370605469,1.0,Min > Max,DOS-SYN_FLOOD,DOS-SYN_FLOOD,DDOS-SYNONYMOUSIP_FLOOD
attack_34class_pgd_0.30,10528,Time_To_Live,65.91000366210938,65.33700561523438,-0.572998046875,0.0,-,DOS-SYN_FLOOD,DOS-SYN_FLOOD,DDOS-SYNONYMOUSIP_FLOOD
attack_34class_pgd_0.30,10528,syn_count,99.0,99.30000305175781,0.3000030517578125,0.30000001192092896,Integer constraint violated,DOS-SYN_FLOOD,DOS-SYN_FLOOD,DDOS-SYNONYMOUSIP_FLOOD
attack_34class_pgd_0.30,10528,fin_flag_number,0.0,-0.30000001192092896,-0.30000001192092896,0.30000001192092896,Integer constraint violated | Non-negative constraint violated,DOS-SYN_FLOOD,DOS-SYN_FLOOD,DDOS-SYNONYMOUSIP_FLOOD
attack_34class_pgd_0.30,10528,rst_flag_number,0.0,0.30000001192092896,0.30000001192092896,0.30000001192092896,Integer constraint violated,DOS-SYN_FLOOD,DOS-SYN_FLOOD,DDOS-SYNONYMOUSIP_FLOOD
attack_34class_pgd_0.30,10528,psh_flag_number,0.0,-0.30000001192092896,-0.30000001192092896,0.30000001192092896,Integer constraint violated | Non-negative constraint violated,DOS-SYN_FLOOD,DOS-SYN_FLOOD,DDOS-SYNONYMOUSIP_FLOOD
attack_34class_pgd_0.30,10528,ack_flag_number,0.0,-0.30000001192092896,-0.30000001192092896,0.30000001192092896,Integer constraint violated | Non-negative constraint violated,DOS-SYN_FLOOD,DOS-SYN_FLOOD,DDOS-SYNONYMOUSIP_FLOOD
attack_34class_pgd_0.30,10528,ece_flag_number,0.0,-0.30000001192092896,-0.30000001192092896,0.0,Integer constraint violated | Non-negative constraint violated,DOS-SYN_FLOOD,DOS-SYN_FLOOD,DDOS-SYNONYMOUSIP_FLOOD
attack_34class_pgd_0.30,10528,fin_count,0.0,-0.30000001192092896,-0.30000001192092896,0.30000001192092896,Integer constraint violated | Non-negative constraint violated,DOS-SYN_FLOOD,DOS-SYN_FLOOD,DDOS-SYNONYMOUSIP_FLOOD
attack_34class_pgd_0.30,10528,rst_count,0.0,-0.30000001192092896,-0.30000001192092896,0.30000001192092896,Integer constraint violated | Non-negative constraint violated,DOS-SYN_FLOOD,DOS-SYN_FLOOD,DDOS-SYNONYMOUSIP_FLOOD
attack_34class_pgd_0.30,10528,Telnet,0.0,-0.30000001192092896,-0.30000001192092896,0.0,Binary constraint violated (must be 0/1),DOS-SYN_FLOOD,DOS-SYN_FLOOD,DDOS-SYNONYMOUSIP_FLOOD
attack_34class_pgd_0.30,10528,SMTP,0.0,0.30000001192092896,0.30000001192092896,0.0,Binary constraint violated (must be 0/1),DOS-SYN_FLOOD,DOS-SYN_FLOOD,DDOS-SYNONYMOUSIP_FLOOD
attack_34class_pgd_0.30,10528,SSH,0.0,-0.30000001192092896,-0.30000001192092896,0.0,Binary constraint violated (must be 0/1),DOS-SYN_FLOOD,DOS-SYN_FLOOD,DDOS-SYNONYMOUSIP_FLOOD
attack_34class_pgd_0.30,10528,UDP,0.0,-0.30000001192092896,-0.30000001192092896,0.0,Binary constraint violated (must be 0/1),DOS-SYN_FLOOD,DOS-SYN_FLOOD,DDOS-SYNONYMOUSIP_FLOOD
attack_34class_pgd_0.30,10528,DHCP,0.0,0.30000001192092896,0.30000001192092896,0.0,Binary constraint violated (must be 0/1),DOS-SYN_FLOOD,DOS-SYN_FLOOD,DDOS-SYNONYMOUSIP_FLOOD
attack_34class_pgd_0.30,10528,ARP,0.0,-0.30000001192092896,-0.30000001192092896,0.0,Binary constraint violated (must be 0/1),DOS-SYN_FLOOD,DOS-SYN_FLOOD,DDOS-SYNONYMOUSIP_FLOOD
attack_34class_pgd_0.30,10528,ICMP,0.0,0.30000001192092896,0.30000001192092896,0.0,Binary constraint violated (must be 0/1),DOS-SYN_FLOOD,DOS-SYN_FLOOD,DDOS-SYNONYMOUSIP_FLOOD
attack_34class_pgd_0.30,10528,LLC,1.0,0.699999988079071,-0.30000001192092896,0.0,Binary constraint violated (must be 0/1),DOS-SYN_FLOOD,DOS-SYN_FLOOD,DDOS-SYNONYMOUSIP_FLOOD
attack_34class_pgd_0.30,10528,TCP,1.0,1.2999999523162842,0.2999999523162842,0.0,Binary constraint violated (must be 0/1),DOS-SYN_FLOOD,DOS-SYN_FLOOD,DDOS-SYNONYMOUSIP_FLOOD
attack_34class_pgd_0.30,10528,HTTPS,0.0,0.298126220703125,0.298126220703125,0.0,Binary constraint violated (must be 0/1),DOS-SYN_FLOOD,DOS-SYN_FLOOD,DDOS-SYNONYMOUSIP_FLOOD
attack_34class_pgd_0.30,10528,HTTP,0.0,0.22500000894069672,0.22500000894069672,0.0,Binary constraint violated (must be 0/1),DOS-SYN_FLOOD,DOS-SYN_FLOOD,DDOS-SYNONYMOUSIP_FLOOD
attack_34class_pgd_0.30,10528,IGMP,0.0,-0.22500000894069672,-0.22500000894069672,0.0,Binary constraint violated (must be 0/1),DOS-SYN_FLOOD,DOS-SYN_FLOOD,DDOS-SYNONYMOUSIP_FLOOD
attack_34class_pgd_0.30,10528,syn_flag_number,1.0,1.2249999046325684,0.22499990463256836,0.30000001192092896,Integer constraint violated,DOS-SYN_FLOOD,DOS-SYN_FLOOD,DDOS-SYNONYMOUSIP_FLOOD
attack_34class_pgd_0.30,10528,IPv,1.0,0.8527799844741821,-0.14722001552581787,0.0,Binary constraint violated (must be 0/1),DOS-SYN_FLOOD,DOS-SYN_FLOOD,DDOS-SYNONYMOUSIP_FLOOD
attack_34class_pgd_0.30,10528,DNS,0.0,-0.10549850761890411,-0.10549850761890411,0.0,Binary constraint violated (must be 0/1),DOS-SYN_FLOOD,DOS-SYN_FLOOD,DDOS-SYNONYMOUSIP_FLOOD
attack_34class_pgd_0.30,10528,cwr_flag_number,0.0,-0.07500000298023224,-0.07500000298023224,0.0,Integer constraint violated | Non-negative constraint violated,DOS-SYN_FLOOD,DOS-SYN_FLOOD,DDOS-SYNONYMOUSIP_FLOOD
attack_34class_pgd_0.30,10528,IRC,0.0,-0.032263606786727905,-0.032263606786727905,0.0,Binary constraint violated (must be 0/1),DOS-SYN_FLOOD,DOS-SYN_FLOOD,DDOS-SYNONYMOUSIP_FLOOD
attack_34class_pgd_0.30,6667,Tot sum,6000.0,-8681.7001953125,-14681.7001953125,1.0,Non-negative constraint violated,DDOS-ICMP_FLOOD,DDOS-ICMP_FLOOD,DDOS-UDP_FLOOD
attack_34class_pgd_0.30,6667,Variance,0.0,-13294.6005859375,-13294.6005859375,1.0,Non-negative constraint violated | Variance mismatch vs Std^2,DDOS-ICMP_FLOOD,DDOS-ICMP_FLOOD,DDOS-UDP_FLOOD
attack_34class_pgd_0.30,6667,Rate,4788.12744140625,-2637.43994140625,-7425.5673828125,1.0,Non-negative constraint violated,DDOS-ICMP_FLOOD,DDOS-ICMP_FLOOD,DDOS-UDP_FLOOD
attack_34class_pgd_0.30,6667,Max,60.0,-244.20001220703125,-304.20001220703125,1.0,Non-negative constraint violated | Min > Max,DDOS-ICMP_FLOOD,DDOS-ICMP_FLOOD,DDOS-UDP_FLOOD
attack_34class_pgd_0.30,6667,AVG,60.0,-95.39999389648438,-155.39999389648438,1.0,"Non-negative constraint violated | AVG outside [Min, Max]",DDOS-ICMP_FLOOD,DDOS-ICMP_FLOOD,DDOS-UDP_FLOOD
attack_34class_pgd_0.30,6667,Tot size,60.0,-95.39999389648438,-155.39999389648438,1.0,Non-negative constraint violated,DDOS-ICMP_FLOOD,DDOS-ICMP_FLOOD,DDOS-UDP_FLOOD
attack_34class_pgd_0.30,6667,Std,0.0,-63.153621673583984,-63.153621673583984,1.0,Non-negative constraint violated | Variance mismatch vs Std^2,DDOS-ICMP_FLOOD,DDOS-ICMP_FLOOD,DDOS-UDP_FLOOD
attack_34class_pgd_0.30,6667,Number,100.0,127.0,27.0,1.0,-,DDOS-ICMP_FLOOD,DDOS-ICMP_FLOOD,DDOS-UDP_FLOOD
attack_34class_pgd_0.30,6667,Header_Length,0.0,-3.6240005493164062,-3.6240005493164062,1.0,Non-negative constraint violated,DDOS-ICMP_FLOOD,DDOS-ICMP_FLOOD,DDOS-UDP_FLOOD
attack_34class_pgd_0.30,6667,Protocol Type,1.0,4.300000190734863,3.3000001907348633,0.0,"Protocol clean=1, adv=INVALID (non-integer: 4.3000) | Protocol invalid: non-integer",DDOS-ICMP_FLOOD,DDOS-ICMP_FLOOD,DDOS-UDP_FLOOD
attack_34class_pgd_0.30,6667,ack_count,0.0,-2.1000001430511475,-2.1000001430511475,0.30000001192092896,Integer constraint violated | Non-negative constraint violated,DDOS-ICMP_FLOOD,DDOS-ICMP_FLOOD,DDOS-UDP_FLOOD
attack_34class_pgd_0.30,6667,Min,60.0,58.20000076293945,-1.7999992370605469,1.0,Min > Max,DDOS-ICMP_FLOOD,DDOS-ICMP_FLOOD,DDOS-UDP_FLOOD
attack_34class_pgd_0.30,6667,Time_To_Live,63.36000061035156,63.93300247192383,0.5730018615722656,0.0,-,DDOS-ICMP_FLOOD,DDOS-ICMP_FLOOD,DDOS-UDP_FLOOD
attack_34class_pgd_0.30,6667,fin_flag_number,0.0,0.30000001192092896,0.30000001192092896,0.30000001192092896,Integer constraint violated,DDOS-ICMP_FLOOD,DDOS-ICMP_FLOOD,DDOS-UDP_FLOOD
attack_34class_pgd_0.30,6667,syn_flag_number,0.0,0.30000001192092896,0.30000001192092896,0.30000001192092896,Integer constraint violated,DDOS-ICMP_FLOOD,DDOS-ICMP_FLOOD,DDOS-UDP_FLOOD
attack_34class_pgd_0.30,6667,rst_flag_number,0.0,0.30000001192092896,0.30000001192092896,0.30000001192092896,Integer constraint violated,DDOS-ICMP_FLOOD,DDOS-ICMP_FLOOD,DDOS-UDP_FLOOD
attack_34class_pgd_0.30,6667,psh_flag_number,0.0,0.30000001192092896,0.30000001192092896,0.30000001192092896,Integer constraint violated,DDOS-ICMP_FLOOD,DDOS-ICMP_FLOOD,DDOS-UDP_FLOOD
attack_34class_pgd_0.30,6667,cwr_flag_number,0.0,-0.30000001192092896,-0.30000001192092896,0.0,Integer constraint violated | Non-negative constraint violated,DDOS-ICMP_FLOOD,DDOS-ICMP_FLOOD,DDOS-UDP_FLOOD
attack_34class_pgd_0.30,6667,syn_count,0.0,-0.30000001192092896,-0.30000001192092896,0.30000001192092896,Integer constraint violated | Non-negative constraint violated,DDOS-ICMP_FLOOD,DDOS-ICMP_FLOOD,DDOS-UDP_FLOOD
attack_34class_pgd_0.30,6667,rst_count,0.0,-0.30000001192092896,-0.30000001192092896,0.30000001192092896,Integer constraint violated | Non-negative constraint violated,DDOS-ICMP_FLOOD,DDOS-ICMP_FLOOD,DDOS-UDP_FLOOD
attack_34class_pgd_0.30,6667,HTTP,0.0,-0.30000001192092896,-0.30000001192092896,0.0,Binary constraint violated (must be 0/1),DDOS-ICMP_FLOOD,DDOS-ICMP_FLOOD,DDOS-UDP_FLOOD
attack_34class_pgd_0.30,6667,HTTPS,0.0,0.30000001192092896,0.30000001192092896,0.0,Binary constraint violated (must be 0/1),DDOS-ICMP_FLOOD,DDOS-ICMP_FLOOD,DDOS-UDP_FLOOD
attack_34class_pgd_0.30,6667,DNS,0.0,0.30000001192092896,0.30000001192092896,0.0,Binary constraint violated (must be 0/1),DDOS-ICMP_FLOOD,DDOS-ICMP_FLOOD,DDOS-UDP_FLOOD
attack_34class_pgd_0.30,6667,Telnet,0.0,-0.30000001192092896,-0.30000001192092896,0.0,Binary constraint violated (must be 0/1),DDOS-ICMP_FLOOD,DDOS-ICMP_FLOOD,DDOS-UDP_FLOOD
attack_34class_pgd_0.30,6667,SMTP,0.0,0.30000001192092896,0.30000001192092896,0.0,Binary constraint violated (must be 0/1),DDOS-ICMP_FLOOD,DDOS-ICMP_FLOOD,DDOS-UDP_FLOOD
attack_34class_pgd_0.30,6667,SSH,0.0,0.30000001192092896,0.30000001192092896,0.0,Binary constraint violated (must be 0/1),DDOS-ICMP_FLOOD,DDOS-ICMP_FLOOD,DDOS-UDP_FLOOD
attack_34class_pgd_0.30,6667,IRC,0.0,-0.30000001192092896,-0.30000001192092896,0.0,Binary constraint violated (must be 0/1),DDOS-ICMP_FLOOD,DDOS-ICMP_FLOOD,DDOS-UDP_FLOOD
attack_34class_pgd_0.30,6667,UDP,0.0,0.30000001192092896,0.30000001192092896,0.0,Binary constraint violated (must be 0/1),DDOS-ICMP_FLOOD,DDOS-ICMP_FLOOD,DDOS-UDP_FLOOD
attack_34class_pgd_0.30,6667,DHCP,0.0,0.30000001192092896,0.30000001192092896,0.0,Binary constraint violated (must be 0/1),DDOS-ICMP_FLOOD,DDOS-ICMP_FLOOD,DDOS-UDP_FLOOD
attack_34class_pgd_0.30,6667,ARP,0.0,-0.30000001192092896,-0.30000001192092896,0.0,Binary constraint violated (must be 0/1),DDOS-ICMP_FLOOD,DDOS-ICMP_FLOOD,DDOS-UDP_FLOOD
attack_34class_pgd_0.30,6667,ICMP,1.0,0.699999988079071,-0.30000001192092896,0.0,Binary constraint violated (must be 0/1),DDOS-ICMP_FLOOD,DDOS-ICMP_FLOOD,DDOS-UDP_FLOOD
attack_34class_pgd_0.30,6667,IGMP,0.0,-0.30000001192092896,-0.30000001192092896,0.0,Binary constraint violated (must be 0/1),DDOS-ICMP_FLOOD,DDOS-ICMP_FLOOD,DDOS-UDP_FLOOD
attack_34class_pgd_0.30,6667,TCP,0.0,-0.2999999523162842,-0.2999999523162842,0.0,Binary constraint violated (must be 0/1),DDOS-ICMP_FLOOD,DDOS-ICMP_FLOOD,DDOS-UDP_FLOOD
attack_34class_pgd_0.30,6667,IPv,1.0,1.2999999523162842,0.2999999523162842,0.0,Binary constraint violated (must be 0/1),DDOS-ICMP_FLOOD,DDOS-ICMP_FLOOD,DDOS-UDP_FLOOD
attack_34class_pgd_0.30,6667,fin_count,0.0,-0.22500000894069672,-0.22500000894069672,0.30000001192092896,Integer constraint violated | Non-negative constraint violated,DDOS-ICMP_FLOOD,DDOS-ICMP_FLOOD,DDOS-UDP_FLOOD
attack_34class_pgd_0.30,6667,LLC,1.0,1.0750000476837158,0.07500004768371582,0.0,Binary constraint violated (must be 0/1),DDOS-ICMP_FLOOD,DDOS-ICMP_FLOOD,DDOS-UDP_FLOOD
attack_34class_pgd_0.30,6667,ack_flag_number,0.0,-0.07500000298023224,-0.07500000298023224,0.30000001192092896,Integer constraint violated | Non-negative constraint violated,DDOS-ICMP_FLOOD,DDOS-ICMP_FLOOD,DDOS-UDP_FLOOD
attack_34class_pgd_0.30,6667,ece_flag_number,0.0,-0.07500000298023224,-0.07500000298023224,0.0,Integer constraint violated | Non-negative constraint violated,DDOS-ICMP_FLOOD,DDOS-ICMP_FLOOD,DDOS-UDP_FLOOD
attack_34class_pgd_0.30,42036,Tot sum,1108.0,-13573.69921875,-14681.69921875,1.0,Non-negative constraint violated,MIRAI-UDPPLAIN,MIRAI-UDPPLAIN,MITM-ARPSPOOFING
attack_34class_pgd_0.30,42036,Variance,0.0,-13294.6005859375,-13294.6005859375,1.0,Non-negative constraint violated | Variance mismatch vs Std^2,MIRAI-UDPPLAIN,MIRAI-UDPPLAIN,MITM-ARPSPOOFING
attack_34class_pgd_0.30,42036,Rate,998643.8125,991218.25,-7425.5625,1.0,-,MIRAI-UDPPLAIN,MIRAI-UDPPLAIN,MITM-ARPSPOOFING
attack_34class_pgd_0.30,42036,Max,554.0,249.79998779296875,-304.20001220703125,1.0,Min > Max,MIRAI-UDPPLAIN,MIRAI-UDPPLAIN,MITM-ARPSPOOFING
attack_34class_pgd_0.30,42036,AVG,554.0,398.60003662109375,-155.39996337890625,1.0,"AVG outside [Min, Max]",MIRAI-UDPPLAIN,MIRAI-UDPPLAIN,MITM-ARPSPOOFING
attack_34class_pgd_0.30,42036,Tot size,554.0,398.60003662109375,-155.39996337890625,1.0,-,MIRAI-UDPPLAIN,MIRAI-UDPPLAIN,MITM-ARPSPOOFING
attack_34class_pgd_0.30,42036,Std,0.0,-63.153621673583984,-63.153621673583984,1.0,Non-negative constraint violated | Variance mismatch vs Std^2,MIRAI-UDPPLAIN,MIRAI-UDPPLAIN,MITM-ARPSPOOFING
attack_34class_pgd_0.30,42036,Number,2.0,-24.99999237060547,-26.99999237060547,1.0,Non-negative constraint violated | Packet count must be >= 1,MIRAI-UDPPLAIN,MIRAI-UDPPLAIN,MITM-ARPSPOOFING
attack_34class_pgd_0.30,42036,Header_Length,8.0,11.624000549316406,3.6240005493164062,1.0,-,MIRAI-UDPPLAIN,MIRAI-UDPPLAIN,MITM-ARPSPOOFING
attack_34class_pgd_0.30,42036,Protocol Type,17.0,20.299999237060547,3.299999237060547,0.0,"Protocol clean=17, adv=INVALID (non-integer: 20.3000) | Protocol invalid: non-integer",MIRAI-UDPPLAIN,MIRAI-UDPPLAIN,MITM-ARPSPOOFING
attack_34class_pgd_0.30,42036,ack_count,0.0,-2.1000001430511475,-2.1000001430511475,0.30000001192092896,Integer constraint violated | Non-negative constraint violated,MIRAI-UDPPLAIN,MIRAI-UDPPLAIN,MITM-ARPSPOOFING
attack_34class_pgd_0.30,42036,Min,554.0,552.2000122070312,-1.79998779296875,1.0,Min > Max,MIRAI-UDPPLAIN,MIRAI-UDPPLAIN,MITM-ARPSPOOFING
attack_34class_pgd_0.30,42036,Time_To_Live,64.0,64.572998046875,0.572998046875,0.0,-,MIRAI-UDPPLAIN,MIRAI-UDPPLAIN,MITM-ARPSPOOFING
attack_34class_pgd_0.30,42036,fin_flag_number,0.0,-0.30000001192092896,-0.30000001192092896,0.30000001192092896,Integer constraint violated | Non-negative constraint violated,MIRAI-UDPPLAIN,MIRAI-UDPPLAIN,MITM-ARPSPOOFING
attack_34class_pgd_0.30,42036,syn_flag_number,0.0,0.30000001192092896,0.30000001192092896,0.30000001192092896,Integer constraint violated,MIRAI-UDPPLAIN,MIRAI-UDPPLAIN,MITM-ARPSPOOFING
attack_34class_pgd_0.30,42036,rst_flag_number,0.0,-0.30000001192092896,-0.30000001192092896,0.30000001192092896,Integer constraint violated | Non-negative constraint violated,MIRAI-UDPPLAIN,MIRAI-UDPPLAIN,MITM-ARPSPOOFING
attack_34class_pgd_0.30,42036,psh_flag_number,0.0,-0.30000001192092896,-0.30000001192092896,0.30000001192092896,Integer constraint violated | Non-negative constraint violated,MIRAI-UDPPLAIN,MIRAI-UDPPLAIN,MITM-ARPSPOOFING
attack_34class_pgd_0.30,42036,ack_flag_number,0.0,-0.30000001192092896,-0.30000001192092896,0.30000001192092896,Integer constraint violated | Non-negative constraint violated,MIRAI-UDPPLAIN,MIRAI-UDPPLAIN,MITM-ARPSPOOFING
attack_34class_pgd_0.30,42036,ece_flag_number,0.0,-0.30000001192092896,-0.30000001192092896,0.0,Integer constraint violated | Non-negative constraint violated,MIRAI-UDPPLAIN,MIRAI-UDPPLAIN,MITM-ARPSPOOFING
attack_34class_pgd_0.30,42036,cwr_flag_number,0.0,-0.30000001192092896,-0.30000001192092896,0.0,Integer constraint violated | Non-negative constraint violated,MIRAI-UDPPLAIN,MIRAI-UDPPLAIN,MITM-ARPSPOOFING
attack_34class_pgd_0.30,42036,syn_count,0.0,-0.30000001192092896,-0.30000001192092896,0.30000001192092896,Integer constraint violated | Non-negative constraint violated,MIRAI-UDPPLAIN,MIRAI-UDPPLAIN,MITM-ARPSPOOFING
attack_34class_pgd_0.30,42036,fin_count,0.0,-0.30000001192092896,-0.30000001192092896,0.30000001192092896,Integer constraint violated | Non-negative constraint violated,MIRAI-UDPPLAIN,MIRAI-UDPPLAIN,MITM-ARPSPOOFING
attack_34class_pgd_0.30,42036,rst_count,0.0,-0.30000001192092896,-0.30000001192092896,0.30000001192092896,Integer constraint violated | Non-negative constraint violated,MIRAI-UDPPLAIN,MIRAI-UDPPLAIN,MITM-ARPSPOOFING
attack_34class_pgd_0.30,42036,HTTP,0.0,0.30000001192092896,0.30000001192092896,0.0,Binary constraint violated (must be 0/1),MIRAI-UDPPLAIN,MIRAI-UDPPLAIN,MITM-ARPSPOOFING
attack_34class_pgd_0.30,42036,HTTPS,0.0,0.30000001192092896,0.30000001192092896,0.0,Binary constraint violated (must be 0/1),MIRAI-UDPPLAIN,MIRAI-UDPPLAIN,MITM-ARPSPOOFING
attack_34class_pgd_0.30,42036,DNS,0.0,-0.30000001192092896,-0.30000001192092896,0.0,Binary constraint violated (must be 0/1),MIRAI-UDPPLAIN,MIRAI-UDPPLAIN,MITM-ARPSPOOFING
attack_34class_pgd_0.30,42036,Telnet,0.0,0.30000001192092896,0.30000001192092896,0.0,Binary constraint violated (must be 0/1),MIRAI-UDPPLAIN,MIRAI-UDPPLAIN,MITM-ARPSPOOFING
attack_34class_pgd_0.30,42036,SSH,0.0,-0.30000001192092896,-0.30000001192092896,0.0,Binary constraint violated (must be 0/1),MIRAI-UDPPLAIN,MIRAI-UDPPLAIN,MITM-ARPSPOOFING
attack_34class_pgd_0.30,42036,IRC,0.0,-0.30000001192092896,-0.30000001192092896,0.0,Binary constraint violated (must be 0/1),MIRAI-UDPPLAIN,MIRAI-UDPPLAIN,MITM-ARPSPOOFING
attack_34class_pgd_0.30,42036,DHCP,0.0,0.30000001192092896,0.30000001192092896,0.0,Binary constraint violated (must be 0/1),MIRAI-UDPPLAIN,MIRAI-UDPPLAIN,MITM-ARPSPOOFING
attack_34class_pgd_0.30,42036,ARP,0.0,0.30000001192092896,0.30000001192092896,0.0,Binary constraint violated (must be 0/1),MIRAI-UDPPLAIN,MIRAI-UDPPLAIN,MITM-ARPSPOOFING
attack_34class_pgd_0.30,42036,ICMP,0.0,-0.30000001192092896,-0.30000001192092896,0.0,Binary constraint violated (must be 0/1),MIRAI-UDPPLAIN,MIRAI-UDPPLAIN,MITM-ARPSPOOFING
attack_34class_pgd_0.30,42036,IGMP,0.0,0.30000001192092896,0.30000001192092896,0.0,Binary constraint violated (must be 0/1),MIRAI-UDPPLAIN,MIRAI-UDPPLAIN,MITM-ARPSPOOFING
attack_34class_pgd_0.30,42036,IPv,1.0,0.699999988079071,-0.30000001192092896,0.0,Binary constraint violated (must be 0/1),MIRAI-UDPPLAIN,MIRAI-UDPPLAIN,MITM-ARPSPOOFING
attack_34class_pgd_0.30,42036,LLC,1.0,0.699999988079071,-0.30000001192092896,0.0,Binary constraint violated (must be 0/1),MIRAI-UDPPLAIN,MIRAI-UDPPLAIN,MITM-ARPSPOOFING
attack_34class_pgd_0.30,42036,TCP,0.0,-0.2999999523162842,-0.2999999523162842,0.0,Binary constraint violated (must be 0/1),MIRAI-UDPPLAIN,MIRAI-UDPPLAIN,MITM-ARPSPOOFING
attack_34class_pgd_0.30,42036,UDP,1.0,1.2999999523162842,0.2999999523162842,0.0,Binary constraint violated (must be 0/1),MIRAI-UDPPLAIN,MIRAI-UDPPLAIN,MITM-ARPSPOOFING
attack_34class_pgd_0.30,42036,SMTP,0.0,0.07500000298023224,0.07500000298023224,0.0,Binary constraint violated (must be 0/1),MIRAI-UDPPLAIN,MIRAI-UDPPLAIN,MITM-ARPSPOOFING
attack_binary_fgsm_0.05,38026,Tot sum,624.0,-1822.9501953125,-2446.9501953125,1.0,Non-negative constraint violated,Attack,Attack,Benign
attack_binary_fgsm_0.05,38026,Variance,9.600000381469727,-2206.166748046875,-2215.7667484283447,1.0,Non-negative constraint violated | Variance mismatch vs Std^2,Attack,Attack,Benign
attack_binary_fgsm_0.05,38026,Rate,86.66650390625,-1150.9287109375,-1237.59521484375,1.0,Non-negative constraint violated,Attack,Attack,Benign
attack_binary_fgsm_0.05,38026,Max,66.0,15.300003051757812,-50.69999694824219,1.0,Min > Max,Attack,Attack,Benign
attack_binary_fgsm_0.05,38026,AVG,62.400001525878906,36.5,-25.900001525878906,1.0,"AVG outside [Min, Max]",Attack,Attack,Benign
attack_binary_fgsm_0.05,38026,Tot size,62.400001525878906,36.5,-25.900001525878906,1.0,-,Attack,Attack,Benign
attack_binary_fgsm_0.05,38026,Std,3.098386764526367,-7.427216529846191,-10.525603294372559,1.0,Non-negative constraint violated | Variance mismatch vs Std^2,Attack,Attack,Benign
attack_binary_fgsm_0.05,38026,Number,10.0,5.500007629394531,-4.499992370605469,1.0,Integer constraint violated,Attack,Attack,Benign
attack_binary_fgsm_0.05,38026,Header_Length,16.0,16.604000091552734,0.6040000915527344,1.0,-,Attack,Attack,Benign
attack_binary_fgsm_0.05,38026,Protocol Type,6.0,6.550000190734863,0.5500001907348633,0.0,"Protocol clean=6, adv=INVALID (non-integer: 6.5500) | Protocol invalid: non-integer",Attack,Attack,Benign
attack_binary_fgsm_0.05,38026,ack_count,4.0,3.6500000953674316,-0.34999990463256836,0.30000001192092896,Integer constraint violated,Attack,Attack,Benign
attack_binary_fgsm_0.05,38026,Min,60.0,60.29999923706055,0.2999992370605469,1.0,Min > Max,Attack,Attack,Benign
attack_binary_fgsm_0.05,38026,Time_To_Live,104.69999694824219,104.60449981689453,-0.09549713134765625,0.0,-,Attack,Attack,Benign
attack_binary_fgsm_0.05,38026,fin_flag_number,0.0,-0.05000000074505806,-0.05000000074505806,0.30000001192092896,Integer constraint violated | Non-negative constraint violated,Attack,Attack,Benign
attack_binary_fgsm_0.05,38026,syn_flag_number,0.0,-0.05000000074505806,-0.05000000074505806,0.30000001192092896,Integer constraint violated | Non-negative constraint violated,Attack,Attack,Benign
attack_binary_fgsm_0.05,38026,rst_flag_number,0.0,-0.05000000074505806,-0.05000000074505806,0.30000001192092896,Integer constraint violated | Non-negative constraint violated,Attack,Attack,Benign
attack_binary_fgsm_0.05,38026,psh_flag_number,0.0,-0.05000000074505806,-0.05000000074505806,0.30000001192092896,Integer constraint violated | Non-negative constraint violated,Attack,Attack,Benign
attack_binary_fgsm_0.05,38026,ack_flag_number,0.0,-0.05000000074505806,-0.05000000074505806,0.30000001192092896,Integer constraint violated | Non-negative constraint violated,Attack,Attack,Benign
attack_binary_fgsm_0.05,38026,ece_flag_number,0.0,-0.05000000074505806,-0.05000000074505806,0.0,Integer constraint violated | Non-negative constraint violated,Attack,Attack,Benign
attack_binary_fgsm_0.05,38026,cwr_flag_number,0.0,0.05000000074505806,0.05000000074505806,0.0,Integer constraint violated,Attack,Attack,Benign
attack_binary_fgsm_0.05,38026,syn_count,0.0,-0.05000000074505806,-0.05000000074505806,0.30000001192092896,Integer constraint violated | Non-negative constraint violated,Attack,Attack,Benign
attack_binary_fgsm_0.05,38026,fin_count,0.0,-0.05000000074505806,-0.05000000074505806,0.30000001192092896,Integer constraint violated | Non-negative constraint violated,Attack,Attack,Benign
attack_binary_fgsm_0.05,38026,rst_count,0.0,-0.05000000074505806,-0.05000000074505806,0.30000001192092896,Integer constraint violated | Non-negative constraint violated,Attack,Attack,Benign
attack_binary_fgsm_0.05,38026,HTTP,0.0,-0.05000000074505806,-0.05000000074505806,0.0,Binary constraint violated (must be 0/1),Attack,Attack,Benign
attack_binary_fgsm_0.05,38026,HTTPS,0.0,0.05000000074505806,0.05000000074505806,0.0,Binary constraint violated (must be 0/1),Attack,Attack,Benign
attack_binary_fgsm_0.05,38026,DNS,0.0,-0.05000000074505806,-0.05000000074505806,0.0,Binary constraint violated (must be 0/1),Attack,Attack,Benign
attack_binary_fgsm_0.05,38026,Telnet,0.0,0.05000000074505806,0.05000000074505806,0.0,Binary constraint violated (must be 0/1),Attack,Attack,Benign
attack_binary_fgsm_0.05,38026,SMTP,0.0,-0.05000000074505806,-0.05000000074505806,0.0,Binary constraint violated (must be 0/1),Attack,Attack,Benign
attack_binary_fgsm_0.05,38026,SSH,0.0,-0.05000000074505806,-0.05000000074505806,0.0,Binary constraint violated (must be 0/1),Attack,Attack,Benign
attack_binary_fgsm_0.05,38026,IRC,0.0,0.05000000074505806,0.05000000074505806,0.0,Binary constraint violated (must be 0/1),Attack,Attack,Benign
attack_binary_fgsm_0.05,38026,UDP,0.0,0.05000000074505806,0.05000000074505806,0.0,Binary constraint violated (must be 0/1),Attack,Attack,Benign
attack_binary_fgsm_0.05,38026,DHCP,0.0,0.05000000074505806,0.05000000074505806,0.0,Binary constraint violated (must be 0/1),Attack,Attack,Benign
attack_binary_fgsm_0.05,38026,ARP,0.0,-0.05000000074505806,-0.05000000074505806,0.0,Binary constraint violated (must be 0/1),Attack,Attack,Benign
attack_binary_fgsm_0.05,38026,ICMP,0.0,-0.05000000074505806,-0.05000000074505806,0.0,Binary constraint violated (must be 0/1),Attack,Attack,Benign
attack_binary_fgsm_0.05,38026,IGMP,0.0,-0.05000000074505806,-0.05000000074505806,0.0,Binary constraint violated (must be 0/1),Attack,Attack,Benign
attack_binary_fgsm_0.05,38026,TCP,0.0,-0.04999995231628418,-0.04999995231628418,0.0,Binary constraint violated (must be 0/1),Attack,Attack,Benign
attack_binary_fgsm_0.05,38026,IPv,1.0,1.0499999523162842,0.04999995231628418,0.0,Binary constraint violated (must be 0/1),Attack,Attack,Benign
attack_binary_fgsm_0.05,38026,LLC,1.0,1.0499999523162842,0.04999995231628418,0.0,Binary constraint violated (must be 0/1),Attack,Attack,Benign
attack_binary_fgsm_0.05,29869,Tot sum,606.0,3052.949951171875,2446.949951171875,1.0,-,Benign,Benign,Attack
attack_binary_fgsm_0.05,29869,Variance,3.5999999046325684,-2212.166748046875,-2215.7667479515076,1.0,Non-negative constraint violated | Variance mismatch vs Std^2,Benign,Benign,Attack
attack_binary_fgsm_0.05,29869,Rate,162.59619140625,-1074.99853515625,-1237.5947265625,1.0,Non-negative constraint violated,Benign,Benign,Attack
attack_binary_fgsm_0.05,29869,Max,66.0,15.300003051757812,-50.69999694824219,1.0,Min > Max,Benign,Benign,Attack
attack_binary_fgsm_0.05,29869,AVG,60.599998474121094,86.5,25.900001525878906,1.0,"AVG outside [Min, Max]",Benign,Benign,Attack
attack_binary_fgsm_0.05,29869,Tot size,60.599998474121094,86.5,25.900001525878906,1.0,-,Benign,Benign,Attack
attack_binary_fgsm_0.05,29869,Std,1.8973666429519653,12.422969818115234,10.525603175163269,1.0,Variance mismatch vs Std^2,Benign,Benign,Attack
attack_binary_fgsm_0.05,29869,Number,10.0,14.5,4.5,1.0,Integer constraint violated,Benign,Benign,Attack
attack_binary_fgsm_0.05,29869,Header_Length,10.399999618530273,9.795999526977539,-0.6040000915527344,1.0,-,Benign,Benign,Attack
attack_binary_fgsm_0.05,29869,Protocol Type,17.0,16.450000762939453,-0.5499992370605469,0.0,"Protocol clean=17, adv=INVALID (non-integer: 16.4500) | Protocol invalid: non-integer",Benign,Benign,Attack
attack_binary_fgsm_0.05,29869,ack_count,1.0,1.350000023841858,0.3500000238418579,0.30000001192092896,Integer constraint violated,Benign,Benign,Attack
attack_binary_fgsm_0.05,29869,Min,60.0,59.70000076293945,-0.2999992370605469,1.0,Min > Max,Benign,Benign,Attack
attack_binary_fgsm_0.05,29869,Time_To_Live,62.900001525878906,62.99550247192383,0.09550094604492188,0.0,-,Benign,Benign,Attack
attack_binary_fgsm_0.05,29869,TCP,0.0,0.050000011920928955,0.050000011920928955,0.0,Binary constraint violated (must be 0/1),Benign,Benign,Attack
attack_binary_fgsm_0.05,29869,UDP,1.0,0.949999988079071,-0.050000011920928955,0.0,Binary constraint violated (must be 0/1),Benign,Benign,Attack
attack_binary_fgsm_0.05,29869,IPv,1.0,0.949999988079071,-0.050000011920928955,0.0,Binary constraint violated (must be 0/1),Benign,Benign,Attack
attack_binary_fgsm_0.05,29869,LLC,1.0,0.949999988079071,-0.050000011920928955,0.0,Binary constraint violated (must be 0/1),Benign,Benign,Attack
attack_binary_fgsm_0.05,29869,fin_flag_number,0.0,0.05000000074505806,0.05000000074505806,0.30000001192092896,Integer constraint violated,Benign,Benign,Attack
attack_binary_fgsm_0.05,29869,syn_flag_number,0.0,0.05000000074505806,0.05000000074505806,0.30000001192092896,Integer constraint violated,Benign,Benign,Attack
attack_binary_fgsm_0.05,29869,rst_flag_number,0.0,0.05000000074505806,0.05000000074505806,0.30000001192092896,Integer constraint violated,Benign,Benign,Attack
attack_binary_fgsm_0.05,29869,psh_flag_number,0.0,0.05000000074505806,0.05000000074505806,0.30000001192092896,Integer constraint violated,Benign,Benign,Attack
attack_binary_fgsm_0.05,29869,ack_flag_number,0.0,-0.05000000074505806,-0.05000000074505806,0.30000001192092896,Integer constraint violated | Non-negative constraint violated,Benign,Benign,Attack
attack_binary_fgsm_0.05,29869,ece_flag_number,0.0,-0.05000000074505806,-0.05000000074505806,0.0,Integer constraint violated | Non-negative constraint violated,Benign,Benign,Attack
attack_binary_fgsm_0.05,29869,cwr_flag_number,0.0,-0.05000000074505806,-0.05000000074505806,0.0,Integer constraint violated | Non-negative constraint violated,Benign,Benign,Attack
attack_binary_fgsm_0.05,29869,syn_count,0.0,0.05000000074505806,0.05000000074505806,0.30000001192092896,Integer constraint violated,Benign,Benign,Attack
attack_binary_fgsm_0.05,29869,fin_count,0.0,0.05000000074505806,0.05000000074505806,0.30000001192092896,Integer constraint violated,Benign,Benign,Attack
attack_binary_fgsm_0.05,29869,rst_count,0.0,0.05000000074505806,0.05000000074505806,0.30000001192092896,Integer constraint violated,Benign,Benign,Attack
attack_binary_fgsm_0.05,29869,HTTP,0.0,0.05000000074505806,0.05000000074505806,0.0,Binary constraint violated (must be 0/1),Benign,Benign,Attack
attack_binary_fgsm_0.05,29869,HTTPS,0.0,-0.05000000074505806,-0.05000000074505806,0.0,Binary constraint violated (must be 0/1),Benign,Benign,Attack
attack_binary_fgsm_0.05,29869,DNS,0.0,0.05000000074505806,0.05000000074505806,0.0,Binary constraint violated (must be 0/1),Benign,Benign,Attack
attack_binary_fgsm_0.05,29869,Telnet,0.0,-0.05000000074505806,-0.05000000074505806,0.0,Binary constraint violated (must be 0/1),Benign,Benign,Attack
attack_binary_fgsm_0.05,29869,SMTP,0.0,0.05000000074505806,0.05000000074505806,0.0,Binary constraint violated (must be 0/1),Benign,Benign,Attack
attack_binary_fgsm_0.05,29869,SSH,0.0,0.05000000074505806,0.05000000074505806,0.0,Binary constraint violated (must be 0/1),Benign,Benign,Attack
attack_binary_fgsm_0.05,29869,IRC,0.0,-0.05000000074505806,-0.05000000074505806,0.0,Binary constraint violated (must be 0/1),Benign,Benign,Attack
attack_binary_fgsm_0.05,29869,DHCP,0.0,-0.05000000074505806,-0.05000000074505806,0.0,Binary constraint violated (must be 0/1),Benign,Benign,Attack
attack_binary_fgsm_0.05,29869,ARP,0.0,0.05000000074505806,0.05000000074505806,0.0,Binary constraint violated (must be 0/1),Benign,Benign,Attack
attack_binary_fgsm_0.05,29869,ICMP,0.0,0.05000000074505806,0.05000000074505806,0.0,Binary constraint violated (must be 0/1),Benign,Benign,Attack
attack_binary_fgsm_0.05,29869,IGMP,0.0,0.05000000074505806,0.05000000074505806,0.0,Binary constraint violated (must be 0/1),Benign,Benign,Attack
attack_binary_fgsm_0.05,7673,Tot sum,635.0,-1811.9501953125,-2446.9501953125,1.0,Non-negative constraint violated,Attack,Attack,Benign
attack_binary_fgsm_0.05,7673,Variance,30.5,2246.2666015625,2215.7666015625,1.0,Variance mismatch vs Std^2,Attack,Attack,Benign
attack_binary_fgsm_0.05,7673,Rate,84.3564453125,-1153.23828125,-1237.5947265625,1.0,Non-negative constraint violated,Attack,Attack,Benign
attack_binary_fgsm_0.05,7673,Max,77.0,26.300003051757812,-50.69999694824219,1.0,Min > Max,Attack,Attack,Benign
attack_binary_fgsm_0.05,7673,AVG,63.5,37.599998474121094,-25.900001525878906,1.0,"AVG outside [Min, Max]",Attack,Attack,Benign
attack_binary_fgsm_0.05,7673,Tot size,63.5,37.599998474121094,-25.900001525878906,1.0,-,Attack,Attack,Benign
attack_binary_fgsm_0.05,7673,Std,5.522680282592773,-5.002923011779785,-10.525603294372559,1.0,Non-negative constraint violated | Variance mismatch vs Std^2,Attack,Attack,Benign
attack_binary_fgsm_0.05,7673,Number,10.0,5.500007629394531,-4.499992370605469,1.0,Integer constraint violated,Attack,Attack,Benign
attack_binary_fgsm_0.05,7673,Header_Length,17.600000381469727,18.20400047302246,0.6040000915527344,1.0,-,Attack,Attack,Benign
attack_binary_fgsm_0.05,7673,Protocol Type,17.0,17.549999237060547,0.5499992370605469,0.0,"Protocol clean=17, adv=INVALID (non-integer: 17.5500) | Protocol invalid: non-integer",Attack,Attack,Benign
attack_binary_fgsm_0.05,7673,ack_count,4.0,3.6500000953674316,-0.34999990463256836,0.30000001192092896,Integer constraint violated,Attack,Attack,Benign
attack_binary_fgsm_0.05,7673,Min,60.0,60.29999923706055,0.2999992370605469,1.0,Min > Max,Attack,Attack,Benign
attack_binary_fgsm_0.05,7673,Time_To_Live,69.5,69.59549713134766,0.09549713134765625,0.0,-,Attack,Attack,Benign
attack_binary_fgsm_0.05,7673,TCP,0.0,0.050000011920928955,0.050000011920928955,0.0,Binary constraint violated (must be 0/1),Attack,Attack,Benign
attack_binary_fgsm_0.05,7673,fin_flag_number,0.0,-0.05000000074505806,-0.05000000074505806,0.30000001192092896,Integer constraint violated | Non-negative constraint violated,Attack,Attack,Benign
attack_binary_fgsm_0.05,7673,syn_flag_number,0.0,-0.05000000074505806,-0.05000000074505806,0.30000001192092896,Integer constraint violated | Non-negative constraint violated,Attack,Attack,Benign
attack_binary_fgsm_0.05,7673,rst_flag_number,0.0,-0.05000000074505806,-0.05000000074505806,0.30000001192092896,Integer constraint violated | Non-negative constraint violated,Attack,Attack,Benign
attack_binary_fgsm_0.05,7673,psh_flag_number,0.0,-0.05000000074505806,-0.05000000074505806,0.30000001192092896,Integer constraint violated | Non-negative constraint violated,Attack,Attack,Benign
attack_binary_fgsm_0.05,7673,ack_flag_number,0.0,-0.05000000074505806,-0.05000000074505806,0.30000001192092896,Integer constraint violated | Non-negative constraint violated,Attack,Attack,Benign
attack_binary_fgsm_0.05,7673,ece_flag_number,0.0,-0.05000000074505806,-0.05000000074505806,0.0,Integer constraint violated | Non-negative constraint violated,Attack,Attack,Benign
attack_binary_fgsm_0.05,7673,cwr_flag_number,0.0,0.05000000074505806,0.05000000074505806,0.0,Integer constraint violated,Attack,Attack,Benign
attack_binary_fgsm_0.05,7673,syn_count,0.0,-0.05000000074505806,-0.05000000074505806,0.30000001192092896,Integer constraint violated | Non-negative constraint violated,Attack,Attack,Benign
attack_binary_fgsm_0.05,7673,fin_count,0.0,-0.05000000074505806,-0.05000000074505806,0.30000001192092896,Integer constraint violated | Non-negative constraint violated,Attack,Attack,Benign
attack_binary_fgsm_0.05,7673,rst_count,0.0,-0.05000000074505806,-0.05000000074505806,0.30000001192092896,Integer constraint violated | Non-negative constraint violated,Attack,Attack,Benign
attack_binary_fgsm_0.05,7673,HTTP,0.0,-0.05000000074505806,-0.05000000074505806,0.0,Binary constraint violated (must be 0/1),Attack,Attack,Benign
attack_binary_fgsm_0.05,7673,HTTPS,0.0,0.05000000074505806,0.05000000074505806,0.0,Binary constraint violated (must be 0/1),Attack,Attack,Benign
attack_binary_fgsm_0.05,7673,DNS,0.0,-0.05000000074505806,-0.05000000074505806,0.0,Binary constraint violated (must be 0/1),Attack,Attack,Benign
attack_binary_fgsm_0.05,7673,Telnet,0.0,0.05000000074505806,0.05000000074505806,0.0,Binary constraint violated (must be 0/1),Attack,Attack,Benign
attack_binary_fgsm_0.05,7673,SMTP,0.0,-0.05000000074505806,-0.05000000074505806,0.0,Binary constraint violated (must be 0/1),Attack,Attack,Benign
attack_binary_fgsm_0.05,7673,SSH,0.0,-0.05000000074505806,-0.05000000074505806,0.0,Binary constraint violated (must be 0/1),Attack,Attack,Benign
attack_binary_fgsm_0.05,7673,IRC,0.0,0.05000000074505806,0.05000000074505806,0.0,Binary constraint violated (must be 0/1),Attack,Attack,Benign
attack_binary_fgsm_0.05,7673,DHCP,0.0,-0.05000000074505806,-0.05000000074505806,0.0,Binary constraint violated (must be 0/1),Attack,Attack,Benign
attack_binary_fgsm_0.05,7673,ARP,0.0,-0.05000000074505806,-0.05000000074505806,0.0,Binary constraint violated (must be 0/1),Attack,Attack,Benign
attack_binary_fgsm_0.05,7673,ICMP,0.0,-0.05000000074505806,-0.05000000074505806,0.0,Binary constraint violated (must be 0/1),Attack,Attack,Benign
attack_binary_fgsm_0.05,7673,IGMP,0.0,-0.05000000074505806,-0.05000000074505806,0.0,Binary constraint violated (must be 0/1),Attack,Attack,Benign
attack_binary_fgsm_0.05,7673,UDP,1.0,1.0499999523162842,0.04999995231628418,0.0,Binary constraint violated (must be 0/1),Attack,Attack,Benign
attack_binary_fgsm_0.05,7673,IPv,1.0,1.0499999523162842,0.04999995231628418,0.0,Binary constraint violated (must be 0/1),Attack,Attack,Benign
attack_binary_fgsm_0.05,7673,LLC,1.0,1.0499999523162842,0.04999995231628418,0.0,Binary constraint violated (must be 0/1),Attack,Attack,Benign
attack_binary_fgsm_0.05,23865,Tot sum,654.0,3100.9501953125,2446.9501953125,1.0,-,Attack,Attack,Benign
attack_binary_fgsm_0.05,23865,Variance,3.5999999046325684,-2212.166748046875,-2215.7667479515076,1.0,Non-negative constraint violated | Variance mismatch vs Std^2,Attack,Attack,Benign
attack_binary_fgsm_0.05,23865,Rate,527.5654296875,-710.02880859375,-1237.59423828125,1.0,Non-negative constraint violated,Attack,Attack,Benign
attack_binary_fgsm_0.05,23865,Max,66.0,15.300003051757812,-50.69999694824219,1.0,Min > Max,Attack,Attack,Benign
attack_binary_fgsm_0.05,23865,AVG,65.4000015258789,39.5,-25.900001525878906,1.0,"AVG outside [Min, Max]",Attack,Attack,Benign
attack_binary_fgsm_0.05,23865,Tot size,65.4000015258789,39.5,-25.900001525878906,1.0,-,Attack,Attack,Benign
attack_binary_fgsm_0.05,23865,Std,1.8973666429519653,-8.628236770629883,-10.525603413581848,1.0,Non-negative constraint violated | Variance mismatch vs Std^2,Attack,Attack,Benign
attack_binary_fgsm_0.05,23865,Number,10.0,14.5,4.5,1.0,Integer constraint violated,Attack,Attack,Benign
attack_binary_fgsm_0.05,23865,Header_Length,28.799999237060547,28.195999145507812,-0.6040000915527344,1.0,-,Attack,Attack,Benign
attack_binary_fgsm_0.05,23865,Protocol Type,6.0,6.550000190734863,0.5500001907348633,0.0,"Protocol clean=6, adv=INVALID (non-integer: 6.5500) | Protocol invalid: non-integer",Attack,Attack,Benign
attack_binary_fgsm_0.05,23865,ack_count,9.0,8.65000057220459,-0.34999942779541016,0.30000001192092896,Integer constraint violated,Attack,Attack,Benign
attack_binary_fgsm_0.05,23865,Min,60.0,59.70000076293945,-0.2999992370605469,1.0,Min > Max,Attack,Attack,Benign
attack_binary_fgsm_0.05,23865,Time_To_Live,124.4000015258789,124.49549865722656,0.09549713134765625,0.0,-,Attack,Attack,Benign
attack_binary_fgsm_0.05,23865,ack_flag_number,1.0,0.949999988079071,-0.050000011920928955,0.30000001192092896,Integer constraint violated,Attack,Attack,Benign
attack_binary_fgsm_0.05,23865,HTTPS,1.0,0.949999988079071,-0.050000011920928955,0.0,Binary constraint violated (must be 0/1),Attack,Attack,Benign
attack_binary_fgsm_0.05,23865,fin_flag_number,0.0,-0.05000000074505806,-0.05000000074505806,0.30000001192092896,Integer constraint violated | Non-negative constraint violated,Attack,Attack,Benign
attack_binary_fgsm_0.05,23865,syn_flag_number,0.0,-0.05000000074505806,-0.05000000074505806,0.30000001192092896,Integer constraint violated | Non-negative constraint violated,Attack,Attack,Benign
attack_binary_fgsm_0.05,23865,rst_flag_number,0.0,-0.05000000074505806,-0.05000000074505806,0.30000001192092896,Integer constraint violated | Non-negative constraint violated,Attack,Attack,Benign
attack_binary_fgsm_0.05,23865,psh_flag_number,0.0,-0.05000000074505806,-0.05000000074505806,0.30000001192092896,Integer constraint violated | Non-negative constraint violated,Attack,Attack,Benign
attack_binary_fgsm_0.05,23865,ece_flag_number,0.0,-0.05000000074505806,-0.05000000074505806,0.0,Integer constraint violated | Non-negative constraint violated,Attack,Attack,Benign
attack_binary_fgsm_0.05,23865,cwr_flag_number,0.0,0.05000000074505806,0.05000000074505806,0.0,Integer constraint violated,Attack,Attack,Benign
attack_binary_fgsm_0.05,23865,syn_count,0.0,-0.05000000074505806,-0.05000000074505806,0.30000001192092896,Integer constraint violated | Non-negative constraint violated,Attack,Attack,Benign
attack_binary_fgsm_0.05,23865,fin_count,0.0,-0.05000000074505806,-0.05000000074505806,0.30000001192092896,Integer constraint violated | Non-negative constraint violated,Attack,Attack,Benign
attack_binary_fgsm_0.05,23865,rst_count,0.0,-0.05000000074505806,-0.05000000074505806,0.30000001192092896,Integer constraint violated | Non-negative constraint violated,Attack,Attack,Benign
attack_binary_fgsm_0.05,23865,HTTP,0.0,0.05000000074505806,0.05000000074505806,0.0,Binary constraint violated (must be 0/1),Attack,Attack,Benign
attack_binary_fgsm_0.05,23865,DNS,0.0,-0.05000000074505806,-0.05000000074505806,0.0,Binary constraint violated (must be 0/1),Attack,Attack,Benign
attack_binary_fgsm_0.05,23865,Telnet,0.0,-0.05000000074505806,-0.05000000074505806,0.0,Binary constraint violated (must be 0/1),Attack,Attack,Benign
attack_binary_fgsm_0.05,23865,SMTP,0.0,-0.05000000074505806,-0.05000000074505806,0.0,Binary constraint violated (must be 0/1),Attack,Attack,Benign
attack_binary_fgsm_0.05,23865,SSH,0.0,-0.05000000074505806,-0.05000000074505806,0.0,Binary constraint violated (must be 0/1),Attack,Attack,Benign
attack_binary_fgsm_0.05,23865,IRC,0.0,0.05000000074505806,0.05000000074505806,0.0,Binary constraint violated (must be 0/1),Attack,Attack,Benign
attack_binary_fgsm_0.05,23865,UDP,0.0,0.05000000074505806,0.05000000074505806,0.0,Binary constraint violated (must be 0/1),Attack,Attack,Benign
attack_binary_fgsm_0.05,23865,DHCP,0.0,-0.05000000074505806,-0.05000000074505806,0.0,Binary constraint violated (must be 0/1),Attack,Attack,Benign
attack_binary_fgsm_0.05,23865,ARP,0.0,-0.05000000074505806,-0.05000000074505806,0.0,Binary constraint violated (must be 0/1),Attack,Attack,Benign
attack_binary_fgsm_0.05,23865,ICMP,0.0,-0.05000000074505806,-0.05000000074505806,0.0,Binary constraint violated (must be 0/1),Attack,Attack,Benign
attack_binary_fgsm_0.05,23865,IGMP,0.0,0.05000000074505806,0.05000000074505806,0.0,Binary constraint violated (must be 0/1),Attack,Attack,Benign
attack_binary_fgsm_0.05,23865,TCP,1.0,1.0499999523162842,0.04999995231628418,0.0,Binary constraint violated (must be 0/1),Attack,Attack,Benign
attack_binary_fgsm_0.05,23865,IPv,1.0,1.0499999523162842,0.04999995231628418,0.0,Binary constraint violated (must be 0/1),Attack,Attack,Benign
attack_binary_fgsm_0.05,23865,LLC,1.0,1.0499999523162842,0.04999995231628418,0.0,Binary constraint violated (must be 0/1),Attack,Attack,Benign
attack_binary_fgsm_0.05,4192,Tot sum,805.0,-1641.9501953125,-2446.9501953125,1.0,Non-negative constraint violated,Attack,Attack,Benign
attack_binary_fgsm_0.05,4192,Variance,1203.1666259765625,-1012.6000366210938,-2215.7666625976562,1.0,Non-negative constraint violated | Variance mismatch vs Std^2,Attack,Attack,Benign
attack_binary_fgsm_0.05,4192,Rate,70.00830078125,-1167.58642578125,-1237.5947265625,1.0,Non-negative constraint violated,Attack,Attack,Benign
attack_binary_fgsm_0.05,4192,Max,156.0,105.30000305175781,-50.69999694824219,1.0,-,Attack,Attack,Benign
attack_binary_fgsm_0.05,4192,AVG,80.5,54.599998474121094,-25.900001525878906,1.0,"AVG outside [Min, Max]",Attack,Attack,Benign
attack_binary_fgsm_0.05,4192,Tot size,80.5,54.599998474121094,-25.900001525878906,1.0,-,Attack,Attack,Benign
attack_binary_fgsm_0.05,4192,Std,34.68669128417969,24.161088943481445,-10.525602340698242,1.0,Variance mismatch vs Std^2,Attack,Attack,Benign
attack_binary_fgsm_0.05,4192,Number,10.0,5.500007629394531,-4.499992370605469,1.0,Integer constraint violated,Attack,Attack,Benign
attack_binary_fgsm_0.05,4192,Header_Length,18.799999237060547,19.40399932861328,0.6040000915527344,1.0,-,Attack,Attack,Benign
attack_binary_fgsm_0.05,4192,Protocol Type,6.0,5.449999809265137,-0.5500001907348633,0.0,"Protocol clean=6, adv=INVALID (non-integer: 5.4500) | Protocol invalid: non-integer",Attack,Attack,Benign
attack_binary_fgsm_0.05,4192,ack_count,7.0,6.650000095367432,-0.34999990463256836,0.30000001192092896,Integer constraint violated,Attack,Attack,Benign
attack_binary_fgsm_0.05,4192,Min,60.0,60.29999923706055,0.2999992370605469,1.0,-,Attack,Attack,Benign
attack_binary_fgsm_0.05,4192,Time_To_Live,153.39999389648438,153.30450439453125,-0.095489501953125,0.0,-,Attack,Attack,Benign
attack_binary_fgsm_0.05,4192,TCP,1.0,0.949999988079071,-0.050000011920928955,0.0,Binary constraint violated (must be 0/1),Attack,Attack,Benign
attack_binary_fgsm_0.05,4192,fin_flag_number,0.0,-0.05000000074505806,-0.05000000074505806,0.30000001192092896,Integer constraint violated | Non-negative constraint violated,Attack,Attack,Benign
attack_binary_fgsm_0.05,4192,syn_flag_number,0.0,-0.05000000074505806,-0.05000000074505806,0.30000001192092896,Integer constraint violated | Non-negative constraint violated,Attack,Attack,Benign
attack_binary_fgsm_0.05,4192,rst_flag_number,0.0,-0.05000000074505806,-0.05000000074505806,0.30000001192092896,Integer constraint violated | Non-negative constraint violated,Attack,Attack,Benign
attack_binary_fgsm_0.05,4192,psh_flag_number,0.0,-0.05000000074505806,-0.05000000074505806,0.30000001192092896,Integer constraint violated | Non-negative constraint violated,Attack,Attack,Benign
attack_binary_fgsm_0.05,4192,ece_flag_number,0.0,-0.05000000074505806,-0.05000000074505806,0.0,Integer constraint violated | Non-negative constraint violated,Attack,Attack,Benign
attack_binary_fgsm_0.05,4192,cwr_flag_number,0.0,0.05000000074505806,0.05000000074505806,0.0,Integer constraint violated,Attack,Attack,Benign
attack_binary_fgsm_0.05,4192,syn_count,0.0,-0.05000000074505806,-0.05000000074505806,0.30000001192092896,Integer constraint violated | Non-negative constraint violated,Attack,Attack,Benign
attack_binary_fgsm_0.05,4192,fin_count,0.0,-0.05000000074505806,-0.05000000074505806,0.30000001192092896,Integer constraint violated | Non-negative constraint violated,Attack,Attack,Benign
attack_binary_fgsm_0.05,4192,rst_count,0.0,-0.05000000074505806,-0.05000000074505806,0.30000001192092896,Integer constraint violated | Non-negative constraint violated,Attack,Attack,Benign
attack_binary_fgsm_0.05,4192,HTTP,0.0,-0.05000000074505806,-0.05000000074505806,0.0,Binary constraint violated (must be 0/1),Attack,Attack,Benign
attack_binary_fgsm_0.05,4192,HTTPS,0.0,0.05000000074505806,0.05000000074505806,0.0,Binary constraint violated (must be 0/1),Attack,Attack,Benign
attack_binary_fgsm_0.05,4192,DNS,0.0,-0.05000000074505806,-0.05000000074505806,0.0,Binary constraint violated (must be 0/1),Attack,Attack,Benign
attack_binary_fgsm_0.05,4192,Telnet,0.0,0.05000000074505806,0.05000000074505806,0.0,Binary constraint violated (must be 0/1),Attack,Attack,Benign
attack_binary_fgsm_0.05,4192,SMTP,0.0,-0.05000000074505806,-0.05000000074505806,0.0,Binary constraint violated (must be 0/1),Attack,Attack,Benign
attack_binary_fgsm_0.05,4192,SSH,0.0,-0.05000000074505806,-0.05000000074505806,0.0,Binary constraint violated (must be 0/1),Attack,Attack,Benign
attack_binary_fgsm_0.05,4192,IRC,0.0,-0.05000000074505806,-0.05000000074505806,0.0,Binary constraint violated (must be 0/1),Attack,Attack,Benign
attack_binary_fgsm_0.05,4192,UDP,0.0,-0.05000000074505806,-0.05000000074505806,0.0,Binary constraint violated (must be 0/1),Attack,Attack,Benign
attack_binary_fgsm_0.05,4192,DHCP,0.0,0.05000000074505806,0.05000000074505806,0.0,Binary constraint violated (must be 0/1),Attack,Attack,Benign
attack_binary_fgsm_0.05,4192,ARP,0.0,-0.05000000074505806,-0.05000000074505806,0.0,Binary constraint violated (must be 0/1),Attack,Attack,Benign
attack_binary_fgsm_0.05,4192,ICMP,0.0,-0.05000000074505806,-0.05000000074505806,0.0,Binary constraint violated (must be 0/1),Attack,Attack,Benign
attack_binary_fgsm_0.05,4192,IGMP,0.0,-0.05000000074505806,-0.05000000074505806,0.0,Binary constraint violated (must be 0/1),Attack,Attack,Benign
attack_binary_fgsm_0.05,4192,ack_flag_number,1.0,1.0499999523162842,0.04999995231628418,0.30000001192092896,Integer constraint violated,Attack,Attack,Benign
attack_binary_fgsm_0.05,4192,IPv,1.0,1.0499999523162842,0.04999995231628418,0.0,Binary constraint violated (must be 0/1),Attack,Attack,Benign
attack_binary_fgsm_0.05,4192,LLC,1.0,1.0499999523162842,0.04999995231628418,0.0,Binary constraint violated (must be 0/1),Attack,Attack,Benign
