attack_class,method,metric,feature_index,feature,value,n_clean,n_attack,status,source_path,scaling
DoS,PGD,wasserstein_per_feature,0,Header_Length,0.2734914623538488,133755,7548,ok,D:\thesis_final\results\attacks\attack_8class_pgd_0.30.npz,39-feature RobustScaler-transformed model space (data/processed/scaler.pkl); no additional feature scaling
DoS,PGD,wasserstein_per_feature,1,Protocol Type,0.27576994881804306,133755,7548,ok,D:\thesis_final\results\attacks\attack_8class_pgd_0.30.npz,39-feature RobustScaler-transformed model space (data/processed/scaler.pkl); no additional feature scaling
DoS,PGD,wasserstein_per_feature,2,Time_To_Live,0.25430508788580775,133755,7548,ok,D:\thesis_final\results\attacks\attack_8class_pgd_0.30.npz,39-feature RobustScaler-transformed model space (data/processed/scaler.pkl); no additional feature scaling
DoS,PGD,wasserstein_per_feature,3,Rate,0.10742974084758315,133755,7548,ok,D:\thesis_final\results\attacks\attack_8class_pgd_0.30.npz,39-feature RobustScaler-transformed model space (data/processed/scaler.pkl); no additional feature scaling
DoS,PGD,wasserstein_per_feature,4,fin_flag_number,0.2904427968692104,133755,7548,ok,D:\thesis_final\results\attacks\attack_8class_pgd_0.30.npz,39-feature RobustScaler-transformed model space (data/processed/scaler.pkl); no additional feature scaling
DoS,PGD,wasserstein_per_feature,5,syn_flag_number,0.2758658723786244,133755,7548,ok,D:\thesis_final\results\attacks\attack_8class_pgd_0.30.npz,39-feature RobustScaler-transformed model space (data/processed/scaler.pkl); no additional feature scaling
DoS,PGD,wasserstein_per_feature,6,rst_flag_number,0.2211236345530875,133755,7548,ok,D:\thesis_final\results\attacks\attack_8class_pgd_0.30.npz,39-feature RobustScaler-transformed model space (data/processed/scaler.pkl); no additional feature scaling
DoS,PGD,wasserstein_per_feature,7,psh_flag_number,0.2544462182310819,133755,7548,ok,D:\thesis_final\results\attacks\attack_8class_pgd_0.30.npz,39-feature RobustScaler-transformed model space (data/processed/scaler.pkl); no additional feature scaling
DoS,PGD,wasserstein_per_feature,8,ack_flag_number,0.23309757682989846,133755,7548,ok,D:\thesis_final\results\attacks\attack_8class_pgd_0.30.npz,39-feature RobustScaler-transformed model space (data/processed/scaler.pkl); no additional feature scaling
DoS,PGD,wasserstein_per_feature,9,ece_flag_number,0.28185380498864343,133755,7548,ok,D:\thesis_final\results\attacks\attack_8class_pgd_0.30.npz,39-feature RobustScaler-transformed model space (data/processed/scaler.pkl); no additional feature scaling
DoS,PGD,wasserstein_per_feature,10,cwr_flag_number,0.2838664571505393,133755,7548,ok,D:\thesis_final\results\attacks\attack_8class_pgd_0.30.npz,39-feature RobustScaler-transformed model space (data/processed/scaler.pkl); no additional feature scaling
DoS,PGD,wasserstein_per_feature,11,ack_count,0.2490764117850919,133755,7548,ok,D:\thesis_final\results\attacks\attack_8class_pgd_0.30.npz,39-feature RobustScaler-transformed model space (data/processed/scaler.pkl); no additional feature scaling
DoS,PGD,wasserstein_per_feature,12,syn_count,0.8656368215472174,133755,7548,ok,D:\thesis_final\results\attacks\attack_8class_pgd_0.30.npz,39-feature RobustScaler-transformed model space (data/processed/scaler.pkl); no additional feature scaling
DoS,PGD,wasserstein_per_feature,13,fin_count,0.288026494128895,133755,7548,ok,D:\thesis_final\results\attacks\attack_8class_pgd_0.30.npz,39-feature RobustScaler-transformed model space (data/processed/scaler.pkl); no additional feature scaling
DoS,PGD,wasserstein_per_feature,14,rst_count,0.32643065107395547,133755,7548,ok,D:\thesis_final\results\attacks\attack_8class_pgd_0.30.npz,39-feature RobustScaler-transformed model space (data/processed/scaler.pkl); no additional feature scaling
DoS,PGD,wasserstein_per_feature,15,HTTP,0.2490203314141489,133755,7548,ok,D:\thesis_final\results\attacks\attack_8class_pgd_0.30.npz,39-feature RobustScaler-transformed model space (data/processed/scaler.pkl); no additional feature scaling
DoS,PGD,wasserstein_per_feature,16,HTTPS,0.21527764716466455,133755,7548,ok,D:\thesis_final\results\attacks\attack_8class_pgd_0.30.npz,39-feature RobustScaler-transformed model space (data/processed/scaler.pkl); no additional feature scaling
DoS,PGD,wasserstein_per_feature,17,DNS,0.24356041555374341,133755,7548,ok,D:\thesis_final\results\attacks\attack_8class_pgd_0.30.npz,39-feature RobustScaler-transformed model space (data/processed/scaler.pkl); no additional feature scaling
DoS,PGD,wasserstein_per_feature,18,Telnet,0.2563383961742952,133755,7548,ok,D:\thesis_final\results\attacks\attack_8class_pgd_0.30.npz,39-feature RobustScaler-transformed model space (data/processed/scaler.pkl); no additional feature scaling
DoS,PGD,wasserstein_per_feature,19,SMTP,0.25776669238538547,133755,7548,ok,D:\thesis_final\results\attacks\attack_8class_pgd_0.30.npz,39-feature RobustScaler-transformed model space (data/processed/scaler.pkl); no additional feature scaling
DoS,PGD,wasserstein_per_feature,20,SSH,0.253823854097288,133755,7548,ok,D:\thesis_final\results\attacks\attack_8class_pgd_0.30.npz,39-feature RobustScaler-transformed model space (data/processed/scaler.pkl); no additional feature scaling
DoS,PGD,wasserstein_per_feature,21,IRC,0.260714112350122,133755,7548,ok,D:\thesis_final\results\attacks\attack_8class_pgd_0.30.npz,39-feature RobustScaler-transformed model space (data/processed/scaler.pkl); no additional feature scaling
DoS,PGD,wasserstein_per_feature,22,TCP,0.2860080533797661,133755,7548,ok,D:\thesis_final\results\attacks\attack_8class_pgd_0.30.npz,39-feature RobustScaler-transformed model space (data/processed/scaler.pkl); no additional feature scaling
DoS,PGD,wasserstein_per_feature,23,UDP,0.28222252240924683,133755,7548,ok,D:\thesis_final\results\attacks\attack_8class_pgd_0.30.npz,39-feature RobustScaler-transformed model space (data/processed/scaler.pkl); no additional feature scaling
DoS,PGD,wasserstein_per_feature,24,DHCP,0.26477366910825884,133755,7548,ok,D:\thesis_final\results\attacks\attack_8class_pgd_0.30.npz,39-feature RobustScaler-transformed model space (data/processed/scaler.pkl); no additional feature scaling
DoS,PGD,wasserstein_per_feature,25,ARP,0.2512712079496629,133755,7548,ok,D:\thesis_final\results\attacks\attack_8class_pgd_0.30.npz,39-feature RobustScaler-transformed model space (data/processed/scaler.pkl); no additional feature scaling
DoS,PGD,wasserstein_per_feature,26,ICMP,0.2743351878605242,133755,7548,ok,D:\thesis_final\results\attacks\attack_8class_pgd_0.30.npz,39-feature RobustScaler-transformed model space (data/processed/scaler.pkl); no additional feature scaling
DoS,PGD,wasserstein_per_feature,27,IGMP,0.27017713943619737,133755,7548,ok,D:\thesis_final\results\attacks\attack_8class_pgd_0.30.npz,39-feature RobustScaler-transformed model space (data/processed/scaler.pkl); no additional feature scaling
DoS,PGD,wasserstein_per_feature,28,IPv,0.26006346590181284,133755,7548,ok,D:\thesis_final\results\attacks\attack_8class_pgd_0.30.npz,39-feature RobustScaler-transformed model space (data/processed/scaler.pkl); no additional feature scaling
DoS,PGD,wasserstein_per_feature,29,LLC,0.27523300869792117,133755,7548,ok,D:\thesis_final\results\attacks\attack_8class_pgd_0.30.npz,39-feature RobustScaler-transformed model space (data/processed/scaler.pkl); no additional feature scaling
DoS,PGD,wasserstein_per_feature,30,Tot sum,0.26045504344759896,133755,7548,ok,D:\thesis_final\results\attacks\attack_8class_pgd_0.30.npz,39-feature RobustScaler-transformed model space (data/processed/scaler.pkl); no additional feature scaling
DoS,PGD,wasserstein_per_feature,31,Min,0.33017382270831475,133755,7548,ok,D:\thesis_final\results\attacks\attack_8class_pgd_0.30.npz,39-feature RobustScaler-transformed model space (data/processed/scaler.pkl); no additional feature scaling
DoS,PGD,wasserstein_per_feature,32,Max,0.276008342982422,133755,7548,ok,D:\thesis_final\results\attacks\attack_8class_pgd_0.30.npz,39-feature RobustScaler-transformed model space (data/processed/scaler.pkl); no additional feature scaling
DoS,PGD,wasserstein_per_feature,33,AVG,0.2712036401996998,133755,7548,ok,D:\thesis_final\results\attacks\attack_8class_pgd_0.30.npz,39-feature RobustScaler-transformed model space (data/processed/scaler.pkl); no additional feature scaling
DoS,PGD,wasserstein_per_feature,34,Std,0.2540428005770584,133755,7548,ok,D:\thesis_final\results\attacks\attack_8class_pgd_0.30.npz,39-feature RobustScaler-transformed model space (data/processed/scaler.pkl); no additional feature scaling
DoS,PGD,wasserstein_per_feature,35,Tot size,0.274080194555426,133755,7548,ok,D:\thesis_final\results\attacks\attack_8class_pgd_0.30.npz,39-feature RobustScaler-transformed model space (data/processed/scaler.pkl); no additional feature scaling
DoS,PGD,wasserstein_per_feature,36,IAT,0.22403037124286063,133755,7548,ok,D:\thesis_final\results\attacks\attack_8class_pgd_0.30.npz,39-feature RobustScaler-transformed model space (data/processed/scaler.pkl); no additional feature scaling
DoS,PGD,wasserstein_per_feature,37,Number,0.2486717944414386,133755,7548,ok,D:\thesis_final\results\attacks\attack_8class_pgd_0.30.npz,39-feature RobustScaler-transformed model space (data/processed/scaler.pkl); no additional feature scaling
DoS,PGD,wasserstein_per_feature,38,Variance,0.27505100626742596,133755,7548,ok,D:\thesis_final\results\attacks\attack_8class_pgd_0.30.npz,39-feature RobustScaler-transformed model space (data/processed/scaler.pkl); no additional feature scaling
DoS,CW,wasserstein_per_feature,0,Header_Length,0.03672834167427824,133755,7548,ok,D:\thesis_final\results\attacks\attack_8class_cw_0.npz,39-feature RobustScaler-transformed model space (data/processed/scaler.pkl); no additional feature scaling
DoS,CW,wasserstein_per_feature,1,Protocol Type,0.012536600258806783,133755,7548,ok,D:\thesis_final\results\attacks\attack_8class_cw_0.npz,39-feature RobustScaler-transformed model space (data/processed/scaler.pkl); no additional feature scaling
DoS,CW,wasserstein_per_feature,2,Time_To_Live,0.05313374257998566,133755,7548,ok,D:\thesis_final\results\attacks\attack_8class_cw_0.npz,39-feature RobustScaler-transformed model space (data/processed/scaler.pkl); no additional feature scaling
DoS,CW,wasserstein_per_feature,3,Rate,0.015205139447534178,133755,7548,ok,D:\thesis_final\results\attacks\attack_8class_cw_0.npz,39-feature RobustScaler-transformed model space (data/processed/scaler.pkl); no additional feature scaling
DoS,CW,wasserstein_per_feature,4,fin_flag_number,0.007178700029847348,133755,7548,ok,D:\thesis_final\results\attacks\attack_8class_cw_0.npz,39-feature RobustScaler-transformed model space (data/processed/scaler.pkl); no additional feature scaling
DoS,CW,wasserstein_per_feature,5,syn_flag_number,0.0248630722891861,133755,7548,ok,D:\thesis_final\results\attacks\attack_8class_cw_0.npz,39-feature RobustScaler-transformed model space (data/processed/scaler.pkl); no additional feature scaling
DoS,CW,wasserstein_per_feature,6,rst_flag_number,0.025831701162804265,133755,7548,ok,D:\thesis_final\results\attacks\attack_8class_cw_0.npz,39-feature RobustScaler-transformed model space (data/processed/scaler.pkl); no additional feature scaling
DoS,CW,wasserstein_per_feature,7,psh_flag_number,0.027723844266416938,133755,7548,ok,D:\thesis_final\results\attacks\attack_8class_cw_0.npz,39-feature RobustScaler-transformed model space (data/processed/scaler.pkl); no additional feature scaling
DoS,CW,wasserstein_per_feature,8,ack_flag_number,0.01609972918817915,133755,7548,ok,D:\thesis_final\results\attacks\attack_8class_cw_0.npz,39-feature RobustScaler-transformed model space (data/processed/scaler.pkl); no additional feature scaling
DoS,CW,wasserstein_per_feature,9,ece_flag_number,0.0024208918823549323,133755,7548,ok,D:\thesis_final\results\attacks\attack_8class_cw_0.npz,39-feature RobustScaler-transformed model space (data/processed/scaler.pkl); no additional feature scaling
DoS,CW,wasserstein_per_feature,10,cwr_flag_number,0.0025433752722436283,133755,7548,ok,D:\thesis_final\results\attacks\attack_8class_cw_0.npz,39-feature RobustScaler-transformed model space (data/processed/scaler.pkl); no additional feature scaling
DoS,CW,wasserstein_per_feature,11,ack_count,0.0507224196011252,133755,7548,ok,D:\thesis_final\results\attacks\attack_8class_cw_0.npz,39-feature RobustScaler-transformed model space (data/processed/scaler.pkl); no additional feature scaling
DoS,CW,wasserstein_per_feature,12,syn_count,0.6669107021202915,133755,7548,ok,D:\thesis_final\results\attacks\attack_8class_cw_0.npz,39-feature RobustScaler-transformed model space (data/processed/scaler.pkl); no additional feature scaling
DoS,CW,wasserstein_per_feature,13,fin_count,0.019206814692477314,133755,7548,ok,D:\thesis_final\results\attacks\attack_8class_cw_0.npz,39-feature RobustScaler-transformed model space (data/processed/scaler.pkl); no additional feature scaling
DoS,CW,wasserstein_per_feature,14,rst_count,0.09437517523646909,133755,7548,ok,D:\thesis_final\results\attacks\attack_8class_cw_0.npz,39-feature RobustScaler-transformed model space (data/processed/scaler.pkl); no additional feature scaling
DoS,CW,wasserstein_per_feature,15,HTTP,0.02953320950372886,133755,7548,ok,D:\thesis_final\results\attacks\attack_8class_cw_0.npz,39-feature RobustScaler-transformed model space (data/processed/scaler.pkl); no additional feature scaling
DoS,CW,wasserstein_per_feature,16,HTTPS,0.02630080383211143,133755,7548,ok,D:\thesis_final\results\attacks\attack_8class_cw_0.npz,39-feature RobustScaler-transformed model space (data/processed/scaler.pkl); no additional feature scaling
DoS,CW,wasserstein_per_feature,17,DNS,0.011065090066532952,133755,7548,ok,D:\thesis_final\results\attacks\attack_8class_cw_0.npz,39-feature RobustScaler-transformed model space (data/processed/scaler.pkl); no additional feature scaling
DoS,CW,wasserstein_per_feature,18,Telnet,0.0031764352863021435,133755,7548,ok,D:\thesis_final\results\attacks\attack_8class_cw_0.npz,39-feature RobustScaler-transformed model space (data/processed/scaler.pkl); no additional feature scaling
DoS,CW,wasserstein_per_feature,19,SMTP,0.0030438162558158155,133755,7548,ok,D:\thesis_final\results\attacks\attack_8class_cw_0.npz,39-feature RobustScaler-transformed model space (data/processed/scaler.pkl); no additional feature scaling
DoS,CW,wasserstein_per_feature,20,SSH,0.01745068984570329,133755,7548,ok,D:\thesis_final\results\attacks\attack_8class_cw_0.npz,39-feature RobustScaler-transformed model space (data/processed/scaler.pkl); no additional feature scaling
DoS,CW,wasserstein_per_feature,21,IRC,0.0027582547584426177,133755,7548,ok,D:\thesis_final\results\attacks\attack_8class_cw_0.npz,39-feature RobustScaler-transformed model space (data/processed/scaler.pkl); no additional feature scaling
DoS,CW,wasserstein_per_feature,22,TCP,0.01354241933966739,133755,7548,ok,D:\thesis_final\results\attacks\attack_8class_cw_0.npz,39-feature RobustScaler-transformed model space (data/processed/scaler.pkl); no additional feature scaling
DoS,CW,wasserstein_per_feature,23,UDP,0.015653239807791083,133755,7548,ok,D:\thesis_final\results\attacks\attack_8class_cw_0.npz,39-feature RobustScaler-transformed model space (data/processed/scaler.pkl); no additional feature scaling
DoS,CW,wasserstein_per_feature,24,DHCP,0.0036271606208961964,133755,7548,ok,D:\thesis_final\results\attacks\attack_8class_cw_0.npz,39-feature RobustScaler-transformed model space (data/processed/scaler.pkl); no additional feature scaling
DoS,CW,wasserstein_per_feature,25,ARP,0.010836461086774957,133755,7548,ok,D:\thesis_final\results\attacks\attack_8class_cw_0.npz,39-feature RobustScaler-transformed model space (data/processed/scaler.pkl); no additional feature scaling
DoS,CW,wasserstein_per_feature,26,ICMP,0.01528045593673648,133755,7548,ok,D:\thesis_final\results\attacks\attack_8class_cw_0.npz,39-feature RobustScaler-transformed model space (data/processed/scaler.pkl); no additional feature scaling
DoS,CW,wasserstein_per_feature,27,IGMP,0.0033318510350671742,133755,7548,ok,D:\thesis_final\results\attacks\attack_8class_cw_0.npz,39-feature RobustScaler-transformed model space (data/processed/scaler.pkl); no additional feature scaling
DoS,CW,wasserstein_per_feature,28,IPv,0.008070586966067746,133755,7548,ok,D:\thesis_final\results\attacks\attack_8class_cw_0.npz,39-feature RobustScaler-transformed model space (data/processed/scaler.pkl); no additional feature scaling
DoS,CW,wasserstein_per_feature,29,LLC,0.008222963893924542,133755,7548,ok,D:\thesis_final\results\attacks\attack_8class_cw_0.npz,39-feature RobustScaler-transformed model space (data/processed/scaler.pkl); no additional feature scaling
DoS,CW,wasserstein_per_feature,30,Tot sum,0.01443964484857176,133755,7548,ok,D:\thesis_final\results\attacks\attack_8class_cw_0.npz,39-feature RobustScaler-transformed model space (data/processed/scaler.pkl); no additional feature scaling
DoS,CW,wasserstein_per_feature,31,Min,0.059744045978573745,133755,7548,ok,D:\thesis_final\results\attacks\attack_8class_cw_0.npz,39-feature RobustScaler-transformed model space (data/processed/scaler.pkl); no additional feature scaling
DoS,CW,wasserstein_per_feature,32,Max,0.017056303542747696,133755,7548,ok,D:\thesis_final\results\attacks\attack_8class_cw_0.npz,39-feature RobustScaler-transformed model space (data/processed/scaler.pkl); no additional feature scaling
DoS,CW,wasserstein_per_feature,33,AVG,0.01599904816586565,133755,7548,ok,D:\thesis_final\results\attacks\attack_8class_cw_0.npz,39-feature RobustScaler-transformed model space (data/processed/scaler.pkl); no additional feature scaling
DoS,CW,wasserstein_per_feature,34,Std,0.018108490793474548,133755,7548,ok,D:\thesis_final\results\attacks\attack_8class_cw_0.npz,39-feature RobustScaler-transformed model space (data/processed/scaler.pkl); no additional feature scaling
DoS,CW,wasserstein_per_feature,35,Tot size,0.01918368161592947,133755,7548,ok,D:\thesis_final\results\attacks\attack_8class_cw_0.npz,39-feature RobustScaler-transformed model space (data/processed/scaler.pkl); no additional feature scaling
DoS,CW,wasserstein_per_feature,36,IAT,0.017831704548133466,133755,7548,ok,D:\thesis_final\results\attacks\attack_8class_cw_0.npz,39-feature RobustScaler-transformed model space (data/processed/scaler.pkl); no additional feature scaling
DoS,CW,wasserstein_per_feature,37,Number,0.024861563510660323,133755,7548,ok,D:\thesis_final\results\attacks\attack_8class_cw_0.npz,39-feature RobustScaler-transformed model space (data/processed/scaler.pkl); no additional feature scaling
DoS,CW,wasserstein_per_feature,38,Variance,0.0638530036748437,133755,7548,ok,D:\thesis_final\results\attacks\attack_8class_cw_0.npz,39-feature RobustScaler-transformed model space (data/processed/scaler.pkl); no additional feature scaling
DoS,Latent-PGD,wasserstein_per_feature,0,Header_Length,0.08536977687637057,133755,100,ok,D:\thesis_final\outputs\latent_attacks\phase2_20260602_023945_seed42\phase2_latent_pgd_DoS.npz,39-feature RobustScaler-transformed model space (data/processed/scaler.pkl); no additional feature scaling
DoS,Latent-PGD,wasserstein_per_feature,1,Protocol Type,0.021717183057056184,133755,100,ok,D:\thesis_final\outputs\latent_attacks\phase2_20260602_023945_seed42\phase2_latent_pgd_DoS.npz,39-feature RobustScaler-transformed model space (data/processed/scaler.pkl); no additional feature scaling
DoS,Latent-PGD,wasserstein_per_feature,2,Time_To_Live,0.4986818917002801,133755,100,ok,D:\thesis_final\outputs\latent_attacks\phase2_20260602_023945_seed42\phase2_latent_pgd_DoS.npz,39-feature RobustScaler-transformed model space (data/processed/scaler.pkl); no additional feature scaling
DoS,Latent-PGD,wasserstein_per_feature,3,Rate,0.4458972917826183,133755,100,ok,D:\thesis_final\outputs\latent_attacks\phase2_20260602_023945_seed42\phase2_latent_pgd_DoS.npz,39-feature RobustScaler-transformed model space (data/processed/scaler.pkl); no additional feature scaling
DoS,Latent-PGD,wasserstein_per_feature,4,fin_flag_number,7.47635602407204e-05,133755,100,ok,D:\thesis_final\outputs\latent_attacks\phase2_20260602_023945_seed42\phase2_latent_pgd_DoS.npz,39-feature RobustScaler-transformed model space (data/processed/scaler.pkl); no additional feature scaling
DoS,Latent-PGD,wasserstein_per_feature,5,syn_flag_number,0.13927441964786358,133755,100,ok,D:\thesis_final\outputs\latent_attacks\phase2_20260602_023945_seed42\phase2_latent_pgd_DoS.npz,39-feature RobustScaler-transformed model space (data/processed/scaler.pkl); no additional feature scaling
DoS,Latent-PGD,wasserstein_per_feature,6,rst_flag_number,0.0046794512354678686,133755,100,ok,D:\thesis_final\outputs\latent_attacks\phase2_20260602_023945_seed42\phase2_latent_pgd_DoS.npz,39-feature RobustScaler-transformed model space (data/processed/scaler.pkl); no additional feature scaling
DoS,Latent-PGD,wasserstein_per_feature,7,psh_flag_number,0.027256177339164966,133755,100,ok,D:\thesis_final\outputs\latent_attacks\phase2_20260602_023945_seed42\phase2_latent_pgd_DoS.npz,39-feature RobustScaler-transformed model space (data/processed/scaler.pkl); no additional feature scaling
DoS,Latent-PGD,wasserstein_per_feature,8,ack_flag_number,0.06043325483159512,133755,100,ok,D:\thesis_final\outputs\latent_attacks\phase2_20260602_023945_seed42\phase2_latent_pgd_DoS.npz,39-feature RobustScaler-transformed model space (data/processed/scaler.pkl); no additional feature scaling
DoS,Latent-PGD,wasserstein_per_feature,9,ece_flag_number,0.0,133755,100,ok,D:\thesis_final\outputs\latent_attacks\phase2_20260602_023945_seed42\phase2_latent_pgd_DoS.npz,39-feature RobustScaler-transformed model space (data/processed/scaler.pkl); no additional feature scaling
DoS,Latent-PGD,wasserstein_per_feature,10,cwr_flag_number,0.0,133755,100,ok,D:\thesis_final\outputs\latent_attacks\phase2_20260602_023945_seed42\phase2_latent_pgd_DoS.npz,39-feature RobustScaler-transformed model space (data/processed/scaler.pkl); no additional feature scaling
DoS,Latent-PGD,wasserstein_per_feature,11,ack_count,0.6386728817475222,133755,100,ok,D:\thesis_final\outputs\latent_attacks\phase2_20260602_023945_seed42\phase2_latent_pgd_DoS.npz,39-feature RobustScaler-transformed model space (data/processed/scaler.pkl); no additional feature scaling
DoS,Latent-PGD,wasserstein_per_feature,12,syn_count,13.045781110038465,133755,100,ok,D:\thesis_final\outputs\latent_attacks\phase2_20260602_023945_seed42\phase2_latent_pgd_DoS.npz,39-feature RobustScaler-transformed model space (data/processed/scaler.pkl); no additional feature scaling
DoS,Latent-PGD,wasserstein_per_feature,13,fin_count,0.08794774027139152,133755,100,ok,D:\thesis_final\outputs\latent_attacks\phase2_20260602_023945_seed42\phase2_latent_pgd_DoS.npz,39-feature RobustScaler-transformed model space (data/processed/scaler.pkl); no additional feature scaling
DoS,Latent-PGD,wasserstein_per_feature,14,rst_count,2.609736443989692,133755,100,ok,D:\thesis_final\outputs\latent_attacks\phase2_20260602_023945_seed42\phase2_latent_pgd_DoS.npz,39-feature RobustScaler-transformed model space (data/processed/scaler.pkl); no additional feature scaling
DoS,Latent-PGD,wasserstein_per_feature,15,HTTP,0.028478561549101,133755,100,ok,D:\thesis_final\outputs\latent_attacks\phase2_20260602_023945_seed42\phase2_latent_pgd_DoS.npz,39-feature RobustScaler-transformed model space (data/processed/scaler.pkl); no additional feature scaling
DoS,Latent-PGD,wasserstein_per_feature,16,HTTPS,0.014237598594445067,133755,100,ok,D:\thesis_final\outputs\latent_attacks\phase2_20260602_023945_seed42\phase2_latent_pgd_DoS.npz,39-feature RobustScaler-transformed model space (data/processed/scaler.pkl); no additional feature scaling
DoS,Latent-PGD,wasserstein_per_feature,17,DNS,7.476356024049835e-06,133755,100,ok,D:\thesis_final\outputs\latent_attacks\phase2_20260602_023945_seed42\phase2_latent_pgd_DoS.npz,39-feature RobustScaler-transformed model space (data/processed/scaler.pkl); no additional feature scaling
DoS,Latent-PGD,wasserstein_per_feature,18,Telnet,0.0,133755,100,ok,D:\thesis_final\outputs\latent_attacks\phase2_20260602_023945_seed42\phase2_latent_pgd_DoS.npz,39-feature RobustScaler-transformed model space (data/processed/scaler.pkl); no additional feature scaling
DoS,Latent-PGD,wasserstein_per_feature,19,SMTP,0.0,133755,100,ok,D:\thesis_final\outputs\latent_attacks\phase2_20260602_023945_seed42\phase2_latent_pgd_DoS.npz,39-feature RobustScaler-transformed model space (data/processed/scaler.pkl); no additional feature scaling
DoS,Latent-PGD,wasserstein_per_feature,20,SSH,0.0,133755,100,ok,D:\thesis_final\outputs\latent_attacks\phase2_20260602_023945_seed42\phase2_latent_pgd_DoS.npz,39-feature RobustScaler-transformed model space (data/processed/scaler.pkl); no additional feature scaling
DoS,Latent-PGD,wasserstein_per_feature,21,IRC,0.0,133755,100,ok,D:\thesis_final\outputs\latent_attacks\phase2_20260602_023945_seed42\phase2_latent_pgd_DoS.npz,39-feature RobustScaler-transformed model space (data/processed/scaler.pkl); no additional feature scaling
DoS,Latent-PGD,wasserstein_per_feature,22,TCP,0.02023550521475831,133755,100,ok,D:\thesis_final\outputs\latent_attacks\phase2_20260602_023945_seed42\phase2_latent_pgd_DoS.npz,39-feature RobustScaler-transformed model space (data/processed/scaler.pkl); no additional feature scaling
DoS,Latent-PGD,wasserstein_per_feature,23,UDP,0.021446674890658213,133755,100,ok,D:\thesis_final\outputs\latent_attacks\phase2_20260602_023945_seed42\phase2_latent_pgd_DoS.npz,39-feature RobustScaler-transformed model space (data/processed/scaler.pkl); no additional feature scaling
DoS,Latent-PGD,wasserstein_per_feature,24,DHCP,0.0,133755,100,ok,D:\thesis_final\outputs\latent_attacks\phase2_20260602_023945_seed42\phase2_latent_pgd_DoS.npz,39-feature RobustScaler-transformed model space (data/processed/scaler.pkl); no additional feature scaling
DoS,Latent-PGD,wasserstein_per_feature,25,ARP,0.0,133755,100,ok,D:\thesis_final\outputs\latent_attacks\phase2_20260602_023945_seed42\phase2_latent_pgd_DoS.npz,39-feature RobustScaler-transformed model space (data/processed/scaler.pkl); no additional feature scaling
DoS,Latent-PGD,wasserstein_per_feature,26,ICMP,0.000792493738551836,133755,100,ok,D:\thesis_final\outputs\latent_attacks\phase2_20260602_023945_seed42\phase2_latent_pgd_DoS.npz,39-feature RobustScaler-transformed model space (data/processed/scaler.pkl); no additional feature scaling
DoS,Latent-PGD,wasserstein_per_feature,27,IGMP,0.0,133755,100,ok,D:\thesis_final\outputs\latent_attacks\phase2_20260602_023945_seed42\phase2_latent_pgd_DoS.npz,39-feature RobustScaler-transformed model space (data/processed/scaler.pkl); no additional feature scaling
DoS,Latent-PGD,wasserstein_per_feature,28,IPv,0.0,133755,100,ok,D:\thesis_final\outputs\latent_attacks\phase2_20260602_023945_seed42\phase2_latent_pgd_DoS.npz,39-feature RobustScaler-transformed model space (data/processed/scaler.pkl); no additional feature scaling
DoS,Latent-PGD,wasserstein_per_feature,29,LLC,0.0,133755,100,ok,D:\thesis_final\outputs\latent_attacks\phase2_20260602_023945_seed42\phase2_latent_pgd_DoS.npz,39-feature RobustScaler-transformed model space (data/processed/scaler.pkl); no additional feature scaling
DoS,Latent-PGD,wasserstein_per_feature,30,Tot sum,0.12158892260664778,133755,100,ok,D:\thesis_final\outputs\latent_attacks\phase2_20260602_023945_seed42\phase2_latent_pgd_DoS.npz,39-feature RobustScaler-transformed model space (data/processed/scaler.pkl); no additional feature scaling
DoS,Latent-PGD,wasserstein_per_feature,31,Min,0.44916211598922057,133755,100,ok,D:\thesis_final\outputs\latent_attacks\phase2_20260602_023945_seed42\phase2_latent_pgd_DoS.npz,39-feature RobustScaler-transformed model space (data/processed/scaler.pkl); no additional feature scaling
DoS,Latent-PGD,wasserstein_per_feature,32,Max,0.21441424360592404,133755,100,ok,D:\thesis_final\outputs\latent_attacks\phase2_20260602_023945_seed42\phase2_latent_pgd_DoS.npz,39-feature RobustScaler-transformed model space (data/processed/scaler.pkl); no additional feature scaling
DoS,Latent-PGD,wasserstein_per_feature,33,AVG,0.11682340871850526,133755,100,ok,D:\thesis_final\outputs\latent_attacks\phase2_20260602_023945_seed42\phase2_latent_pgd_DoS.npz,39-feature RobustScaler-transformed model space (data/processed/scaler.pkl); no additional feature scaling
DoS,Latent-PGD,wasserstein_per_feature,34,Std,0.2984711474143591,133755,100,ok,D:\thesis_final\outputs\latent_attacks\phase2_20260602_023945_seed42\phase2_latent_pgd_DoS.npz,39-feature RobustScaler-transformed model space (data/processed/scaler.pkl); no additional feature scaling
DoS,Latent-PGD,wasserstein_per_feature,35,Tot size,0.11682340871850526,133755,100,ok,D:\thesis_final\outputs\latent_attacks\phase2_20260602_023945_seed42\phase2_latent_pgd_DoS.npz,39-feature RobustScaler-transformed model space (data/processed/scaler.pkl); no additional feature scaling
DoS,Latent-PGD,wasserstein_per_feature,36,IAT,0.11422625060890561,133755,100,ok,D:\thesis_final\outputs\latent_attacks\phase2_20260602_023945_seed42\phase2_latent_pgd_DoS.npz,39-feature RobustScaler-transformed model space (data/processed/scaler.pkl); no additional feature scaling
DoS,Latent-PGD,wasserstein_per_feature,37,Number,0.005986065063272555,133755,100,ok,D:\thesis_final\outputs\latent_attacks\phase2_20260602_023945_seed42\phase2_latent_pgd_DoS.npz,39-feature RobustScaler-transformed model space (data/processed/scaler.pkl); no additional feature scaling
DoS,Latent-PGD,wasserstein_per_feature,38,Variance,1.2864090211881916,133755,100,ok,D:\thesis_final\outputs\latent_attacks\phase2_20260602_023945_seed42\phase2_latent_pgd_DoS.npz,39-feature RobustScaler-transformed model space (data/processed/scaler.pkl); no additional feature scaling
DoS,Latent-CW,wasserstein_per_feature,0,Header_Length,0.0611406929521365,133755,100,ok,D:\thesis_final\outputs\latent_attacks\phase3_20260602_023958_seed42\phase3_latent_cw_DoS.npz,39-feature RobustScaler-transformed model space (data/processed/scaler.pkl); no additional feature scaling
DoS,Latent-CW,wasserstein_per_feature,1,Protocol Type,0.021717183057056184,133755,100,ok,D:\thesis_final\outputs\latent_attacks\phase3_20260602_023958_seed42\phase3_latent_cw_DoS.npz,39-feature RobustScaler-transformed model space (data/processed/scaler.pkl); no additional feature scaling
DoS,Latent-CW,wasserstein_per_feature,2,Time_To_Live,0.4986818917002801,133755,100,ok,D:\thesis_final\outputs\latent_attacks\phase3_20260602_023958_seed42\phase3_latent_cw_DoS.npz,39-feature RobustScaler-transformed model space (data/processed/scaler.pkl); no additional feature scaling
DoS,Latent-CW,wasserstein_per_feature,3,Rate,0.4299186067148215,133755,100,ok,D:\thesis_final\outputs\latent_attacks\phase3_20260602_023958_seed42\phase3_latent_cw_DoS.npz,39-feature RobustScaler-transformed model space (data/processed/scaler.pkl); no additional feature scaling
DoS,Latent-CW,wasserstein_per_feature,4,fin_flag_number,7.47635602407204e-05,133755,100,ok,D:\thesis_final\outputs\latent_attacks\phase3_20260602_023958_seed42\phase3_latent_cw_DoS.npz,39-feature RobustScaler-transformed model space (data/processed/scaler.pkl); no additional feature scaling
DoS,Latent-CW,wasserstein_per_feature,5,syn_flag_number,0.13927441964786358,133755,100,ok,D:\thesis_final\outputs\latent_attacks\phase3_20260602_023958_seed42\phase3_latent_cw_DoS.npz,39-feature RobustScaler-transformed model space (data/processed/scaler.pkl); no additional feature scaling
DoS,Latent-CW,wasserstein_per_feature,6,rst_flag_number,0.0046794512354678686,133755,100,ok,D:\thesis_final\outputs\latent_attacks\phase3_20260602_023958_seed42\phase3_latent_cw_DoS.npz,39-feature RobustScaler-transformed model space (data/processed/scaler.pkl); no additional feature scaling
DoS,Latent-CW,wasserstein_per_feature,7,psh_flag_number,0.027256177339164966,133755,100,ok,D:\thesis_final\outputs\latent_attacks\phase3_20260602_023958_seed42\phase3_latent_cw_DoS.npz,39-feature RobustScaler-transformed model space (data/processed/scaler.pkl); no additional feature scaling
DoS,Latent-CW,wasserstein_per_feature,8,ack_flag_number,0.06043325483159512,133755,100,ok,D:\thesis_final\outputs\latent_attacks\phase3_20260602_023958_seed42\phase3_latent_cw_DoS.npz,39-feature RobustScaler-transformed model space (data/processed/scaler.pkl); no additional feature scaling
DoS,Latent-CW,wasserstein_per_feature,9,ece_flag_number,0.0,133755,100,ok,D:\thesis_final\outputs\latent_attacks\phase3_20260602_023958_seed42\phase3_latent_cw_DoS.npz,39-feature RobustScaler-transformed model space (data/processed/scaler.pkl); no additional feature scaling
DoS,Latent-CW,wasserstein_per_feature,10,cwr_flag_number,0.0,133755,100,ok,D:\thesis_final\outputs\latent_attacks\phase3_20260602_023958_seed42\phase3_latent_cw_DoS.npz,39-feature RobustScaler-transformed model space (data/processed/scaler.pkl); no additional feature scaling
DoS,Latent-CW,wasserstein_per_feature,11,ack_count,0.6386728817475222,133755,100,ok,D:\thesis_final\outputs\latent_attacks\phase3_20260602_023958_seed42\phase3_latent_cw_DoS.npz,39-feature RobustScaler-transformed model space (data/processed/scaler.pkl); no additional feature scaling
DoS,Latent-CW,wasserstein_per_feature,12,syn_count,12.988676779975599,133755,100,ok,D:\thesis_final\outputs\latent_attacks\phase3_20260602_023958_seed42\phase3_latent_cw_DoS.npz,39-feature RobustScaler-transformed model space (data/processed/scaler.pkl); no additional feature scaling
DoS,Latent-CW,wasserstein_per_feature,13,fin_count,0.08794774027139152,133755,100,ok,D:\thesis_final\outputs\latent_attacks\phase3_20260602_023958_seed42\phase3_latent_cw_DoS.npz,39-feature RobustScaler-transformed model space (data/processed/scaler.pkl); no additional feature scaling
DoS,Latent-CW,wasserstein_per_feature,14,rst_count,2.592127668162956,133755,100,ok,D:\thesis_final\outputs\latent_attacks\phase3_20260602_023958_seed42\phase3_latent_cw_DoS.npz,39-feature RobustScaler-transformed model space (data/processed/scaler.pkl); no additional feature scaling
DoS,Latent-CW,wasserstein_per_feature,15,HTTP,0.028478561549101,133755,100,ok,D:\thesis_final\outputs\latent_attacks\phase3_20260602_023958_seed42\phase3_latent_cw_DoS.npz,39-feature RobustScaler-transformed model space (data/processed/scaler.pkl); no additional feature scaling
DoS,Latent-CW,wasserstein_per_feature,16,HTTPS,0.014237598594445067,133755,100,ok,D:\thesis_final\outputs\latent_attacks\phase3_20260602_023958_seed42\phase3_latent_cw_DoS.npz,39-feature RobustScaler-transformed model space (data/processed/scaler.pkl); no additional feature scaling
DoS,Latent-CW,wasserstein_per_feature,17,DNS,7.476356024049835e-06,133755,100,ok,D:\thesis_final\outputs\latent_attacks\phase3_20260602_023958_seed42\phase3_latent_cw_DoS.npz,39-feature RobustScaler-transformed model space (data/processed/scaler.pkl); no additional feature scaling
DoS,Latent-CW,wasserstein_per_feature,18,Telnet,0.0,133755,100,ok,D:\thesis_final\outputs\latent_attacks\phase3_20260602_023958_seed42\phase3_latent_cw_DoS.npz,39-feature RobustScaler-transformed model space (data/processed/scaler.pkl); no additional feature scaling
DoS,Latent-CW,wasserstein_per_feature,19,SMTP,0.0,133755,100,ok,D:\thesis_final\outputs\latent_attacks\phase3_20260602_023958_seed42\phase3_latent_cw_DoS.npz,39-feature RobustScaler-transformed model space (data/processed/scaler.pkl); no additional feature scaling
DoS,Latent-CW,wasserstein_per_feature,20,SSH,0.0,133755,100,ok,D:\thesis_final\outputs\latent_attacks\phase3_20260602_023958_seed42\phase3_latent_cw_DoS.npz,39-feature RobustScaler-transformed model space (data/processed/scaler.pkl); no additional feature scaling
DoS,Latent-CW,wasserstein_per_feature,21,IRC,0.0,133755,100,ok,D:\thesis_final\outputs\latent_attacks\phase3_20260602_023958_seed42\phase3_latent_cw_DoS.npz,39-feature RobustScaler-transformed model space (data/processed/scaler.pkl); no additional feature scaling
DoS,Latent-CW,wasserstein_per_feature,22,TCP,0.02023550521475831,133755,100,ok,D:\thesis_final\outputs\latent_attacks\phase3_20260602_023958_seed42\phase3_latent_cw_DoS.npz,39-feature RobustScaler-transformed model space (data/processed/scaler.pkl); no additional feature scaling
DoS,Latent-CW,wasserstein_per_feature,23,UDP,0.021446674890658213,133755,100,ok,D:\thesis_final\outputs\latent_attacks\phase3_20260602_023958_seed42\phase3_latent_cw_DoS.npz,39-feature RobustScaler-transformed model space (data/processed/scaler.pkl); no additional feature scaling
DoS,Latent-CW,wasserstein_per_feature,24,DHCP,0.0,133755,100,ok,D:\thesis_final\outputs\latent_attacks\phase3_20260602_023958_seed42\phase3_latent_cw_DoS.npz,39-feature RobustScaler-transformed model space (data/processed/scaler.pkl); no additional feature scaling
DoS,Latent-CW,wasserstein_per_feature,25,ARP,0.0,133755,100,ok,D:\thesis_final\outputs\latent_attacks\phase3_20260602_023958_seed42\phase3_latent_cw_DoS.npz,39-feature RobustScaler-transformed model space (data/processed/scaler.pkl); no additional feature scaling
DoS,Latent-CW,wasserstein_per_feature,26,ICMP,0.000792493738551836,133755,100,ok,D:\thesis_final\outputs\latent_attacks\phase3_20260602_023958_seed42\phase3_latent_cw_DoS.npz,39-feature RobustScaler-transformed model space (data/processed/scaler.pkl); no additional feature scaling
DoS,Latent-CW,wasserstein_per_feature,27,IGMP,0.0,133755,100,ok,D:\thesis_final\outputs\latent_attacks\phase3_20260602_023958_seed42\phase3_latent_cw_DoS.npz,39-feature RobustScaler-transformed model space (data/processed/scaler.pkl); no additional feature scaling
DoS,Latent-CW,wasserstein_per_feature,28,IPv,0.0,133755,100,ok,D:\thesis_final\outputs\latent_attacks\phase3_20260602_023958_seed42\phase3_latent_cw_DoS.npz,39-feature RobustScaler-transformed model space (data/processed/scaler.pkl); no additional feature scaling
DoS,Latent-CW,wasserstein_per_feature,29,LLC,0.0,133755,100,ok,D:\thesis_final\outputs\latent_attacks\phase3_20260602_023958_seed42\phase3_latent_cw_DoS.npz,39-feature RobustScaler-transformed model space (data/processed/scaler.pkl); no additional feature scaling
DoS,Latent-CW,wasserstein_per_feature,30,Tot sum,0.11770874169257455,133755,100,ok,D:\thesis_final\outputs\latent_attacks\phase3_20260602_023958_seed42\phase3_latent_cw_DoS.npz,39-feature RobustScaler-transformed model space (data/processed/scaler.pkl); no additional feature scaling
DoS,Latent-CW,wasserstein_per_feature,31,Min,0.6674662894804982,133755,100,ok,D:\thesis_final\outputs\latent_attacks\phase3_20260602_023958_seed42\phase3_latent_cw_DoS.npz,39-feature RobustScaler-transformed model space (data/processed/scaler.pkl); no additional feature scaling
DoS,Latent-CW,wasserstein_per_feature,32,Max,0.2126786918437872,133755,100,ok,D:\thesis_final\outputs\latent_attacks\phase3_20260602_023958_seed42\phase3_latent_cw_DoS.npz,39-feature RobustScaler-transformed model space (data/processed/scaler.pkl); no additional feature scaling
DoS,Latent-CW,wasserstein_per_feature,33,AVG,0.11342593453870897,133755,100,ok,D:\thesis_final\outputs\latent_attacks\phase3_20260602_023958_seed42\phase3_latent_cw_DoS.npz,39-feature RobustScaler-transformed model space (data/processed/scaler.pkl); no additional feature scaling
DoS,Latent-CW,wasserstein_per_feature,34,Std,0.2984711474143591,133755,100,ok,D:\thesis_final\outputs\latent_attacks\phase3_20260602_023958_seed42\phase3_latent_cw_DoS.npz,39-feature RobustScaler-transformed model space (data/processed/scaler.pkl); no additional feature scaling
DoS,Latent-CW,wasserstein_per_feature,35,Tot size,0.11342593453870897,133755,100,ok,D:\thesis_final\outputs\latent_attacks\phase3_20260602_023958_seed42\phase3_latent_cw_DoS.npz,39-feature RobustScaler-transformed model space (data/processed/scaler.pkl); no additional feature scaling
DoS,Latent-CW,wasserstein_per_feature,36,IAT,0.11422625060890561,133755,100,ok,D:\thesis_final\outputs\latent_attacks\phase3_20260602_023958_seed42\phase3_latent_cw_DoS.npz,39-feature RobustScaler-transformed model space (data/processed/scaler.pkl); no additional feature scaling
DoS,Latent-CW,wasserstein_per_feature,37,Number,0.0018424275474314593,133755,100,ok,D:\thesis_final\outputs\latent_attacks\phase3_20260602_023958_seed42\phase3_latent_cw_DoS.npz,39-feature RobustScaler-transformed model space (data/processed/scaler.pkl); no additional feature scaling
DoS,Latent-CW,wasserstein_per_feature,38,Variance,1.2864090211881916,133755,100,ok,D:\thesis_final\outputs\latent_attacks\phase3_20260602_023958_seed42\phase3_latent_cw_DoS.npz,39-feature RobustScaler-transformed model space (data/processed/scaler.pkl); no additional feature scaling
DoS,cInput CPGD,wasserstein_per_feature,0,Header_Length,N/A,N/A,N/A,# TODO: canonical cInput run has outcomes but no full 39-feature adversarial vectors; the eight-sample exhibit is not used,D:\thesis_final\outputs\latent_attacks\constrained_input_baselines_20260602_032651_seed42,39-feature RobustScaler-transformed model space (data/processed/scaler.pkl); no additional feature scaling
DoS,cInput CPGD,wasserstein_per_feature,1,Protocol Type,N/A,N/A,N/A,# TODO: canonical cInput run has outcomes but no full 39-feature adversarial vectors; the eight-sample exhibit is not used,D:\thesis_final\outputs\latent_attacks\constrained_input_baselines_20260602_032651_seed42,39-feature RobustScaler-transformed model space (data/processed/scaler.pkl); no additional feature scaling
DoS,cInput CPGD,wasserstein_per_feature,2,Time_To_Live,N/A,N/A,N/A,# TODO: canonical cInput run has outcomes but no full 39-feature adversarial vectors; the eight-sample exhibit is not used,D:\thesis_final\outputs\latent_attacks\constrained_input_baselines_20260602_032651_seed42,39-feature RobustScaler-transformed model space (data/processed/scaler.pkl); no additional feature scaling
DoS,cInput CPGD,wasserstein_per_feature,3,Rate,N/A,N/A,N/A,# TODO: canonical cInput run has outcomes but no full 39-feature adversarial vectors; the eight-sample exhibit is not used,D:\thesis_final\outputs\latent_attacks\constrained_input_baselines_20260602_032651_seed42,39-feature RobustScaler-transformed model space (data/processed/scaler.pkl); no additional feature scaling
DoS,cInput CPGD,wasserstein_per_feature,4,fin_flag_number,N/A,N/A,N/A,# TODO: canonical cInput run has outcomes but no full 39-feature adversarial vectors; the eight-sample exhibit is not used,D:\thesis_final\outputs\latent_attacks\constrained_input_baselines_20260602_032651_seed42,39-feature RobustScaler-transformed model space (data/processed/scaler.pkl); no additional feature scaling
DoS,cInput CPGD,wasserstein_per_feature,5,syn_flag_number,N/A,N/A,N/A,# TODO: canonical cInput run has outcomes but no full 39-feature adversarial vectors; the eight-sample exhibit is not used,D:\thesis_final\outputs\latent_attacks\constrained_input_baselines_20260602_032651_seed42,39-feature RobustScaler-transformed model space (data/processed/scaler.pkl); no additional feature scaling
DoS,cInput CPGD,wasserstein_per_feature,6,rst_flag_number,N/A,N/A,N/A,# TODO: canonical cInput run has outcomes but no full 39-feature adversarial vectors; the eight-sample exhibit is not used,D:\thesis_final\outputs\latent_attacks\constrained_input_baselines_20260602_032651_seed42,39-feature RobustScaler-transformed model space (data/processed/scaler.pkl); no additional feature scaling
DoS,cInput CPGD,wasserstein_per_feature,7,psh_flag_number,N/A,N/A,N/A,# TODO: canonical cInput run has outcomes but no full 39-feature adversarial vectors; the eight-sample exhibit is not used,D:\thesis_final\outputs\latent_attacks\constrained_input_baselines_20260602_032651_seed42,39-feature RobustScaler-transformed model space (data/processed/scaler.pkl); no additional feature scaling
DoS,cInput CPGD,wasserstein_per_feature,8,ack_flag_number,N/A,N/A,N/A,# TODO: canonical cInput run has outcomes but no full 39-feature adversarial vectors; the eight-sample exhibit is not used,D:\thesis_final\outputs\latent_attacks\constrained_input_baselines_20260602_032651_seed42,39-feature RobustScaler-transformed model space (data/processed/scaler.pkl); no additional feature scaling
DoS,cInput CPGD,wasserstein_per_feature,9,ece_flag_number,N/A,N/A,N/A,# TODO: canonical cInput run has outcomes but no full 39-feature adversarial vectors; the eight-sample exhibit is not used,D:\thesis_final\outputs\latent_attacks\constrained_input_baselines_20260602_032651_seed42,39-feature RobustScaler-transformed model space (data/processed/scaler.pkl); no additional feature scaling
DoS,cInput CPGD,wasserstein_per_feature,10,cwr_flag_number,N/A,N/A,N/A,# TODO: canonical cInput run has outcomes but no full 39-feature adversarial vectors; the eight-sample exhibit is not used,D:\thesis_final\outputs\latent_attacks\constrained_input_baselines_20260602_032651_seed42,39-feature RobustScaler-transformed model space (data/processed/scaler.pkl); no additional feature scaling
DoS,cInput CPGD,wasserstein_per_feature,11,ack_count,N/A,N/A,N/A,# TODO: canonical cInput run has outcomes but no full 39-feature adversarial vectors; the eight-sample exhibit is not used,D:\thesis_final\outputs\latent_attacks\constrained_input_baselines_20260602_032651_seed42,39-feature RobustScaler-transformed model space (data/processed/scaler.pkl); no additional feature scaling
DoS,cInput CPGD,wasserstein_per_feature,12,syn_count,N/A,N/A,N/A,# TODO: canonical cInput run has outcomes but no full 39-feature adversarial vectors; the eight-sample exhibit is not used,D:\thesis_final\outputs\latent_attacks\constrained_input_baselines_20260602_032651_seed42,39-feature RobustScaler-transformed model space (data/processed/scaler.pkl); no additional feature scaling
DoS,cInput CPGD,wasserstein_per_feature,13,fin_count,N/A,N/A,N/A,# TODO: canonical cInput run has outcomes but no full 39-feature adversarial vectors; the eight-sample exhibit is not used,D:\thesis_final\outputs\latent_attacks\constrained_input_baselines_20260602_032651_seed42,39-feature RobustScaler-transformed model space (data/processed/scaler.pkl); no additional feature scaling
DoS,cInput CPGD,wasserstein_per_feature,14,rst_count,N/A,N/A,N/A,# TODO: canonical cInput run has outcomes but no full 39-feature adversarial vectors; the eight-sample exhibit is not used,D:\thesis_final\outputs\latent_attacks\constrained_input_baselines_20260602_032651_seed42,39-feature RobustScaler-transformed model space (data/processed/scaler.pkl); no additional feature scaling
DoS,cInput CPGD,wasserstein_per_feature,15,HTTP,N/A,N/A,N/A,# TODO: canonical cInput run has outcomes but no full 39-feature adversarial vectors; the eight-sample exhibit is not used,D:\thesis_final\outputs\latent_attacks\constrained_input_baselines_20260602_032651_seed42,39-feature RobustScaler-transformed model space (data/processed/scaler.pkl); no additional feature scaling
DoS,cInput CPGD,wasserstein_per_feature,16,HTTPS,N/A,N/A,N/A,# TODO: canonical cInput run has outcomes but no full 39-feature adversarial vectors; the eight-sample exhibit is not used,D:\thesis_final\outputs\latent_attacks\constrained_input_baselines_20260602_032651_seed42,39-feature RobustScaler-transformed model space (data/processed/scaler.pkl); no additional feature scaling
DoS,cInput CPGD,wasserstein_per_feature,17,DNS,N/A,N/A,N/A,# TODO: canonical cInput run has outcomes but no full 39-feature adversarial vectors; the eight-sample exhibit is not used,D:\thesis_final\outputs\latent_attacks\constrained_input_baselines_20260602_032651_seed42,39-feature RobustScaler-transformed model space (data/processed/scaler.pkl); no additional feature scaling
DoS,cInput CPGD,wasserstein_per_feature,18,Telnet,N/A,N/A,N/A,# TODO: canonical cInput run has outcomes but no full 39-feature adversarial vectors; the eight-sample exhibit is not used,D:\thesis_final\outputs\latent_attacks\constrained_input_baselines_20260602_032651_seed42,39-feature RobustScaler-transformed model space (data/processed/scaler.pkl); no additional feature scaling
DoS,cInput CPGD,wasserstein_per_feature,19,SMTP,N/A,N/A,N/A,# TODO: canonical cInput run has outcomes but no full 39-feature adversarial vectors; the eight-sample exhibit is not used,D:\thesis_final\outputs\latent_attacks\constrained_input_baselines_20260602_032651_seed42,39-feature RobustScaler-transformed model space (data/processed/scaler.pkl); no additional feature scaling
DoS,cInput CPGD,wasserstein_per_feature,20,SSH,N/A,N/A,N/A,# TODO: canonical cInput run has outcomes but no full 39-feature adversarial vectors; the eight-sample exhibit is not used,D:\thesis_final\outputs\latent_attacks\constrained_input_baselines_20260602_032651_seed42,39-feature RobustScaler-transformed model space (data/processed/scaler.pkl); no additional feature scaling
DoS,cInput CPGD,wasserstein_per_feature,21,IRC,N/A,N/A,N/A,# TODO: canonical cInput run has outcomes but no full 39-feature adversarial vectors; the eight-sample exhibit is not used,D:\thesis_final\outputs\latent_attacks\constrained_input_baselines_20260602_032651_seed42,39-feature RobustScaler-transformed model space (data/processed/scaler.pkl); no additional feature scaling
DoS,cInput CPGD,wasserstein_per_feature,22,TCP,N/A,N/A,N/A,# TODO: canonical cInput run has outcomes but no full 39-feature adversarial vectors; the eight-sample exhibit is not used,D:\thesis_final\outputs\latent_attacks\constrained_input_baselines_20260602_032651_seed42,39-feature RobustScaler-transformed model space (data/processed/scaler.pkl); no additional feature scaling
DoS,cInput CPGD,wasserstein_per_feature,23,UDP,N/A,N/A,N/A,# TODO: canonical cInput run has outcomes but no full 39-feature adversarial vectors; the eight-sample exhibit is not used,D:\thesis_final\outputs\latent_attacks\constrained_input_baselines_20260602_032651_seed42,39-feature RobustScaler-transformed model space (data/processed/scaler.pkl); no additional feature scaling
DoS,cInput CPGD,wasserstein_per_feature,24,DHCP,N/A,N/A,N/A,# TODO: canonical cInput run has outcomes but no full 39-feature adversarial vectors; the eight-sample exhibit is not used,D:\thesis_final\outputs\latent_attacks\constrained_input_baselines_20260602_032651_seed42,39-feature RobustScaler-transformed model space (data/processed/scaler.pkl); no additional feature scaling
DoS,cInput CPGD,wasserstein_per_feature,25,ARP,N/A,N/A,N/A,# TODO: canonical cInput run has outcomes but no full 39-feature adversarial vectors; the eight-sample exhibit is not used,D:\thesis_final\outputs\latent_attacks\constrained_input_baselines_20260602_032651_seed42,39-feature RobustScaler-transformed model space (data/processed/scaler.pkl); no additional feature scaling
DoS,cInput CPGD,wasserstein_per_feature,26,ICMP,N/A,N/A,N/A,# TODO: canonical cInput run has outcomes but no full 39-feature adversarial vectors; the eight-sample exhibit is not used,D:\thesis_final\outputs\latent_attacks\constrained_input_baselines_20260602_032651_seed42,39-feature RobustScaler-transformed model space (data/processed/scaler.pkl); no additional feature scaling
DoS,cInput CPGD,wasserstein_per_feature,27,IGMP,N/A,N/A,N/A,# TODO: canonical cInput run has outcomes but no full 39-feature adversarial vectors; the eight-sample exhibit is not used,D:\thesis_final\outputs\latent_attacks\constrained_input_baselines_20260602_032651_seed42,39-feature RobustScaler-transformed model space (data/processed/scaler.pkl); no additional feature scaling
DoS,cInput CPGD,wasserstein_per_feature,28,IPv,N/A,N/A,N/A,# TODO: canonical cInput run has outcomes but no full 39-feature adversarial vectors; the eight-sample exhibit is not used,D:\thesis_final\outputs\latent_attacks\constrained_input_baselines_20260602_032651_seed42,39-feature RobustScaler-transformed model space (data/processed/scaler.pkl); no additional feature scaling
DoS,cInput CPGD,wasserstein_per_feature,29,LLC,N/A,N/A,N/A,# TODO: canonical cInput run has outcomes but no full 39-feature adversarial vectors; the eight-sample exhibit is not used,D:\thesis_final\outputs\latent_attacks\constrained_input_baselines_20260602_032651_seed42,39-feature RobustScaler-transformed model space (data/processed/scaler.pkl); no additional feature scaling
DoS,cInput CPGD,wasserstein_per_feature,30,Tot sum,N/A,N/A,N/A,# TODO: canonical cInput run has outcomes but no full 39-feature adversarial vectors; the eight-sample exhibit is not used,D:\thesis_final\outputs\latent_attacks\constrained_input_baselines_20260602_032651_seed42,39-feature RobustScaler-transformed model space (data/processed/scaler.pkl); no additional feature scaling
DoS,cInput CPGD,wasserstein_per_feature,31,Min,N/A,N/A,N/A,# TODO: canonical cInput run has outcomes but no full 39-feature adversarial vectors; the eight-sample exhibit is not used,D:\thesis_final\outputs\latent_attacks\constrained_input_baselines_20260602_032651_seed42,39-feature RobustScaler-transformed model space (data/processed/scaler.pkl); no additional feature scaling
DoS,cInput CPGD,wasserstein_per_feature,32,Max,N/A,N/A,N/A,# TODO: canonical cInput run has outcomes but no full 39-feature adversarial vectors; the eight-sample exhibit is not used,D:\thesis_final\outputs\latent_attacks\constrained_input_baselines_20260602_032651_seed42,39-feature RobustScaler-transformed model space (data/processed/scaler.pkl); no additional feature scaling
DoS,cInput CPGD,wasserstein_per_feature,33,AVG,N/A,N/A,N/A,# TODO: canonical cInput run has outcomes but no full 39-feature adversarial vectors; the eight-sample exhibit is not used,D:\thesis_final\outputs\latent_attacks\constrained_input_baselines_20260602_032651_seed42,39-feature RobustScaler-transformed model space (data/processed/scaler.pkl); no additional feature scaling
DoS,cInput CPGD,wasserstein_per_feature,34,Std,N/A,N/A,N/A,# TODO: canonical cInput run has outcomes but no full 39-feature adversarial vectors; the eight-sample exhibit is not used,D:\thesis_final\outputs\latent_attacks\constrained_input_baselines_20260602_032651_seed42,39-feature RobustScaler-transformed model space (data/processed/scaler.pkl); no additional feature scaling
DoS,cInput CPGD,wasserstein_per_feature,35,Tot size,N/A,N/A,N/A,# TODO: canonical cInput run has outcomes but no full 39-feature adversarial vectors; the eight-sample exhibit is not used,D:\thesis_final\outputs\latent_attacks\constrained_input_baselines_20260602_032651_seed42,39-feature RobustScaler-transformed model space (data/processed/scaler.pkl); no additional feature scaling
DoS,cInput CPGD,wasserstein_per_feature,36,IAT,N/A,N/A,N/A,# TODO: canonical cInput run has outcomes but no full 39-feature adversarial vectors; the eight-sample exhibit is not used,D:\thesis_final\outputs\latent_attacks\constrained_input_baselines_20260602_032651_seed42,39-feature RobustScaler-transformed model space (data/processed/scaler.pkl); no additional feature scaling
DoS,cInput CPGD,wasserstein_per_feature,37,Number,N/A,N/A,N/A,# TODO: canonical cInput run has outcomes but no full 39-feature adversarial vectors; the eight-sample exhibit is not used,D:\thesis_final\outputs\latent_attacks\constrained_input_baselines_20260602_032651_seed42,39-feature RobustScaler-transformed model space (data/processed/scaler.pkl); no additional feature scaling
DoS,cInput CPGD,wasserstein_per_feature,38,Variance,N/A,N/A,N/A,# TODO: canonical cInput run has outcomes but no full 39-feature adversarial vectors; the eight-sample exhibit is not used,D:\thesis_final\outputs\latent_attacks\constrained_input_baselines_20260602_032651_seed42,39-feature RobustScaler-transformed model space (data/processed/scaler.pkl); no additional feature scaling
DoS,cInput CCW,wasserstein_per_feature,0,Header_Length,N/A,N/A,N/A,# TODO: canonical cInput run has outcomes but no full 39-feature adversarial vectors; the eight-sample exhibit is not used,D:\thesis_final\outputs\latent_attacks\constrained_input_baselines_20260602_032651_seed42,39-feature RobustScaler-transformed model space (data/processed/scaler.pkl); no additional feature scaling
DoS,cInput CCW,wasserstein_per_feature,1,Protocol Type,N/A,N/A,N/A,# TODO: canonical cInput run has outcomes but no full 39-feature adversarial vectors; the eight-sample exhibit is not used,D:\thesis_final\outputs\latent_attacks\constrained_input_baselines_20260602_032651_seed42,39-feature RobustScaler-transformed model space (data/processed/scaler.pkl); no additional feature scaling
DoS,cInput CCW,wasserstein_per_feature,2,Time_To_Live,N/A,N/A,N/A,# TODO: canonical cInput run has outcomes but no full 39-feature adversarial vectors; the eight-sample exhibit is not used,D:\thesis_final\outputs\latent_attacks\constrained_input_baselines_20260602_032651_seed42,39-feature RobustScaler-transformed model space (data/processed/scaler.pkl); no additional feature scaling
DoS,cInput CCW,wasserstein_per_feature,3,Rate,N/A,N/A,N/A,# TODO: canonical cInput run has outcomes but no full 39-feature adversarial vectors; the eight-sample exhibit is not used,D:\thesis_final\outputs\latent_attacks\constrained_input_baselines_20260602_032651_seed42,39-feature RobustScaler-transformed model space (data/processed/scaler.pkl); no additional feature scaling
DoS,cInput CCW,wasserstein_per_feature,4,fin_flag_number,N/A,N/A,N/A,# TODO: canonical cInput run has outcomes but no full 39-feature adversarial vectors; the eight-sample exhibit is not used,D:\thesis_final\outputs\latent_attacks\constrained_input_baselines_20260602_032651_seed42,39-feature RobustScaler-transformed model space (data/processed/scaler.pkl); no additional feature scaling
DoS,cInput CCW,wasserstein_per_feature,5,syn_flag_number,N/A,N/A,N/A,# TODO: canonical cInput run has outcomes but no full 39-feature adversarial vectors; the eight-sample exhibit is not used,D:\thesis_final\outputs\latent_attacks\constrained_input_baselines_20260602_032651_seed42,39-feature RobustScaler-transformed model space (data/processed/scaler.pkl); no additional feature scaling
DoS,cInput CCW,wasserstein_per_feature,6,rst_flag_number,N/A,N/A,N/A,# TODO: canonical cInput run has outcomes but no full 39-feature adversarial vectors; the eight-sample exhibit is not used,D:\thesis_final\outputs\latent_attacks\constrained_input_baselines_20260602_032651_seed42,39-feature RobustScaler-transformed model space (data/processed/scaler.pkl); no additional feature scaling
DoS,cInput CCW,wasserstein_per_feature,7,psh_flag_number,N/A,N/A,N/A,# TODO: canonical cInput run has outcomes but no full 39-feature adversarial vectors; the eight-sample exhibit is not used,D:\thesis_final\outputs\latent_attacks\constrained_input_baselines_20260602_032651_seed42,39-feature RobustScaler-transformed model space (data/processed/scaler.pkl); no additional feature scaling
DoS,cInput CCW,wasserstein_per_feature,8,ack_flag_number,N/A,N/A,N/A,# TODO: canonical cInput run has outcomes but no full 39-feature adversarial vectors; the eight-sample exhibit is not used,D:\thesis_final\outputs\latent_attacks\constrained_input_baselines_20260602_032651_seed42,39-feature RobustScaler-transformed model space (data/processed/scaler.pkl); no additional feature scaling
DoS,cInput CCW,wasserstein_per_feature,9,ece_flag_number,N/A,N/A,N/A,# TODO: canonical cInput run has outcomes but no full 39-feature adversarial vectors; the eight-sample exhibit is not used,D:\thesis_final\outputs\latent_attacks\constrained_input_baselines_20260602_032651_seed42,39-feature RobustScaler-transformed model space (data/processed/scaler.pkl); no additional feature scaling
DoS,cInput CCW,wasserstein_per_feature,10,cwr_flag_number,N/A,N/A,N/A,# TODO: canonical cInput run has outcomes but no full 39-feature adversarial vectors; the eight-sample exhibit is not used,D:\thesis_final\outputs\latent_attacks\constrained_input_baselines_20260602_032651_seed42,39-feature RobustScaler-transformed model space (data/processed/scaler.pkl); no additional feature scaling
DoS,cInput CCW,wasserstein_per_feature,11,ack_count,N/A,N/A,N/A,# TODO: canonical cInput run has outcomes but no full 39-feature adversarial vectors; the eight-sample exhibit is not used,D:\thesis_final\outputs\latent_attacks\constrained_input_baselines_20260602_032651_seed42,39-feature RobustScaler-transformed model space (data/processed/scaler.pkl); no additional feature scaling
DoS,cInput CCW,wasserstein_per_feature,12,syn_count,N/A,N/A,N/A,# TODO: canonical cInput run has outcomes but no full 39-feature adversarial vectors; the eight-sample exhibit is not used,D:\thesis_final\outputs\latent_attacks\constrained_input_baselines_20260602_032651_seed42,39-feature RobustScaler-transformed model space (data/processed/scaler.pkl); no additional feature scaling
DoS,cInput CCW,wasserstein_per_feature,13,fin_count,N/A,N/A,N/A,# TODO: canonical cInput run has outcomes but no full 39-feature adversarial vectors; the eight-sample exhibit is not used,D:\thesis_final\outputs\latent_attacks\constrained_input_baselines_20260602_032651_seed42,39-feature RobustScaler-transformed model space (data/processed/scaler.pkl); no additional feature scaling
DoS,cInput CCW,wasserstein_per_feature,14,rst_count,N/A,N/A,N/A,# TODO: canonical cInput run has outcomes but no full 39-feature adversarial vectors; the eight-sample exhibit is not used,D:\thesis_final\outputs\latent_attacks\constrained_input_baselines_20260602_032651_seed42,39-feature RobustScaler-transformed model space (data/processed/scaler.pkl); no additional feature scaling
DoS,cInput CCW,wasserstein_per_feature,15,HTTP,N/A,N/A,N/A,# TODO: canonical cInput run has outcomes but no full 39-feature adversarial vectors; the eight-sample exhibit is not used,D:\thesis_final\outputs\latent_attacks\constrained_input_baselines_20260602_032651_seed42,39-feature RobustScaler-transformed model space (data/processed/scaler.pkl); no additional feature scaling
DoS,cInput CCW,wasserstein_per_feature,16,HTTPS,N/A,N/A,N/A,# TODO: canonical cInput run has outcomes but no full 39-feature adversarial vectors; the eight-sample exhibit is not used,D:\thesis_final\outputs\latent_attacks\constrained_input_baselines_20260602_032651_seed42,39-feature RobustScaler-transformed model space (data/processed/scaler.pkl); no additional feature scaling
DoS,cInput CCW,wasserstein_per_feature,17,DNS,N/A,N/A,N/A,# TODO: canonical cInput run has outcomes but no full 39-feature adversarial vectors; the eight-sample exhibit is not used,D:\thesis_final\outputs\latent_attacks\constrained_input_baselines_20260602_032651_seed42,39-feature RobustScaler-transformed model space (data/processed/scaler.pkl); no additional feature scaling
DoS,cInput CCW,wasserstein_per_feature,18,Telnet,N/A,N/A,N/A,# TODO: canonical cInput run has outcomes but no full 39-feature adversarial vectors; the eight-sample exhibit is not used,D:\thesis_final\outputs\latent_attacks\constrained_input_baselines_20260602_032651_seed42,39-feature RobustScaler-transformed model space (data/processed/scaler.pkl); no additional feature scaling
DoS,cInput CCW,wasserstein_per_feature,19,SMTP,N/A,N/A,N/A,# TODO: canonical cInput run has outcomes but no full 39-feature adversarial vectors; the eight-sample exhibit is not used,D:\thesis_final\outputs\latent_attacks\constrained_input_baselines_20260602_032651_seed42,39-feature RobustScaler-transformed model space (data/processed/scaler.pkl); no additional feature scaling
DoS,cInput CCW,wasserstein_per_feature,20,SSH,N/A,N/A,N/A,# TODO: canonical cInput run has outcomes but no full 39-feature adversarial vectors; the eight-sample exhibit is not used,D:\thesis_final\outputs\latent_attacks\constrained_input_baselines_20260602_032651_seed42,39-feature RobustScaler-transformed model space (data/processed/scaler.pkl); no additional feature scaling
DoS,cInput CCW,wasserstein_per_feature,21,IRC,N/A,N/A,N/A,# TODO: canonical cInput run has outcomes but no full 39-feature adversarial vectors; the eight-sample exhibit is not used,D:\thesis_final\outputs\latent_attacks\constrained_input_baselines_20260602_032651_seed42,39-feature RobustScaler-transformed model space (data/processed/scaler.pkl); no additional feature scaling
DoS,cInput CCW,wasserstein_per_feature,22,TCP,N/A,N/A,N/A,# TODO: canonical cInput run has outcomes but no full 39-feature adversarial vectors; the eight-sample exhibit is not used,D:\thesis_final\outputs\latent_attacks\constrained_input_baselines_20260602_032651_seed42,39-feature RobustScaler-transformed model space (data/processed/scaler.pkl); no additional feature scaling
DoS,cInput CCW,wasserstein_per_feature,23,UDP,N/A,N/A,N/A,# TODO: canonical cInput run has outcomes but no full 39-feature adversarial vectors; the eight-sample exhibit is not used,D:\thesis_final\outputs\latent_attacks\constrained_input_baselines_20260602_032651_seed42,39-feature RobustScaler-transformed model space (data/processed/scaler.pkl); no additional feature scaling
DoS,cInput CCW,wasserstein_per_feature,24,DHCP,N/A,N/A,N/A,# TODO: canonical cInput run has outcomes but no full 39-feature adversarial vectors; the eight-sample exhibit is not used,D:\thesis_final\outputs\latent_attacks\constrained_input_baselines_20260602_032651_seed42,39-feature RobustScaler-transformed model space (data/processed/scaler.pkl); no additional feature scaling
DoS,cInput CCW,wasserstein_per_feature,25,ARP,N/A,N/A,N/A,# TODO: canonical cInput run has outcomes but no full 39-feature adversarial vectors; the eight-sample exhibit is not used,D:\thesis_final\outputs\latent_attacks\constrained_input_baselines_20260602_032651_seed42,39-feature RobustScaler-transformed model space (data/processed/scaler.pkl); no additional feature scaling
DoS,cInput CCW,wasserstein_per_feature,26,ICMP,N/A,N/A,N/A,# TODO: canonical cInput run has outcomes but no full 39-feature adversarial vectors; the eight-sample exhibit is not used,D:\thesis_final\outputs\latent_attacks\constrained_input_baselines_20260602_032651_seed42,39-feature RobustScaler-transformed model space (data/processed/scaler.pkl); no additional feature scaling
DoS,cInput CCW,wasserstein_per_feature,27,IGMP,N/A,N/A,N/A,# TODO: canonical cInput run has outcomes but no full 39-feature adversarial vectors; the eight-sample exhibit is not used,D:\thesis_final\outputs\latent_attacks\constrained_input_baselines_20260602_032651_seed42,39-feature RobustScaler-transformed model space (data/processed/scaler.pkl); no additional feature scaling
DoS,cInput CCW,wasserstein_per_feature,28,IPv,N/A,N/A,N/A,# TODO: canonical cInput run has outcomes but no full 39-feature adversarial vectors; the eight-sample exhibit is not used,D:\thesis_final\outputs\latent_attacks\constrained_input_baselines_20260602_032651_seed42,39-feature RobustScaler-transformed model space (data/processed/scaler.pkl); no additional feature scaling
DoS,cInput CCW,wasserstein_per_feature,29,LLC,N/A,N/A,N/A,# TODO: canonical cInput run has outcomes but no full 39-feature adversarial vectors; the eight-sample exhibit is not used,D:\thesis_final\outputs\latent_attacks\constrained_input_baselines_20260602_032651_seed42,39-feature RobustScaler-transformed model space (data/processed/scaler.pkl); no additional feature scaling
DoS,cInput CCW,wasserstein_per_feature,30,Tot sum,N/A,N/A,N/A,# TODO: canonical cInput run has outcomes but no full 39-feature adversarial vectors; the eight-sample exhibit is not used,D:\thesis_final\outputs\latent_attacks\constrained_input_baselines_20260602_032651_seed42,39-feature RobustScaler-transformed model space (data/processed/scaler.pkl); no additional feature scaling
DoS,cInput CCW,wasserstein_per_feature,31,Min,N/A,N/A,N/A,# TODO: canonical cInput run has outcomes but no full 39-feature adversarial vectors; the eight-sample exhibit is not used,D:\thesis_final\outputs\latent_attacks\constrained_input_baselines_20260602_032651_seed42,39-feature RobustScaler-transformed model space (data/processed/scaler.pkl); no additional feature scaling
DoS,cInput CCW,wasserstein_per_feature,32,Max,N/A,N/A,N/A,# TODO: canonical cInput run has outcomes but no full 39-feature adversarial vectors; the eight-sample exhibit is not used,D:\thesis_final\outputs\latent_attacks\constrained_input_baselines_20260602_032651_seed42,39-feature RobustScaler-transformed model space (data/processed/scaler.pkl); no additional feature scaling
DoS,cInput CCW,wasserstein_per_feature,33,AVG,N/A,N/A,N/A,# TODO: canonical cInput run has outcomes but no full 39-feature adversarial vectors; the eight-sample exhibit is not used,D:\thesis_final\outputs\latent_attacks\constrained_input_baselines_20260602_032651_seed42,39-feature RobustScaler-transformed model space (data/processed/scaler.pkl); no additional feature scaling
DoS,cInput CCW,wasserstein_per_feature,34,Std,N/A,N/A,N/A,# TODO: canonical cInput run has outcomes but no full 39-feature adversarial vectors; the eight-sample exhibit is not used,D:\thesis_final\outputs\latent_attacks\constrained_input_baselines_20260602_032651_seed42,39-feature RobustScaler-transformed model space (data/processed/scaler.pkl); no additional feature scaling
DoS,cInput CCW,wasserstein_per_feature,35,Tot size,N/A,N/A,N/A,# TODO: canonical cInput run has outcomes but no full 39-feature adversarial vectors; the eight-sample exhibit is not used,D:\thesis_final\outputs\latent_attacks\constrained_input_baselines_20260602_032651_seed42,39-feature RobustScaler-transformed model space (data/processed/scaler.pkl); no additional feature scaling
DoS,cInput CCW,wasserstein_per_feature,36,IAT,N/A,N/A,N/A,# TODO: canonical cInput run has outcomes but no full 39-feature adversarial vectors; the eight-sample exhibit is not used,D:\thesis_final\outputs\latent_attacks\constrained_input_baselines_20260602_032651_seed42,39-feature RobustScaler-transformed model space (data/processed/scaler.pkl); no additional feature scaling
DoS,cInput CCW,wasserstein_per_feature,37,Number,N/A,N/A,N/A,# TODO: canonical cInput run has outcomes but no full 39-feature adversarial vectors; the eight-sample exhibit is not used,D:\thesis_final\outputs\latent_attacks\constrained_input_baselines_20260602_032651_seed42,39-feature RobustScaler-transformed model space (data/processed/scaler.pkl); no additional feature scaling
DoS,cInput CCW,wasserstein_per_feature,38,Variance,N/A,N/A,N/A,# TODO: canonical cInput run has outcomes but no full 39-feature adversarial vectors; the eight-sample exhibit is not used,D:\thesis_final\outputs\latent_attacks\constrained_input_baselines_20260602_032651_seed42,39-feature RobustScaler-transformed model space (data/processed/scaler.pkl); no additional feature scaling
DDoS,PGD,wasserstein_per_feature,0,Header_Length,0.2504118192943821,409984,23137,ok,D:\thesis_final\results\attacks\attack_8class_pgd_0.30.npz,39-feature RobustScaler-transformed model space (data/processed/scaler.pkl); no additional feature scaling
DDoS,PGD,wasserstein_per_feature,1,Protocol Type,0.22540192724616537,409984,23137,ok,D:\thesis_final\results\attacks\attack_8class_pgd_0.30.npz,39-feature RobustScaler-transformed model space (data/processed/scaler.pkl); no additional feature scaling
DDoS,PGD,wasserstein_per_feature,2,Time_To_Live,0.19892423584050253,409984,23137,ok,D:\thesis_final\results\attacks\attack_8class_pgd_0.30.npz,39-feature RobustScaler-transformed model space (data/processed/scaler.pkl); no additional feature scaling
DDoS,PGD,wasserstein_per_feature,3,Rate,0.1383609295644904,409984,23137,ok,D:\thesis_final\results\attacks\attack_8class_pgd_0.30.npz,39-feature RobustScaler-transformed model space (data/processed/scaler.pkl); no additional feature scaling
DDoS,PGD,wasserstein_per_feature,4,fin_flag_number,0.2616353442043851,409984,23137,ok,D:\thesis_final\results\attacks\attack_8class_pgd_0.30.npz,39-feature RobustScaler-transformed model space (data/processed/scaler.pkl); no additional feature scaling
DDoS,PGD,wasserstein_per_feature,5,syn_flag_number,0.2713507466608288,409984,23137,ok,D:\thesis_final\results\attacks\attack_8class_pgd_0.30.npz,39-feature RobustScaler-transformed model space (data/processed/scaler.pkl); no additional feature scaling
DDoS,PGD,wasserstein_per_feature,6,rst_flag_number,0.26305219378177425,409984,23137,ok,D:\thesis_final\results\attacks\attack_8class_pgd_0.30.npz,39-feature RobustScaler-transformed model space (data/processed/scaler.pkl); no additional feature scaling
DDoS,PGD,wasserstein_per_feature,7,psh_flag_number,0.24850680138578393,409984,23137,ok,D:\thesis_final\results\attacks\attack_8class_pgd_0.30.npz,39-feature RobustScaler-transformed model space (data/processed/scaler.pkl); no additional feature scaling
DDoS,PGD,wasserstein_per_feature,8,ack_flag_number,0.2714618868283432,409984,23137,ok,D:\thesis_final\results\attacks\attack_8class_pgd_0.30.npz,39-feature RobustScaler-transformed model space (data/processed/scaler.pkl); no additional feature scaling
DDoS,PGD,wasserstein_per_feature,9,ece_flag_number,0.27424943394865264,409984,23137,ok,D:\thesis_final\results\attacks\attack_8class_pgd_0.30.npz,39-feature RobustScaler-transformed model space (data/processed/scaler.pkl); no additional feature scaling
DDoS,PGD,wasserstein_per_feature,10,cwr_flag_number,0.2681626017226872,409984,23137,ok,D:\thesis_final\results\attacks\attack_8class_pgd_0.30.npz,39-feature RobustScaler-transformed model space (data/processed/scaler.pkl); no additional feature scaling
DDoS,PGD,wasserstein_per_feature,11,ack_count,0.25692438170065335,409984,23137,ok,D:\thesis_final\results\attacks\attack_8class_pgd_0.30.npz,39-feature RobustScaler-transformed model space (data/processed/scaler.pkl); no additional feature scaling
DDoS,PGD,wasserstein_per_feature,12,syn_count,0.4772542307535169,409984,23137,ok,D:\thesis_final\results\attacks\attack_8class_pgd_0.30.npz,39-feature RobustScaler-transformed model space (data/processed/scaler.pkl); no additional feature scaling
DDoS,PGD,wasserstein_per_feature,13,fin_count,0.4402894463348183,409984,23137,ok,D:\thesis_final\results\attacks\attack_8class_pgd_0.30.npz,39-feature RobustScaler-transformed model space (data/processed/scaler.pkl); no additional feature scaling
DDoS,PGD,wasserstein_per_feature,14,rst_count,0.4835474116536954,409984,23137,ok,D:\thesis_final\results\attacks\attack_8class_pgd_0.30.npz,39-feature RobustScaler-transformed model space (data/processed/scaler.pkl); no additional feature scaling
DDoS,PGD,wasserstein_per_feature,15,HTTP,0.28436765916999285,409984,23137,ok,D:\thesis_final\results\attacks\attack_8class_pgd_0.30.npz,39-feature RobustScaler-transformed model space (data/processed/scaler.pkl); no additional feature scaling
DDoS,PGD,wasserstein_per_feature,16,HTTPS,0.27212200303780787,409984,23137,ok,D:\thesis_final\results\attacks\attack_8class_pgd_0.30.npz,39-feature RobustScaler-transformed model space (data/processed/scaler.pkl); no additional feature scaling
DDoS,PGD,wasserstein_per_feature,17,DNS,0.2629690767710575,409984,23137,ok,D:\thesis_final\results\attacks\attack_8class_pgd_0.30.npz,39-feature RobustScaler-transformed model space (data/processed/scaler.pkl); no additional feature scaling
DDoS,PGD,wasserstein_per_feature,18,Telnet,0.267602429893284,409984,23137,ok,D:\thesis_final\results\attacks\attack_8class_pgd_0.30.npz,39-feature RobustScaler-transformed model space (data/processed/scaler.pkl); no additional feature scaling
DDoS,PGD,wasserstein_per_feature,19,SMTP,0.27543977186130164,409984,23137,ok,D:\thesis_final\results\attacks\attack_8class_pgd_0.30.npz,39-feature RobustScaler-transformed model space (data/processed/scaler.pkl); no additional feature scaling
DDoS,PGD,wasserstein_per_feature,20,SSH,0.2610891656919122,409984,23137,ok,D:\thesis_final\results\attacks\attack_8class_pgd_0.30.npz,39-feature RobustScaler-transformed model space (data/processed/scaler.pkl); no additional feature scaling
DDoS,PGD,wasserstein_per_feature,21,IRC,0.26940092870999977,409984,23137,ok,D:\thesis_final\results\attacks\attack_8class_pgd_0.30.npz,39-feature RobustScaler-transformed model space (data/processed/scaler.pkl); no additional feature scaling
DDoS,PGD,wasserstein_per_feature,22,TCP,0.2874910786042493,409984,23137,ok,D:\thesis_final\results\attacks\attack_8class_pgd_0.30.npz,39-feature RobustScaler-transformed model space (data/processed/scaler.pkl); no additional feature scaling
DDoS,PGD,wasserstein_per_feature,23,UDP,0.275875937012499,409984,23137,ok,D:\thesis_final\results\attacks\attack_8class_pgd_0.30.npz,39-feature RobustScaler-transformed model space (data/processed/scaler.pkl); no additional feature scaling
DDoS,PGD,wasserstein_per_feature,24,DHCP,0.27696856344124754,409984,23137,ok,D:\thesis_final\results\attacks\attack_8class_pgd_0.30.npz,39-feature RobustScaler-transformed model space (data/processed/scaler.pkl); no additional feature scaling
DDoS,PGD,wasserstein_per_feature,25,ARP,0.25061663091205394,409984,23137,ok,D:\thesis_final\results\attacks\attack_8class_pgd_0.30.npz,39-feature RobustScaler-transformed model space (data/processed/scaler.pkl); no additional feature scaling
DDoS,PGD,wasserstein_per_feature,26,ICMP,0.27520836296447654,409984,23137,ok,D:\thesis_final\results\attacks\attack_8class_pgd_0.30.npz,39-feature RobustScaler-transformed model space (data/processed/scaler.pkl); no additional feature scaling
DDoS,PGD,wasserstein_per_feature,27,IGMP,0.2652415796894111,409984,23137,ok,D:\thesis_final\results\attacks\attack_8class_pgd_0.30.npz,39-feature RobustScaler-transformed model space (data/processed/scaler.pkl); no additional feature scaling
DDoS,PGD,wasserstein_per_feature,28,IPv,0.266932927881566,409984,23137,ok,D:\thesis_final\results\attacks\attack_8class_pgd_0.30.npz,39-feature RobustScaler-transformed model space (data/processed/scaler.pkl); no additional feature scaling
DDoS,PGD,wasserstein_per_feature,29,LLC,0.24044208895214064,409984,23137,ok,D:\thesis_final\results\attacks\attack_8class_pgd_0.30.npz,39-feature RobustScaler-transformed model space (data/processed/scaler.pkl); no additional feature scaling
DDoS,PGD,wasserstein_per_feature,30,Tot sum,0.2568867274627021,409984,23137,ok,D:\thesis_final\results\attacks\attack_8class_pgd_0.30.npz,39-feature RobustScaler-transformed model space (data/processed/scaler.pkl); no additional feature scaling
DDoS,PGD,wasserstein_per_feature,31,Min,0.2479797131721612,409984,23137,ok,D:\thesis_final\results\attacks\attack_8class_pgd_0.30.npz,39-feature RobustScaler-transformed model space (data/processed/scaler.pkl); no additional feature scaling
DDoS,PGD,wasserstein_per_feature,32,Max,0.25057036477172945,409984,23137,ok,D:\thesis_final\results\attacks\attack_8class_pgd_0.30.npz,39-feature RobustScaler-transformed model space (data/processed/scaler.pkl); no additional feature scaling
DDoS,PGD,wasserstein_per_feature,33,AVG,0.2620461255167611,409984,23137,ok,D:\thesis_final\results\attacks\attack_8class_pgd_0.30.npz,39-feature RobustScaler-transformed model space (data/processed/scaler.pkl); no additional feature scaling
DDoS,PGD,wasserstein_per_feature,34,Std,0.2457037804478834,409984,23137,ok,D:\thesis_final\results\attacks\attack_8class_pgd_0.30.npz,39-feature RobustScaler-transformed model space (data/processed/scaler.pkl); no additional feature scaling
DDoS,PGD,wasserstein_per_feature,35,Tot size,0.25734094648615924,409984,23137,ok,D:\thesis_final\results\attacks\attack_8class_pgd_0.30.npz,39-feature RobustScaler-transformed model space (data/processed/scaler.pkl); no additional feature scaling
DDoS,PGD,wasserstein_per_feature,36,IAT,0.15207749545578444,409984,23137,ok,D:\thesis_final\results\attacks\attack_8class_pgd_0.30.npz,39-feature RobustScaler-transformed model space (data/processed/scaler.pkl); no additional feature scaling
DDoS,PGD,wasserstein_per_feature,37,Number,0.2765574712358385,409984,23137,ok,D:\thesis_final\results\attacks\attack_8class_pgd_0.30.npz,39-feature RobustScaler-transformed model space (data/processed/scaler.pkl); no additional feature scaling
DDoS,PGD,wasserstein_per_feature,38,Variance,0.27219504972426556,409984,23137,ok,D:\thesis_final\results\attacks\attack_8class_pgd_0.30.npz,39-feature RobustScaler-transformed model space (data/processed/scaler.pkl); no additional feature scaling
DDoS,CW,wasserstein_per_feature,0,Header_Length,0.16484072196223915,409984,23137,ok,D:\thesis_final\results\attacks\attack_8class_cw_0.npz,39-feature RobustScaler-transformed model space (data/processed/scaler.pkl); no additional feature scaling
DDoS,CW,wasserstein_per_feature,1,Protocol Type,0.06797336346245775,409984,23137,ok,D:\thesis_final\results\attacks\attack_8class_cw_0.npz,39-feature RobustScaler-transformed model space (data/processed/scaler.pkl); no additional feature scaling
DDoS,CW,wasserstein_per_feature,2,Time_To_Live,0.02710248159410057,409984,23137,ok,D:\thesis_final\results\attacks\attack_8class_cw_0.npz,39-feature RobustScaler-transformed model space (data/processed/scaler.pkl); no additional feature scaling
DDoS,CW,wasserstein_per_feature,3,Rate,0.05753923390404462,409984,23137,ok,D:\thesis_final\results\attacks\attack_8class_cw_0.npz,39-feature RobustScaler-transformed model space (data/processed/scaler.pkl); no additional feature scaling
DDoS,CW,wasserstein_per_feature,4,fin_flag_number,0.04583055050808568,409984,23137,ok,D:\thesis_final\results\attacks\attack_8class_cw_0.npz,39-feature RobustScaler-transformed model space (data/processed/scaler.pkl); no additional feature scaling
DDoS,CW,wasserstein_per_feature,5,syn_flag_number,0.08988294382552371,409984,23137,ok,D:\thesis_final\results\attacks\attack_8class_cw_0.npz,39-feature RobustScaler-transformed model space (data/processed/scaler.pkl); no additional feature scaling
DDoS,CW,wasserstein_per_feature,6,rst_flag_number,0.06182958884393693,409984,23137,ok,D:\thesis_final\results\attacks\attack_8class_cw_0.npz,39-feature RobustScaler-transformed model space (data/processed/scaler.pkl); no additional feature scaling
DDoS,CW,wasserstein_per_feature,7,psh_flag_number,0.13992129775700843,409984,23137,ok,D:\thesis_final\results\attacks\attack_8class_cw_0.npz,39-feature RobustScaler-transformed model space (data/processed/scaler.pkl); no additional feature scaling
DDoS,CW,wasserstein_per_feature,8,ack_flag_number,0.08093978954659566,409984,23137,ok,D:\thesis_final\results\attacks\attack_8class_cw_0.npz,39-feature RobustScaler-transformed model space (data/processed/scaler.pkl); no additional feature scaling
DDoS,CW,wasserstein_per_feature,9,ece_flag_number,0.008382269909685259,409984,23137,ok,D:\thesis_final\results\attacks\attack_8class_cw_0.npz,39-feature RobustScaler-transformed model space (data/processed/scaler.pkl); no additional feature scaling
DDoS,CW,wasserstein_per_feature,10,cwr_flag_number,0.013576695116174774,409984,23137,ok,D:\thesis_final\results\attacks\attack_8class_cw_0.npz,39-feature RobustScaler-transformed model space (data/processed/scaler.pkl); no additional feature scaling
DDoS,CW,wasserstein_per_feature,11,ack_count,0.06605039925019063,409984,23137,ok,D:\thesis_final\results\attacks\attack_8class_cw_0.npz,39-feature RobustScaler-transformed model space (data/processed/scaler.pkl); no additional feature scaling
DDoS,CW,wasserstein_per_feature,12,syn_count,0.2578454407959218,409984,23137,ok,D:\thesis_final\results\attacks\attack_8class_cw_0.npz,39-feature RobustScaler-transformed model space (data/processed/scaler.pkl); no additional feature scaling
DDoS,CW,wasserstein_per_feature,13,fin_count,0.2569902959838508,409984,23137,ok,D:\thesis_final\results\attacks\attack_8class_cw_0.npz,39-feature RobustScaler-transformed model space (data/processed/scaler.pkl); no additional feature scaling
DDoS,CW,wasserstein_per_feature,14,rst_count,0.2734229621158299,409984,23137,ok,D:\thesis_final\results\attacks\attack_8class_cw_0.npz,39-feature RobustScaler-transformed model space (data/processed/scaler.pkl); no additional feature scaling
DDoS,CW,wasserstein_per_feature,15,HTTP,0.10525228290390541,409984,23137,ok,D:\thesis_final\results\attacks\attack_8class_cw_0.npz,39-feature RobustScaler-transformed model space (data/processed/scaler.pkl); no additional feature scaling
DDoS,CW,wasserstein_per_feature,16,HTTPS,0.08579983667572015,409984,23137,ok,D:\thesis_final\results\attacks\attack_8class_cw_0.npz,39-feature RobustScaler-transformed model space (data/processed/scaler.pkl); no additional feature scaling
DDoS,CW,wasserstein_per_feature,17,DNS,0.03980782585042886,409984,23137,ok,D:\thesis_final\results\attacks\attack_8class_cw_0.npz,39-feature RobustScaler-transformed model space (data/processed/scaler.pkl); no additional feature scaling
DDoS,CW,wasserstein_per_feature,18,Telnet,0.010324243938196087,409984,23137,ok,D:\thesis_final\results\attacks\attack_8class_cw_0.npz,39-feature RobustScaler-transformed model space (data/processed/scaler.pkl); no additional feature scaling
DDoS,CW,wasserstein_per_feature,19,SMTP,0.008871222475293435,409984,23137,ok,D:\thesis_final\results\attacks\attack_8class_cw_0.npz,39-feature RobustScaler-transformed model space (data/processed/scaler.pkl); no additional feature scaling
DDoS,CW,wasserstein_per_feature,20,SSH,0.11333996471000751,409984,23137,ok,D:\thesis_final\results\attacks\attack_8class_cw_0.npz,39-feature RobustScaler-transformed model space (data/processed/scaler.pkl); no additional feature scaling
DDoS,CW,wasserstein_per_feature,21,IRC,0.011207405280853858,409984,23137,ok,D:\thesis_final\results\attacks\attack_8class_cw_0.npz,39-feature RobustScaler-transformed model space (data/processed/scaler.pkl); no additional feature scaling
DDoS,CW,wasserstein_per_feature,22,TCP,0.05749323613157681,409984,23137,ok,D:\thesis_final\results\attacks\attack_8class_cw_0.npz,39-feature RobustScaler-transformed model space (data/processed/scaler.pkl); no additional feature scaling
DDoS,CW,wasserstein_per_feature,23,UDP,0.12409788402504336,409984,23137,ok,D:\thesis_final\results\attacks\attack_8class_cw_0.npz,39-feature RobustScaler-transformed model space (data/processed/scaler.pkl); no additional feature scaling
DDoS,CW,wasserstein_per_feature,24,DHCP,0.008952894830814927,409984,23137,ok,D:\thesis_final\results\attacks\attack_8class_cw_0.npz,39-feature RobustScaler-transformed model space (data/processed/scaler.pkl); no additional feature scaling
DDoS,CW,wasserstein_per_feature,25,ARP,0.032974515468289445,409984,23137,ok,D:\thesis_final\results\attacks\attack_8class_cw_0.npz,39-feature RobustScaler-transformed model space (data/processed/scaler.pkl); no additional feature scaling
DDoS,CW,wasserstein_per_feature,26,ICMP,0.13234128801091383,409984,23137,ok,D:\thesis_final\results\attacks\attack_8class_cw_0.npz,39-feature RobustScaler-transformed model space (data/processed/scaler.pkl); no additional feature scaling
DDoS,CW,wasserstein_per_feature,27,IGMP,0.008380640265316656,409984,23137,ok,D:\thesis_final\results\attacks\attack_8class_cw_0.npz,39-feature RobustScaler-transformed model space (data/processed/scaler.pkl); no additional feature scaling
DDoS,CW,wasserstein_per_feature,28,IPv,0.05635421617665088,409984,23137,ok,D:\thesis_final\results\attacks\attack_8class_cw_0.npz,39-feature RobustScaler-transformed model space (data/processed/scaler.pkl); no additional feature scaling
DDoS,CW,wasserstein_per_feature,29,LLC,0.05250608763348742,409984,23137,ok,D:\thesis_final\results\attacks\attack_8class_cw_0.npz,39-feature RobustScaler-transformed model space (data/processed/scaler.pkl); no additional feature scaling
DDoS,CW,wasserstein_per_feature,30,Tot sum,0.11241911833816459,409984,23137,ok,D:\thesis_final\results\attacks\attack_8class_cw_0.npz,39-feature RobustScaler-transformed model space (data/processed/scaler.pkl); no additional feature scaling
DDoS,CW,wasserstein_per_feature,31,Min,0.048619049498811795,409984,23137,ok,D:\thesis_final\results\attacks\attack_8class_cw_0.npz,39-feature RobustScaler-transformed model space (data/processed/scaler.pkl); no additional feature scaling
DDoS,CW,wasserstein_per_feature,32,Max,0.05431641847097471,409984,23137,ok,D:\thesis_final\results\attacks\attack_8class_cw_0.npz,39-feature RobustScaler-transformed model space (data/processed/scaler.pkl); no additional feature scaling
DDoS,CW,wasserstein_per_feature,33,AVG,0.045160685061870036,409984,23137,ok,D:\thesis_final\results\attacks\attack_8class_cw_0.npz,39-feature RobustScaler-transformed model space (data/processed/scaler.pkl); no additional feature scaling
DDoS,CW,wasserstein_per_feature,34,Std,0.03450646288815418,409984,23137,ok,D:\thesis_final\results\attacks\attack_8class_cw_0.npz,39-feature RobustScaler-transformed model space (data/processed/scaler.pkl); no additional feature scaling
DDoS,CW,wasserstein_per_feature,35,Tot size,0.03782993266684225,409984,23137,ok,D:\thesis_final\results\attacks\attack_8class_cw_0.npz,39-feature RobustScaler-transformed model space (data/processed/scaler.pkl); no additional feature scaling
DDoS,CW,wasserstein_per_feature,36,IAT,0.028074199898282075,409984,23137,ok,D:\thesis_final\results\attacks\attack_8class_cw_0.npz,39-feature RobustScaler-transformed model space (data/processed/scaler.pkl); no additional feature scaling
DDoS,CW,wasserstein_per_feature,37,Number,0.11920731111366226,409984,23137,ok,D:\thesis_final\results\attacks\attack_8class_cw_0.npz,39-feature RobustScaler-transformed model space (data/processed/scaler.pkl); no additional feature scaling
DDoS,CW,wasserstein_per_feature,38,Variance,0.06064390687583954,409984,23137,ok,D:\thesis_final\results\attacks\attack_8class_cw_0.npz,39-feature RobustScaler-transformed model space (data/processed/scaler.pkl); no additional feature scaling
DDoS,Latent-PGD,wasserstein_per_feature,0,Header_Length,0.1508016236427433,409984,100,ok,D:\thesis_final\outputs\latent_attacks\phase2_20260602_023945_seed42\phase2_latent_pgd_DDoS.npz,39-feature RobustScaler-transformed model space (data/processed/scaler.pkl); no additional feature scaling
DDoS,Latent-PGD,wasserstein_per_feature,1,Protocol Type,0.03738689617509415,409984,100,ok,D:\thesis_final\outputs\latent_attacks\phase2_20260602_023945_seed42\phase2_latent_pgd_DDoS.npz,39-feature RobustScaler-transformed model space (data/processed/scaler.pkl); no additional feature scaling
DDoS,Latent-PGD,wasserstein_per_feature,2,Time_To_Live,0.33479771619249205,409984,100,ok,D:\thesis_final\outputs\latent_attacks\phase2_20260602_023945_seed42\phase2_latent_pgd_DDoS.npz,39-feature RobustScaler-transformed model space (data/processed/scaler.pkl); no additional feature scaling
DDoS,Latent-PGD,wasserstein_per_feature,3,Rate,0.45731543387857343,409984,100,ok,D:\thesis_final\outputs\latent_attacks\phase2_20260602_023945_seed42\phase2_latent_pgd_DDoS.npz,39-feature RobustScaler-transformed model space (data/processed/scaler.pkl); no additional feature scaling
DDoS,Latent-PGD,wasserstein_per_feature,4,fin_flag_number,0.032413264907898864,409984,100,ok,D:\thesis_final\outputs\latent_attacks\phase2_20260602_023945_seed42\phase2_latent_pgd_DDoS.npz,39-feature RobustScaler-transformed model space (data/processed/scaler.pkl); no additional feature scaling
DDoS,Latent-PGD,wasserstein_per_feature,5,syn_flag_number,0.003226467374336517,409984,100,ok,D:\thesis_final\outputs\latent_attacks\phase2_20260602_023945_seed42\phase2_latent_pgd_DDoS.npz,39-feature RobustScaler-transformed model space (data/processed/scaler.pkl); no additional feature scaling
DDoS,Latent-PGD,wasserstein_per_feature,6,rst_flag_number,0.04823993131439275,409984,100,ok,D:\thesis_final\outputs\latent_attacks\phase2_20260602_023945_seed42\phase2_latent_pgd_DDoS.npz,39-feature RobustScaler-transformed model space (data/processed/scaler.pkl); no additional feature scaling
DDoS,Latent-PGD,wasserstein_per_feature,7,psh_flag_number,0.06284986731189512,409984,100,ok,D:\thesis_final\outputs\latent_attacks\phase2_20260602_023945_seed42\phase2_latent_pgd_DDoS.npz,39-feature RobustScaler-transformed model space (data/processed/scaler.pkl); no additional feature scaling
DDoS,Latent-PGD,wasserstein_per_feature,8,ack_flag_number,0.05832900796128626,409984,100,ok,D:\thesis_final\outputs\latent_attacks\phase2_20260602_023945_seed42\phase2_latent_pgd_DDoS.npz,39-feature RobustScaler-transformed model space (data/processed/scaler.pkl); no additional feature scaling
DDoS,Latent-PGD,wasserstein_per_feature,9,ece_flag_number,0.0,409984,100,ok,D:\thesis_final\outputs\latent_attacks\phase2_20260602_023945_seed42\phase2_latent_pgd_DDoS.npz,39-feature RobustScaler-transformed model space (data/processed/scaler.pkl); no additional feature scaling
DDoS,Latent-PGD,wasserstein_per_feature,10,cwr_flag_number,0.0,409984,100,ok,D:\thesis_final\outputs\latent_attacks\phase2_20260602_023945_seed42\phase2_latent_pgd_DDoS.npz,39-feature RobustScaler-transformed model space (data/processed/scaler.pkl); no additional feature scaling
DDoS,Latent-PGD,wasserstein_per_feature,11,ack_count,0.6564688889972379,409984,100,ok,D:\thesis_final\outputs\latent_attacks\phase2_20260602_023945_seed42\phase2_latent_pgd_DDoS.npz,39-feature RobustScaler-transformed model space (data/processed/scaler.pkl); no additional feature scaling
DDoS,Latent-PGD,wasserstein_per_feature,12,syn_count,0.5617787374504852,409984,100,ok,D:\thesis_final\outputs\latent_attacks\phase2_20260602_023945_seed42\phase2_latent_pgd_DDoS.npz,39-feature RobustScaler-transformed model space (data/processed/scaler.pkl); no additional feature scaling
DDoS,Latent-PGD,wasserstein_per_feature,13,fin_count,3.2450533647297926,409984,100,ok,D:\thesis_final\outputs\latent_attacks\phase2_20260602_023945_seed42\phase2_latent_pgd_DDoS.npz,39-feature RobustScaler-transformed model space (data/processed/scaler.pkl); no additional feature scaling
DDoS,Latent-PGD,wasserstein_per_feature,14,rst_count,5.596520096957591,409984,100,ok,D:\thesis_final\outputs\latent_attacks\phase2_20260602_023945_seed42\phase2_latent_pgd_DDoS.npz,39-feature RobustScaler-transformed model space (data/processed/scaler.pkl); no additional feature scaling
DDoS,Latent-PGD,wasserstein_per_feature,15,HTTP,0.0096437909772088,409984,100,ok,D:\thesis_final\outputs\latent_attacks\phase2_20260602_023945_seed42\phase2_latent_pgd_DDoS.npz,39-feature RobustScaler-transformed model space (data/processed/scaler.pkl); no additional feature scaling
DDoS,Latent-PGD,wasserstein_per_feature,16,HTTPS,0.015449871214486488,409984,100,ok,D:\thesis_final\outputs\latent_attacks\phase2_20260602_023945_seed42\phase2_latent_pgd_DDoS.npz,39-feature RobustScaler-transformed model space (data/processed/scaler.pkl); no additional feature scaling
DDoS,Latent-PGD,wasserstein_per_feature,17,DNS,7.317358726166567e-06,409984,100,ok,D:\thesis_final\outputs\latent_attacks\phase2_20260602_023945_seed42\phase2_latent_pgd_DDoS.npz,39-feature RobustScaler-transformed model space (data/processed/scaler.pkl); no additional feature scaling
DDoS,Latent-PGD,wasserstein_per_feature,18,Telnet,0.0,409984,100,ok,D:\thesis_final\outputs\latent_attacks\phase2_20260602_023945_seed42\phase2_latent_pgd_DDoS.npz,39-feature RobustScaler-transformed model space (data/processed/scaler.pkl); no additional feature scaling
DDoS,Latent-PGD,wasserstein_per_feature,19,SMTP,0.0,409984,100,ok,D:\thesis_final\outputs\latent_attacks\phase2_20260602_023945_seed42\phase2_latent_pgd_DDoS.npz,39-feature RobustScaler-transformed model space (data/processed/scaler.pkl); no additional feature scaling
DDoS,Latent-PGD,wasserstein_per_feature,20,SSH,0.0,409984,100,ok,D:\thesis_final\outputs\latent_attacks\phase2_20260602_023945_seed42\phase2_latent_pgd_DDoS.npz,39-feature RobustScaler-transformed model space (data/processed/scaler.pkl); no additional feature scaling
DDoS,Latent-PGD,wasserstein_per_feature,21,IRC,0.0,409984,100,ok,D:\thesis_final\outputs\latent_attacks\phase2_20260602_023945_seed42\phase2_latent_pgd_DDoS.npz,39-feature RobustScaler-transformed model space (data/processed/scaler.pkl); no additional feature scaling
DDoS,Latent-PGD,wasserstein_per_feature,22,TCP,0.01991550889790822,409984,100,ok,D:\thesis_final\outputs\latent_attacks\phase2_20260602_023945_seed42\phase2_latent_pgd_DDoS.npz,39-feature RobustScaler-transformed model space (data/processed/scaler.pkl); no additional feature scaling
DDoS,Latent-PGD,wasserstein_per_feature,23,UDP,0.04041406493911959,409984,100,ok,D:\thesis_final\outputs\latent_attacks\phase2_20260602_023945_seed42\phase2_latent_pgd_DDoS.npz,39-feature RobustScaler-transformed model space (data/processed/scaler.pkl); no additional feature scaling
DDoS,Latent-PGD,wasserstein_per_feature,24,DHCP,0.0,409984,100,ok,D:\thesis_final\outputs\latent_attacks\phase2_20260602_023945_seed42\phase2_latent_pgd_DDoS.npz,39-feature RobustScaler-transformed model space (data/processed/scaler.pkl); no additional feature scaling
DDoS,Latent-PGD,wasserstein_per_feature,25,ARP,7.805182641273944e-05,409984,100,ok,D:\thesis_final\outputs\latent_attacks\phase2_20260602_023945_seed42\phase2_latent_pgd_DDoS.npz,39-feature RobustScaler-transformed model space (data/processed/scaler.pkl); no additional feature scaling
DDoS,Latent-PGD,wasserstein_per_feature,26,ICMP,0.027597369653449833,409984,100,ok,D:\thesis_final\outputs\latent_attacks\phase2_20260602_023945_seed42\phase2_latent_pgd_DDoS.npz,39-feature RobustScaler-transformed model space (data/processed/scaler.pkl); no additional feature scaling
DDoS,Latent-PGD,wasserstein_per_feature,27,IGMP,0.0,409984,100,ok,D:\thesis_final\outputs\latent_attacks\phase2_20260602_023945_seed42\phase2_latent_pgd_DDoS.npz,39-feature RobustScaler-transformed model space (data/processed/scaler.pkl); no additional feature scaling
DDoS,Latent-PGD,wasserstein_per_feature,28,IPv,8.536918513893225e-05,409984,100,ok,D:\thesis_final\outputs\latent_attacks\phase2_20260602_023945_seed42\phase2_latent_pgd_DDoS.npz,39-feature RobustScaler-transformed model space (data/processed/scaler.pkl); no additional feature scaling
DDoS,Latent-PGD,wasserstein_per_feature,29,LLC,8.536918513893225e-05,409984,100,ok,D:\thesis_final\outputs\latent_attacks\phase2_20260602_023945_seed42\phase2_latent_pgd_DDoS.npz,39-feature RobustScaler-transformed model space (data/processed/scaler.pkl); no additional feature scaling
DDoS,Latent-PGD,wasserstein_per_feature,30,Tot sum,0.26511362507552555,409984,100,ok,D:\thesis_final\outputs\latent_attacks\phase2_20260602_023945_seed42\phase2_latent_pgd_DDoS.npz,39-feature RobustScaler-transformed model space (data/processed/scaler.pkl); no additional feature scaling
DDoS,Latent-PGD,wasserstein_per_feature,31,Min,0.734674721314284,409984,100,ok,D:\thesis_final\outputs\latent_attacks\phase2_20260602_023945_seed42\phase2_latent_pgd_DDoS.npz,39-feature RobustScaler-transformed model space (data/processed/scaler.pkl); no additional feature scaling
DDoS,Latent-PGD,wasserstein_per_feature,32,Max,0.19569561567949337,409984,100,ok,D:\thesis_final\outputs\latent_attacks\phase2_20260602_023945_seed42\phase2_latent_pgd_DDoS.npz,39-feature RobustScaler-transformed model space (data/processed/scaler.pkl); no additional feature scaling
DDoS,Latent-PGD,wasserstein_per_feature,33,AVG,0.2463165426854327,409984,100,ok,D:\thesis_final\outputs\latent_attacks\phase2_20260602_023945_seed42\phase2_latent_pgd_DDoS.npz,39-feature RobustScaler-transformed model space (data/processed/scaler.pkl); no additional feature scaling
DDoS,Latent-PGD,wasserstein_per_feature,34,Std,0.36013539698063085,409984,100,ok,D:\thesis_final\outputs\latent_attacks\phase2_20260602_023945_seed42\phase2_latent_pgd_DDoS.npz,39-feature RobustScaler-transformed model space (data/processed/scaler.pkl); no additional feature scaling
DDoS,Latent-PGD,wasserstein_per_feature,35,Tot size,0.2463165426854327,409984,100,ok,D:\thesis_final\outputs\latent_attacks\phase2_20260602_023945_seed42\phase2_latent_pgd_DDoS.npz,39-feature RobustScaler-transformed model space (data/processed/scaler.pkl); no additional feature scaling
DDoS,Latent-PGD,wasserstein_per_feature,36,IAT,0.10121022083797597,409984,100,ok,D:\thesis_final\outputs\latent_attacks\phase2_20260602_023945_seed42\phase2_latent_pgd_DDoS.npz,39-feature RobustScaler-transformed model space (data/processed/scaler.pkl); no additional feature scaling
DDoS,Latent-PGD,wasserstein_per_feature,37,Number,0.006304903070391786,409984,100,ok,D:\thesis_final\outputs\latent_attacks\phase2_20260602_023945_seed42\phase2_latent_pgd_DDoS.npz,39-feature RobustScaler-transformed model space (data/processed/scaler.pkl); no additional feature scaling
DDoS,Latent-PGD,wasserstein_per_feature,38,Variance,1.0022561095737383,409984,100,ok,D:\thesis_final\outputs\latent_attacks\phase2_20260602_023945_seed42\phase2_latent_pgd_DDoS.npz,39-feature RobustScaler-transformed model space (data/processed/scaler.pkl); no additional feature scaling
DDoS,Latent-CW,wasserstein_per_feature,0,Header_Length,0.24688385716961828,409984,100,ok,D:\thesis_final\outputs\latent_attacks\phase3_20260602_023958_seed42\phase3_latent_cw_DDoS.npz,39-feature RobustScaler-transformed model space (data/processed/scaler.pkl); no additional feature scaling
DDoS,Latent-CW,wasserstein_per_feature,1,Protocol Type,0.03738689617509415,409984,100,ok,D:\thesis_final\outputs\latent_attacks\phase3_20260602_023958_seed42\phase3_latent_cw_DDoS.npz,39-feature RobustScaler-transformed model space (data/processed/scaler.pkl); no additional feature scaling
DDoS,Latent-CW,wasserstein_per_feature,2,Time_To_Live,0.33479771619249205,409984,100,ok,D:\thesis_final\outputs\latent_attacks\phase3_20260602_023958_seed42\phase3_latent_cw_DDoS.npz,39-feature RobustScaler-transformed model space (data/processed/scaler.pkl); no additional feature scaling
DDoS,Latent-CW,wasserstein_per_feature,3,Rate,0.35646032546285655,409984,100,ok,D:\thesis_final\outputs\latent_attacks\phase3_20260602_023958_seed42\phase3_latent_cw_DDoS.npz,39-feature RobustScaler-transformed model space (data/processed/scaler.pkl); no additional feature scaling
DDoS,Latent-CW,wasserstein_per_feature,4,fin_flag_number,0.032413264907898864,409984,100,ok,D:\thesis_final\outputs\latent_attacks\phase3_20260602_023958_seed42\phase3_latent_cw_DDoS.npz,39-feature RobustScaler-transformed model space (data/processed/scaler.pkl); no additional feature scaling
DDoS,Latent-CW,wasserstein_per_feature,5,syn_flag_number,0.003226467374336517,409984,100,ok,D:\thesis_final\outputs\latent_attacks\phase3_20260602_023958_seed42\phase3_latent_cw_DDoS.npz,39-feature RobustScaler-transformed model space (data/processed/scaler.pkl); no additional feature scaling
DDoS,Latent-CW,wasserstein_per_feature,6,rst_flag_number,0.04823993131439275,409984,100,ok,D:\thesis_final\outputs\latent_attacks\phase3_20260602_023958_seed42\phase3_latent_cw_DDoS.npz,39-feature RobustScaler-transformed model space (data/processed/scaler.pkl); no additional feature scaling
DDoS,Latent-CW,wasserstein_per_feature,7,psh_flag_number,0.06284986731189512,409984,100,ok,D:\thesis_final\outputs\latent_attacks\phase3_20260602_023958_seed42\phase3_latent_cw_DDoS.npz,39-feature RobustScaler-transformed model space (data/processed/scaler.pkl); no additional feature scaling
DDoS,Latent-CW,wasserstein_per_feature,8,ack_flag_number,0.05832900796128626,409984,100,ok,D:\thesis_final\outputs\latent_attacks\phase3_20260602_023958_seed42\phase3_latent_cw_DDoS.npz,39-feature RobustScaler-transformed model space (data/processed/scaler.pkl); no additional feature scaling
DDoS,Latent-CW,wasserstein_per_feature,9,ece_flag_number,0.0,409984,100,ok,D:\thesis_final\outputs\latent_attacks\phase3_20260602_023958_seed42\phase3_latent_cw_DDoS.npz,39-feature RobustScaler-transformed model space (data/processed/scaler.pkl); no additional feature scaling
DDoS,Latent-CW,wasserstein_per_feature,10,cwr_flag_number,0.0,409984,100,ok,D:\thesis_final\outputs\latent_attacks\phase3_20260602_023958_seed42\phase3_latent_cw_DDoS.npz,39-feature RobustScaler-transformed model space (data/processed/scaler.pkl); no additional feature scaling
DDoS,Latent-CW,wasserstein_per_feature,11,ack_count,0.6689365405134369,409984,100,ok,D:\thesis_final\outputs\latent_attacks\phase3_20260602_023958_seed42\phase3_latent_cw_DDoS.npz,39-feature RobustScaler-transformed model space (data/processed/scaler.pkl); no additional feature scaling
DDoS,Latent-CW,wasserstein_per_feature,12,syn_count,0.5481793875941087,409984,100,ok,D:\thesis_final\outputs\latent_attacks\phase3_20260602_023958_seed42\phase3_latent_cw_DDoS.npz,39-feature RobustScaler-transformed model space (data/processed/scaler.pkl); no additional feature scaling
DDoS,Latent-CW,wasserstein_per_feature,13,fin_count,3.2430622731896817,409984,100,ok,D:\thesis_final\outputs\latent_attacks\phase3_20260602_023958_seed42\phase3_latent_cw_DDoS.npz,39-feature RobustScaler-transformed model space (data/processed/scaler.pkl); no additional feature scaling
DDoS,Latent-CW,wasserstein_per_feature,14,rst_count,5.595871950245038,409984,100,ok,D:\thesis_final\outputs\latent_attacks\phase3_20260602_023958_seed42\phase3_latent_cw_DDoS.npz,39-feature RobustScaler-transformed model space (data/processed/scaler.pkl); no additional feature scaling
DDoS,Latent-CW,wasserstein_per_feature,15,HTTP,0.0096437909772088,409984,100,ok,D:\thesis_final\outputs\latent_attacks\phase3_20260602_023958_seed42\phase3_latent_cw_DDoS.npz,39-feature RobustScaler-transformed model space (data/processed/scaler.pkl); no additional feature scaling
DDoS,Latent-CW,wasserstein_per_feature,16,HTTPS,0.015449871214486488,409984,100,ok,D:\thesis_final\outputs\latent_attacks\phase3_20260602_023958_seed42\phase3_latent_cw_DDoS.npz,39-feature RobustScaler-transformed model space (data/processed/scaler.pkl); no additional feature scaling
DDoS,Latent-CW,wasserstein_per_feature,17,DNS,7.317358726166567e-06,409984,100,ok,D:\thesis_final\outputs\latent_attacks\phase3_20260602_023958_seed42\phase3_latent_cw_DDoS.npz,39-feature RobustScaler-transformed model space (data/processed/scaler.pkl); no additional feature scaling
DDoS,Latent-CW,wasserstein_per_feature,18,Telnet,0.0,409984,100,ok,D:\thesis_final\outputs\latent_attacks\phase3_20260602_023958_seed42\phase3_latent_cw_DDoS.npz,39-feature RobustScaler-transformed model space (data/processed/scaler.pkl); no additional feature scaling
DDoS,Latent-CW,wasserstein_per_feature,19,SMTP,0.0,409984,100,ok,D:\thesis_final\outputs\latent_attacks\phase3_20260602_023958_seed42\phase3_latent_cw_DDoS.npz,39-feature RobustScaler-transformed model space (data/processed/scaler.pkl); no additional feature scaling
DDoS,Latent-CW,wasserstein_per_feature,20,SSH,0.0,409984,100,ok,D:\thesis_final\outputs\latent_attacks\phase3_20260602_023958_seed42\phase3_latent_cw_DDoS.npz,39-feature RobustScaler-transformed model space (data/processed/scaler.pkl); no additional feature scaling
DDoS,Latent-CW,wasserstein_per_feature,21,IRC,0.0,409984,100,ok,D:\thesis_final\outputs\latent_attacks\phase3_20260602_023958_seed42\phase3_latent_cw_DDoS.npz,39-feature RobustScaler-transformed model space (data/processed/scaler.pkl); no additional feature scaling
DDoS,Latent-CW,wasserstein_per_feature,22,TCP,0.01991550889790822,409984,100,ok,D:\thesis_final\outputs\latent_attacks\phase3_20260602_023958_seed42\phase3_latent_cw_DDoS.npz,39-feature RobustScaler-transformed model space (data/processed/scaler.pkl); no additional feature scaling
DDoS,Latent-CW,wasserstein_per_feature,23,UDP,0.04041406493911959,409984,100,ok,D:\thesis_final\outputs\latent_attacks\phase3_20260602_023958_seed42\phase3_latent_cw_DDoS.npz,39-feature RobustScaler-transformed model space (data/processed/scaler.pkl); no additional feature scaling
DDoS,Latent-CW,wasserstein_per_feature,24,DHCP,0.0,409984,100,ok,D:\thesis_final\outputs\latent_attacks\phase3_20260602_023958_seed42\phase3_latent_cw_DDoS.npz,39-feature RobustScaler-transformed model space (data/processed/scaler.pkl); no additional feature scaling
DDoS,Latent-CW,wasserstein_per_feature,25,ARP,7.805182641273944e-05,409984,100,ok,D:\thesis_final\outputs\latent_attacks\phase3_20260602_023958_seed42\phase3_latent_cw_DDoS.npz,39-feature RobustScaler-transformed model space (data/processed/scaler.pkl); no additional feature scaling
DDoS,Latent-CW,wasserstein_per_feature,26,ICMP,0.027597369653449833,409984,100,ok,D:\thesis_final\outputs\latent_attacks\phase3_20260602_023958_seed42\phase3_latent_cw_DDoS.npz,39-feature RobustScaler-transformed model space (data/processed/scaler.pkl); no additional feature scaling
DDoS,Latent-CW,wasserstein_per_feature,27,IGMP,0.0,409984,100,ok,D:\thesis_final\outputs\latent_attacks\phase3_20260602_023958_seed42\phase3_latent_cw_DDoS.npz,39-feature RobustScaler-transformed model space (data/processed/scaler.pkl); no additional feature scaling
DDoS,Latent-CW,wasserstein_per_feature,28,IPv,8.536918513893225e-05,409984,100,ok,D:\thesis_final\outputs\latent_attacks\phase3_20260602_023958_seed42\phase3_latent_cw_DDoS.npz,39-feature RobustScaler-transformed model space (data/processed/scaler.pkl); no additional feature scaling
DDoS,Latent-CW,wasserstein_per_feature,29,LLC,8.536918513893225e-05,409984,100,ok,D:\thesis_final\outputs\latent_attacks\phase3_20260602_023958_seed42\phase3_latent_cw_DDoS.npz,39-feature RobustScaler-transformed model space (data/processed/scaler.pkl); no additional feature scaling
DDoS,Latent-CW,wasserstein_per_feature,30,Tot sum,0.3626547036810949,409984,100,ok,D:\thesis_final\outputs\latent_attacks\phase3_20260602_023958_seed42\phase3_latent_cw_DDoS.npz,39-feature RobustScaler-transformed model space (data/processed/scaler.pkl); no additional feature scaling
DDoS,Latent-CW,wasserstein_per_feature,31,Min,2.074237589254195,409984,100,ok,D:\thesis_final\outputs\latent_attacks\phase3_20260602_023958_seed42\phase3_latent_cw_DDoS.npz,39-feature RobustScaler-transformed model space (data/processed/scaler.pkl); no additional feature scaling
DDoS,Latent-CW,wasserstein_per_feature,32,Max,0.24215083683617697,409984,100,ok,D:\thesis_final\outputs\latent_attacks\phase3_20260602_023958_seed42\phase3_latent_cw_DDoS.npz,39-feature RobustScaler-transformed model space (data/processed/scaler.pkl); no additional feature scaling
DDoS,Latent-CW,wasserstein_per_feature,33,AVG,0.33752081149276847,409984,100,ok,D:\thesis_final\outputs\latent_attacks\phase3_20260602_023958_seed42\phase3_latent_cw_DDoS.npz,39-feature RobustScaler-transformed model space (data/processed/scaler.pkl); no additional feature scaling
DDoS,Latent-CW,wasserstein_per_feature,34,Std,0.4488309714787202,409984,100,ok,D:\thesis_final\outputs\latent_attacks\phase3_20260602_023958_seed42\phase3_latent_cw_DDoS.npz,39-feature RobustScaler-transformed model space (data/processed/scaler.pkl); no additional feature scaling
DDoS,Latent-CW,wasserstein_per_feature,35,Tot size,0.33752081149276847,409984,100,ok,D:\thesis_final\outputs\latent_attacks\phase3_20260602_023958_seed42\phase3_latent_cw_DDoS.npz,39-feature RobustScaler-transformed model space (data/processed/scaler.pkl); no additional feature scaling
DDoS,Latent-CW,wasserstein_per_feature,36,IAT,0.10121022083797597,409984,100,ok,D:\thesis_final\outputs\latent_attacks\phase3_20260602_023958_seed42\phase3_latent_cw_DDoS.npz,39-feature RobustScaler-transformed model space (data/processed/scaler.pkl); no additional feature scaling
DDoS,Latent-CW,wasserstein_per_feature,37,Number,0.005982492666444683,409984,100,ok,D:\thesis_final\outputs\latent_attacks\phase3_20260602_023958_seed42\phase3_latent_cw_DDoS.npz,39-feature RobustScaler-transformed model space (data/processed/scaler.pkl); no additional feature scaling
DDoS,Latent-CW,wasserstein_per_feature,38,Variance,1.151593202283054,409984,100,ok,D:\thesis_final\outputs\latent_attacks\phase3_20260602_023958_seed42\phase3_latent_cw_DDoS.npz,39-feature RobustScaler-transformed model space (data/processed/scaler.pkl); no additional feature scaling
DDoS,cInput CPGD,wasserstein_per_feature,0,Header_Length,N/A,N/A,N/A,# TODO: canonical cInput run has outcomes but no full 39-feature adversarial vectors; the eight-sample exhibit is not used,D:\thesis_final\outputs\latent_attacks\constrained_input_baselines_20260602_032651_seed42,39-feature RobustScaler-transformed model space (data/processed/scaler.pkl); no additional feature scaling
DDoS,cInput CPGD,wasserstein_per_feature,1,Protocol Type,N/A,N/A,N/A,# TODO: canonical cInput run has outcomes but no full 39-feature adversarial vectors; the eight-sample exhibit is not used,D:\thesis_final\outputs\latent_attacks\constrained_input_baselines_20260602_032651_seed42,39-feature RobustScaler-transformed model space (data/processed/scaler.pkl); no additional feature scaling
DDoS,cInput CPGD,wasserstein_per_feature,2,Time_To_Live,N/A,N/A,N/A,# TODO: canonical cInput run has outcomes but no full 39-feature adversarial vectors; the eight-sample exhibit is not used,D:\thesis_final\outputs\latent_attacks\constrained_input_baselines_20260602_032651_seed42,39-feature RobustScaler-transformed model space (data/processed/scaler.pkl); no additional feature scaling
DDoS,cInput CPGD,wasserstein_per_feature,3,Rate,N/A,N/A,N/A,# TODO: canonical cInput run has outcomes but no full 39-feature adversarial vectors; the eight-sample exhibit is not used,D:\thesis_final\outputs\latent_attacks\constrained_input_baselines_20260602_032651_seed42,39-feature RobustScaler-transformed model space (data/processed/scaler.pkl); no additional feature scaling
DDoS,cInput CPGD,wasserstein_per_feature,4,fin_flag_number,N/A,N/A,N/A,# TODO: canonical cInput run has outcomes but no full 39-feature adversarial vectors; the eight-sample exhibit is not used,D:\thesis_final\outputs\latent_attacks\constrained_input_baselines_20260602_032651_seed42,39-feature RobustScaler-transformed model space (data/processed/scaler.pkl); no additional feature scaling
DDoS,cInput CPGD,wasserstein_per_feature,5,syn_flag_number,N/A,N/A,N/A,# TODO: canonical cInput run has outcomes but no full 39-feature adversarial vectors; the eight-sample exhibit is not used,D:\thesis_final\outputs\latent_attacks\constrained_input_baselines_20260602_032651_seed42,39-feature RobustScaler-transformed model space (data/processed/scaler.pkl); no additional feature scaling
DDoS,cInput CPGD,wasserstein_per_feature,6,rst_flag_number,N/A,N/A,N/A,# TODO: canonical cInput run has outcomes but no full 39-feature adversarial vectors; the eight-sample exhibit is not used,D:\thesis_final\outputs\latent_attacks\constrained_input_baselines_20260602_032651_seed42,39-feature RobustScaler-transformed model space (data/processed/scaler.pkl); no additional feature scaling
DDoS,cInput CPGD,wasserstein_per_feature,7,psh_flag_number,N/A,N/A,N/A,# TODO: canonical cInput run has outcomes but no full 39-feature adversarial vectors; the eight-sample exhibit is not used,D:\thesis_final\outputs\latent_attacks\constrained_input_baselines_20260602_032651_seed42,39-feature RobustScaler-transformed model space (data/processed/scaler.pkl); no additional feature scaling
DDoS,cInput CPGD,wasserstein_per_feature,8,ack_flag_number,N/A,N/A,N/A,# TODO: canonical cInput run has outcomes but no full 39-feature adversarial vectors; the eight-sample exhibit is not used,D:\thesis_final\outputs\latent_attacks\constrained_input_baselines_20260602_032651_seed42,39-feature RobustScaler-transformed model space (data/processed/scaler.pkl); no additional feature scaling
DDoS,cInput CPGD,wasserstein_per_feature,9,ece_flag_number,N/A,N/A,N/A,# TODO: canonical cInput run has outcomes but no full 39-feature adversarial vectors; the eight-sample exhibit is not used,D:\thesis_final\outputs\latent_attacks\constrained_input_baselines_20260602_032651_seed42,39-feature RobustScaler-transformed model space (data/processed/scaler.pkl); no additional feature scaling
DDoS,cInput CPGD,wasserstein_per_feature,10,cwr_flag_number,N/A,N/A,N/A,# TODO: canonical cInput run has outcomes but no full 39-feature adversarial vectors; the eight-sample exhibit is not used,D:\thesis_final\outputs\latent_attacks\constrained_input_baselines_20260602_032651_seed42,39-feature RobustScaler-transformed model space (data/processed/scaler.pkl); no additional feature scaling
DDoS,cInput CPGD,wasserstein_per_feature,11,ack_count,N/A,N/A,N/A,# TODO: canonical cInput run has outcomes but no full 39-feature adversarial vectors; the eight-sample exhibit is not used,D:\thesis_final\outputs\latent_attacks\constrained_input_baselines_20260602_032651_seed42,39-feature RobustScaler-transformed model space (data/processed/scaler.pkl); no additional feature scaling
DDoS,cInput CPGD,wasserstein_per_feature,12,syn_count,N/A,N/A,N/A,# TODO: canonical cInput run has outcomes but no full 39-feature adversarial vectors; the eight-sample exhibit is not used,D:\thesis_final\outputs\latent_attacks\constrained_input_baselines_20260602_032651_seed42,39-feature RobustScaler-transformed model space (data/processed/scaler.pkl); no additional feature scaling
DDoS,cInput CPGD,wasserstein_per_feature,13,fin_count,N/A,N/A,N/A,# TODO: canonical cInput run has outcomes but no full 39-feature adversarial vectors; the eight-sample exhibit is not used,D:\thesis_final\outputs\latent_attacks\constrained_input_baselines_20260602_032651_seed42,39-feature RobustScaler-transformed model space (data/processed/scaler.pkl); no additional feature scaling
DDoS,cInput CPGD,wasserstein_per_feature,14,rst_count,N/A,N/A,N/A,# TODO: canonical cInput run has outcomes but no full 39-feature adversarial vectors; the eight-sample exhibit is not used,D:\thesis_final\outputs\latent_attacks\constrained_input_baselines_20260602_032651_seed42,39-feature RobustScaler-transformed model space (data/processed/scaler.pkl); no additional feature scaling
DDoS,cInput CPGD,wasserstein_per_feature,15,HTTP,N/A,N/A,N/A,# TODO: canonical cInput run has outcomes but no full 39-feature adversarial vectors; the eight-sample exhibit is not used,D:\thesis_final\outputs\latent_attacks\constrained_input_baselines_20260602_032651_seed42,39-feature RobustScaler-transformed model space (data/processed/scaler.pkl); no additional feature scaling
DDoS,cInput CPGD,wasserstein_per_feature,16,HTTPS,N/A,N/A,N/A,# TODO: canonical cInput run has outcomes but no full 39-feature adversarial vectors; the eight-sample exhibit is not used,D:\thesis_final\outputs\latent_attacks\constrained_input_baselines_20260602_032651_seed42,39-feature RobustScaler-transformed model space (data/processed/scaler.pkl); no additional feature scaling
DDoS,cInput CPGD,wasserstein_per_feature,17,DNS,N/A,N/A,N/A,# TODO: canonical cInput run has outcomes but no full 39-feature adversarial vectors; the eight-sample exhibit is not used,D:\thesis_final\outputs\latent_attacks\constrained_input_baselines_20260602_032651_seed42,39-feature RobustScaler-transformed model space (data/processed/scaler.pkl); no additional feature scaling
DDoS,cInput CPGD,wasserstein_per_feature,18,Telnet,N/A,N/A,N/A,# TODO: canonical cInput run has outcomes but no full 39-feature adversarial vectors; the eight-sample exhibit is not used,D:\thesis_final\outputs\latent_attacks\constrained_input_baselines_20260602_032651_seed42,39-feature RobustScaler-transformed model space (data/processed/scaler.pkl); no additional feature scaling
DDoS,cInput CPGD,wasserstein_per_feature,19,SMTP,N/A,N/A,N/A,# TODO: canonical cInput run has outcomes but no full 39-feature adversarial vectors; the eight-sample exhibit is not used,D:\thesis_final\outputs\latent_attacks\constrained_input_baselines_20260602_032651_seed42,39-feature RobustScaler-transformed model space (data/processed/scaler.pkl); no additional feature scaling
DDoS,cInput CPGD,wasserstein_per_feature,20,SSH,N/A,N/A,N/A,# TODO: canonical cInput run has outcomes but no full 39-feature adversarial vectors; the eight-sample exhibit is not used,D:\thesis_final\outputs\latent_attacks\constrained_input_baselines_20260602_032651_seed42,39-feature RobustScaler-transformed model space (data/processed/scaler.pkl); no additional feature scaling
DDoS,cInput CPGD,wasserstein_per_feature,21,IRC,N/A,N/A,N/A,# TODO: canonical cInput run has outcomes but no full 39-feature adversarial vectors; the eight-sample exhibit is not used,D:\thesis_final\outputs\latent_attacks\constrained_input_baselines_20260602_032651_seed42,39-feature RobustScaler-transformed model space (data/processed/scaler.pkl); no additional feature scaling
DDoS,cInput CPGD,wasserstein_per_feature,22,TCP,N/A,N/A,N/A,# TODO: canonical cInput run has outcomes but no full 39-feature adversarial vectors; the eight-sample exhibit is not used,D:\thesis_final\outputs\latent_attacks\constrained_input_baselines_20260602_032651_seed42,39-feature RobustScaler-transformed model space (data/processed/scaler.pkl); no additional feature scaling
DDoS,cInput CPGD,wasserstein_per_feature,23,UDP,N/A,N/A,N/A,# TODO: canonical cInput run has outcomes but no full 39-feature adversarial vectors; the eight-sample exhibit is not used,D:\thesis_final\outputs\latent_attacks\constrained_input_baselines_20260602_032651_seed42,39-feature RobustScaler-transformed model space (data/processed/scaler.pkl); no additional feature scaling
DDoS,cInput CPGD,wasserstein_per_feature,24,DHCP,N/A,N/A,N/A,# TODO: canonical cInput run has outcomes but no full 39-feature adversarial vectors; the eight-sample exhibit is not used,D:\thesis_final\outputs\latent_attacks\constrained_input_baselines_20260602_032651_seed42,39-feature RobustScaler-transformed model space (data/processed/scaler.pkl); no additional feature scaling
DDoS,cInput CPGD,wasserstein_per_feature,25,ARP,N/A,N/A,N/A,# TODO: canonical cInput run has outcomes but no full 39-feature adversarial vectors; the eight-sample exhibit is not used,D:\thesis_final\outputs\latent_attacks\constrained_input_baselines_20260602_032651_seed42,39-feature RobustScaler-transformed model space (data/processed/scaler.pkl); no additional feature scaling
DDoS,cInput CPGD,wasserstein_per_feature,26,ICMP,N/A,N/A,N/A,# TODO: canonical cInput run has outcomes but no full 39-feature adversarial vectors; the eight-sample exhibit is not used,D:\thesis_final\outputs\latent_attacks\constrained_input_baselines_20260602_032651_seed42,39-feature RobustScaler-transformed model space (data/processed/scaler.pkl); no additional feature scaling
DDoS,cInput CPGD,wasserstein_per_feature,27,IGMP,N/A,N/A,N/A,# TODO: canonical cInput run has outcomes but no full 39-feature adversarial vectors; the eight-sample exhibit is not used,D:\thesis_final\outputs\latent_attacks\constrained_input_baselines_20260602_032651_seed42,39-feature RobustScaler-transformed model space (data/processed/scaler.pkl); no additional feature scaling
DDoS,cInput CPGD,wasserstein_per_feature,28,IPv,N/A,N/A,N/A,# TODO: canonical cInput run has outcomes but no full 39-feature adversarial vectors; the eight-sample exhibit is not used,D:\thesis_final\outputs\latent_attacks\constrained_input_baselines_20260602_032651_seed42,39-feature RobustScaler-transformed model space (data/processed/scaler.pkl); no additional feature scaling
DDoS,cInput CPGD,wasserstein_per_feature,29,LLC,N/A,N/A,N/A,# TODO: canonical cInput run has outcomes but no full 39-feature adversarial vectors; the eight-sample exhibit is not used,D:\thesis_final\outputs\latent_attacks\constrained_input_baselines_20260602_032651_seed42,39-feature RobustScaler-transformed model space (data/processed/scaler.pkl); no additional feature scaling
DDoS,cInput CPGD,wasserstein_per_feature,30,Tot sum,N/A,N/A,N/A,# TODO: canonical cInput run has outcomes but no full 39-feature adversarial vectors; the eight-sample exhibit is not used,D:\thesis_final\outputs\latent_attacks\constrained_input_baselines_20260602_032651_seed42,39-feature RobustScaler-transformed model space (data/processed/scaler.pkl); no additional feature scaling
DDoS,cInput CPGD,wasserstein_per_feature,31,Min,N/A,N/A,N/A,# TODO: canonical cInput run has outcomes but no full 39-feature adversarial vectors; the eight-sample exhibit is not used,D:\thesis_final\outputs\latent_attacks\constrained_input_baselines_20260602_032651_seed42,39-feature RobustScaler-transformed model space (data/processed/scaler.pkl); no additional feature scaling
DDoS,cInput CPGD,wasserstein_per_feature,32,Max,N/A,N/A,N/A,# TODO: canonical cInput run has outcomes but no full 39-feature adversarial vectors; the eight-sample exhibit is not used,D:\thesis_final\outputs\latent_attacks\constrained_input_baselines_20260602_032651_seed42,39-feature RobustScaler-transformed model space (data/processed/scaler.pkl); no additional feature scaling
DDoS,cInput CPGD,wasserstein_per_feature,33,AVG,N/A,N/A,N/A,# TODO: canonical cInput run has outcomes but no full 39-feature adversarial vectors; the eight-sample exhibit is not used,D:\thesis_final\outputs\latent_attacks\constrained_input_baselines_20260602_032651_seed42,39-feature RobustScaler-transformed model space (data/processed/scaler.pkl); no additional feature scaling
DDoS,cInput CPGD,wasserstein_per_feature,34,Std,N/A,N/A,N/A,# TODO: canonical cInput run has outcomes but no full 39-feature adversarial vectors; the eight-sample exhibit is not used,D:\thesis_final\outputs\latent_attacks\constrained_input_baselines_20260602_032651_seed42,39-feature RobustScaler-transformed model space (data/processed/scaler.pkl); no additional feature scaling
DDoS,cInput CPGD,wasserstein_per_feature,35,Tot size,N/A,N/A,N/A,# TODO: canonical cInput run has outcomes but no full 39-feature adversarial vectors; the eight-sample exhibit is not used,D:\thesis_final\outputs\latent_attacks\constrained_input_baselines_20260602_032651_seed42,39-feature RobustScaler-transformed model space (data/processed/scaler.pkl); no additional feature scaling
DDoS,cInput CPGD,wasserstein_per_feature,36,IAT,N/A,N/A,N/A,# TODO: canonical cInput run has outcomes but no full 39-feature adversarial vectors; the eight-sample exhibit is not used,D:\thesis_final\outputs\latent_attacks\constrained_input_baselines_20260602_032651_seed42,39-feature RobustScaler-transformed model space (data/processed/scaler.pkl); no additional feature scaling
DDoS,cInput CPGD,wasserstein_per_feature,37,Number,N/A,N/A,N/A,# TODO: canonical cInput run has outcomes but no full 39-feature adversarial vectors; the eight-sample exhibit is not used,D:\thesis_final\outputs\latent_attacks\constrained_input_baselines_20260602_032651_seed42,39-feature RobustScaler-transformed model space (data/processed/scaler.pkl); no additional feature scaling
DDoS,cInput CPGD,wasserstein_per_feature,38,Variance,N/A,N/A,N/A,# TODO: canonical cInput run has outcomes but no full 39-feature adversarial vectors; the eight-sample exhibit is not used,D:\thesis_final\outputs\latent_attacks\constrained_input_baselines_20260602_032651_seed42,39-feature RobustScaler-transformed model space (data/processed/scaler.pkl); no additional feature scaling
DDoS,cInput CCW,wasserstein_per_feature,0,Header_Length,N/A,N/A,N/A,# TODO: canonical cInput run has outcomes but no full 39-feature adversarial vectors; the eight-sample exhibit is not used,D:\thesis_final\outputs\latent_attacks\constrained_input_baselines_20260602_032651_seed42,39-feature RobustScaler-transformed model space (data/processed/scaler.pkl); no additional feature scaling
DDoS,cInput CCW,wasserstein_per_feature,1,Protocol Type,N/A,N/A,N/A,# TODO: canonical cInput run has outcomes but no full 39-feature adversarial vectors; the eight-sample exhibit is not used,D:\thesis_final\outputs\latent_attacks\constrained_input_baselines_20260602_032651_seed42,39-feature RobustScaler-transformed model space (data/processed/scaler.pkl); no additional feature scaling
DDoS,cInput CCW,wasserstein_per_feature,2,Time_To_Live,N/A,N/A,N/A,# TODO: canonical cInput run has outcomes but no full 39-feature adversarial vectors; the eight-sample exhibit is not used,D:\thesis_final\outputs\latent_attacks\constrained_input_baselines_20260602_032651_seed42,39-feature RobustScaler-transformed model space (data/processed/scaler.pkl); no additional feature scaling
DDoS,cInput CCW,wasserstein_per_feature,3,Rate,N/A,N/A,N/A,# TODO: canonical cInput run has outcomes but no full 39-feature adversarial vectors; the eight-sample exhibit is not used,D:\thesis_final\outputs\latent_attacks\constrained_input_baselines_20260602_032651_seed42,39-feature RobustScaler-transformed model space (data/processed/scaler.pkl); no additional feature scaling
DDoS,cInput CCW,wasserstein_per_feature,4,fin_flag_number,N/A,N/A,N/A,# TODO: canonical cInput run has outcomes but no full 39-feature adversarial vectors; the eight-sample exhibit is not used,D:\thesis_final\outputs\latent_attacks\constrained_input_baselines_20260602_032651_seed42,39-feature RobustScaler-transformed model space (data/processed/scaler.pkl); no additional feature scaling
DDoS,cInput CCW,wasserstein_per_feature,5,syn_flag_number,N/A,N/A,N/A,# TODO: canonical cInput run has outcomes but no full 39-feature adversarial vectors; the eight-sample exhibit is not used,D:\thesis_final\outputs\latent_attacks\constrained_input_baselines_20260602_032651_seed42,39-feature RobustScaler-transformed model space (data/processed/scaler.pkl); no additional feature scaling
DDoS,cInput CCW,wasserstein_per_feature,6,rst_flag_number,N/A,N/A,N/A,# TODO: canonical cInput run has outcomes but no full 39-feature adversarial vectors; the eight-sample exhibit is not used,D:\thesis_final\outputs\latent_attacks\constrained_input_baselines_20260602_032651_seed42,39-feature RobustScaler-transformed model space (data/processed/scaler.pkl); no additional feature scaling
DDoS,cInput CCW,wasserstein_per_feature,7,psh_flag_number,N/A,N/A,N/A,# TODO: canonical cInput run has outcomes but no full 39-feature adversarial vectors; the eight-sample exhibit is not used,D:\thesis_final\outputs\latent_attacks\constrained_input_baselines_20260602_032651_seed42,39-feature RobustScaler-transformed model space (data/processed/scaler.pkl); no additional feature scaling
DDoS,cInput CCW,wasserstein_per_feature,8,ack_flag_number,N/A,N/A,N/A,# TODO: canonical cInput run has outcomes but no full 39-feature adversarial vectors; the eight-sample exhibit is not used,D:\thesis_final\outputs\latent_attacks\constrained_input_baselines_20260602_032651_seed42,39-feature RobustScaler-transformed model space (data/processed/scaler.pkl); no additional feature scaling
DDoS,cInput CCW,wasserstein_per_feature,9,ece_flag_number,N/A,N/A,N/A,# TODO: canonical cInput run has outcomes but no full 39-feature adversarial vectors; the eight-sample exhibit is not used,D:\thesis_final\outputs\latent_attacks\constrained_input_baselines_20260602_032651_seed42,39-feature RobustScaler-transformed model space (data/processed/scaler.pkl); no additional feature scaling
DDoS,cInput CCW,wasserstein_per_feature,10,cwr_flag_number,N/A,N/A,N/A,# TODO: canonical cInput run has outcomes but no full 39-feature adversarial vectors; the eight-sample exhibit is not used,D:\thesis_final\outputs\latent_attacks\constrained_input_baselines_20260602_032651_seed42,39-feature RobustScaler-transformed model space (data/processed/scaler.pkl); no additional feature scaling
DDoS,cInput CCW,wasserstein_per_feature,11,ack_count,N/A,N/A,N/A,# TODO: canonical cInput run has outcomes but no full 39-feature adversarial vectors; the eight-sample exhibit is not used,D:\thesis_final\outputs\latent_attacks\constrained_input_baselines_20260602_032651_seed42,39-feature RobustScaler-transformed model space (data/processed/scaler.pkl); no additional feature scaling
DDoS,cInput CCW,wasserstein_per_feature,12,syn_count,N/A,N/A,N/A,# TODO: canonical cInput run has outcomes but no full 39-feature adversarial vectors; the eight-sample exhibit is not used,D:\thesis_final\outputs\latent_attacks\constrained_input_baselines_20260602_032651_seed42,39-feature RobustScaler-transformed model space (data/processed/scaler.pkl); no additional feature scaling
DDoS,cInput CCW,wasserstein_per_feature,13,fin_count,N/A,N/A,N/A,# TODO: canonical cInput run has outcomes but no full 39-feature adversarial vectors; the eight-sample exhibit is not used,D:\thesis_final\outputs\latent_attacks\constrained_input_baselines_20260602_032651_seed42,39-feature RobustScaler-transformed model space (data/processed/scaler.pkl); no additional feature scaling
DDoS,cInput CCW,wasserstein_per_feature,14,rst_count,N/A,N/A,N/A,# TODO: canonical cInput run has outcomes but no full 39-feature adversarial vectors; the eight-sample exhibit is not used,D:\thesis_final\outputs\latent_attacks\constrained_input_baselines_20260602_032651_seed42,39-feature RobustScaler-transformed model space (data/processed/scaler.pkl); no additional feature scaling
DDoS,cInput CCW,wasserstein_per_feature,15,HTTP,N/A,N/A,N/A,# TODO: canonical cInput run has outcomes but no full 39-feature adversarial vectors; the eight-sample exhibit is not used,D:\thesis_final\outputs\latent_attacks\constrained_input_baselines_20260602_032651_seed42,39-feature RobustScaler-transformed model space (data/processed/scaler.pkl); no additional feature scaling
DDoS,cInput CCW,wasserstein_per_feature,16,HTTPS,N/A,N/A,N/A,# TODO: canonical cInput run has outcomes but no full 39-feature adversarial vectors; the eight-sample exhibit is not used,D:\thesis_final\outputs\latent_attacks\constrained_input_baselines_20260602_032651_seed42,39-feature RobustScaler-transformed model space (data/processed/scaler.pkl); no additional feature scaling
DDoS,cInput CCW,wasserstein_per_feature,17,DNS,N/A,N/A,N/A,# TODO: canonical cInput run has outcomes but no full 39-feature adversarial vectors; the eight-sample exhibit is not used,D:\thesis_final\outputs\latent_attacks\constrained_input_baselines_20260602_032651_seed42,39-feature RobustScaler-transformed model space (data/processed/scaler.pkl); no additional feature scaling
DDoS,cInput CCW,wasserstein_per_feature,18,Telnet,N/A,N/A,N/A,# TODO: canonical cInput run has outcomes but no full 39-feature adversarial vectors; the eight-sample exhibit is not used,D:\thesis_final\outputs\latent_attacks\constrained_input_baselines_20260602_032651_seed42,39-feature RobustScaler-transformed model space (data/processed/scaler.pkl); no additional feature scaling
DDoS,cInput CCW,wasserstein_per_feature,19,SMTP,N/A,N/A,N/A,# TODO: canonical cInput run has outcomes but no full 39-feature adversarial vectors; the eight-sample exhibit is not used,D:\thesis_final\outputs\latent_attacks\constrained_input_baselines_20260602_032651_seed42,39-feature RobustScaler-transformed model space (data/processed/scaler.pkl); no additional feature scaling
DDoS,cInput CCW,wasserstein_per_feature,20,SSH,N/A,N/A,N/A,# TODO: canonical cInput run has outcomes but no full 39-feature adversarial vectors; the eight-sample exhibit is not used,D:\thesis_final\outputs\latent_attacks\constrained_input_baselines_20260602_032651_seed42,39-feature RobustScaler-transformed model space (data/processed/scaler.pkl); no additional feature scaling
DDoS,cInput CCW,wasserstein_per_feature,21,IRC,N/A,N/A,N/A,# TODO: canonical cInput run has outcomes but no full 39-feature adversarial vectors; the eight-sample exhibit is not used,D:\thesis_final\outputs\latent_attacks\constrained_input_baselines_20260602_032651_seed42,39-feature RobustScaler-transformed model space (data/processed/scaler.pkl); no additional feature scaling
DDoS,cInput CCW,wasserstein_per_feature,22,TCP,N/A,N/A,N/A,# TODO: canonical cInput run has outcomes but no full 39-feature adversarial vectors; the eight-sample exhibit is not used,D:\thesis_final\outputs\latent_attacks\constrained_input_baselines_20260602_032651_seed42,39-feature RobustScaler-transformed model space (data/processed/scaler.pkl); no additional feature scaling
DDoS,cInput CCW,wasserstein_per_feature,23,UDP,N/A,N/A,N/A,# TODO: canonical cInput run has outcomes but no full 39-feature adversarial vectors; the eight-sample exhibit is not used,D:\thesis_final\outputs\latent_attacks\constrained_input_baselines_20260602_032651_seed42,39-feature RobustScaler-transformed model space (data/processed/scaler.pkl); no additional feature scaling
DDoS,cInput CCW,wasserstein_per_feature,24,DHCP,N/A,N/A,N/A,# TODO: canonical cInput run has outcomes but no full 39-feature adversarial vectors; the eight-sample exhibit is not used,D:\thesis_final\outputs\latent_attacks\constrained_input_baselines_20260602_032651_seed42,39-feature RobustScaler-transformed model space (data/processed/scaler.pkl); no additional feature scaling
DDoS,cInput CCW,wasserstein_per_feature,25,ARP,N/A,N/A,N/A,# TODO: canonical cInput run has outcomes but no full 39-feature adversarial vectors; the eight-sample exhibit is not used,D:\thesis_final\outputs\latent_attacks\constrained_input_baselines_20260602_032651_seed42,39-feature RobustScaler-transformed model space (data/processed/scaler.pkl); no additional feature scaling
DDoS,cInput CCW,wasserstein_per_feature,26,ICMP,N/A,N/A,N/A,# TODO: canonical cInput run has outcomes but no full 39-feature adversarial vectors; the eight-sample exhibit is not used,D:\thesis_final\outputs\latent_attacks\constrained_input_baselines_20260602_032651_seed42,39-feature RobustScaler-transformed model space (data/processed/scaler.pkl); no additional feature scaling
DDoS,cInput CCW,wasserstein_per_feature,27,IGMP,N/A,N/A,N/A,# TODO: canonical cInput run has outcomes but no full 39-feature adversarial vectors; the eight-sample exhibit is not used,D:\thesis_final\outputs\latent_attacks\constrained_input_baselines_20260602_032651_seed42,39-feature RobustScaler-transformed model space (data/processed/scaler.pkl); no additional feature scaling
DDoS,cInput CCW,wasserstein_per_feature,28,IPv,N/A,N/A,N/A,# TODO: canonical cInput run has outcomes but no full 39-feature adversarial vectors; the eight-sample exhibit is not used,D:\thesis_final\outputs\latent_attacks\constrained_input_baselines_20260602_032651_seed42,39-feature RobustScaler-transformed model space (data/processed/scaler.pkl); no additional feature scaling
DDoS,cInput CCW,wasserstein_per_feature,29,LLC,N/A,N/A,N/A,# TODO: canonical cInput run has outcomes but no full 39-feature adversarial vectors; the eight-sample exhibit is not used,D:\thesis_final\outputs\latent_attacks\constrained_input_baselines_20260602_032651_seed42,39-feature RobustScaler-transformed model space (data/processed/scaler.pkl); no additional feature scaling
DDoS,cInput CCW,wasserstein_per_feature,30,Tot sum,N/A,N/A,N/A,# TODO: canonical cInput run has outcomes but no full 39-feature adversarial vectors; the eight-sample exhibit is not used,D:\thesis_final\outputs\latent_attacks\constrained_input_baselines_20260602_032651_seed42,39-feature RobustScaler-transformed model space (data/processed/scaler.pkl); no additional feature scaling
DDoS,cInput CCW,wasserstein_per_feature,31,Min,N/A,N/A,N/A,# TODO: canonical cInput run has outcomes but no full 39-feature adversarial vectors; the eight-sample exhibit is not used,D:\thesis_final\outputs\latent_attacks\constrained_input_baselines_20260602_032651_seed42,39-feature RobustScaler-transformed model space (data/processed/scaler.pkl); no additional feature scaling
DDoS,cInput CCW,wasserstein_per_feature,32,Max,N/A,N/A,N/A,# TODO: canonical cInput run has outcomes but no full 39-feature adversarial vectors; the eight-sample exhibit is not used,D:\thesis_final\outputs\latent_attacks\constrained_input_baselines_20260602_032651_seed42,39-feature RobustScaler-transformed model space (data/processed/scaler.pkl); no additional feature scaling
DDoS,cInput CCW,wasserstein_per_feature,33,AVG,N/A,N/A,N/A,# TODO: canonical cInput run has outcomes but no full 39-feature adversarial vectors; the eight-sample exhibit is not used,D:\thesis_final\outputs\latent_attacks\constrained_input_baselines_20260602_032651_seed42,39-feature RobustScaler-transformed model space (data/processed/scaler.pkl); no additional feature scaling
DDoS,cInput CCW,wasserstein_per_feature,34,Std,N/A,N/A,N/A,# TODO: canonical cInput run has outcomes but no full 39-feature adversarial vectors; the eight-sample exhibit is not used,D:\thesis_final\outputs\latent_attacks\constrained_input_baselines_20260602_032651_seed42,39-feature RobustScaler-transformed model space (data/processed/scaler.pkl); no additional feature scaling
DDoS,cInput CCW,wasserstein_per_feature,35,Tot size,N/A,N/A,N/A,# TODO: canonical cInput run has outcomes but no full 39-feature adversarial vectors; the eight-sample exhibit is not used,D:\thesis_final\outputs\latent_attacks\constrained_input_baselines_20260602_032651_seed42,39-feature RobustScaler-transformed model space (data/processed/scaler.pkl); no additional feature scaling
DDoS,cInput CCW,wasserstein_per_feature,36,IAT,N/A,N/A,N/A,# TODO: canonical cInput run has outcomes but no full 39-feature adversarial vectors; the eight-sample exhibit is not used,D:\thesis_final\outputs\latent_attacks\constrained_input_baselines_20260602_032651_seed42,39-feature RobustScaler-transformed model space (data/processed/scaler.pkl); no additional feature scaling
DDoS,cInput CCW,wasserstein_per_feature,37,Number,N/A,N/A,N/A,# TODO: canonical cInput run has outcomes but no full 39-feature adversarial vectors; the eight-sample exhibit is not used,D:\thesis_final\outputs\latent_attacks\constrained_input_baselines_20260602_032651_seed42,39-feature RobustScaler-transformed model space (data/processed/scaler.pkl); no additional feature scaling
DDoS,cInput CCW,wasserstein_per_feature,38,Variance,N/A,N/A,N/A,# TODO: canonical cInput run has outcomes but no full 39-feature adversarial vectors; the eight-sample exhibit is not used,D:\thesis_final\outputs\latent_attacks\constrained_input_baselines_20260602_032651_seed42,39-feature RobustScaler-transformed model space (data/processed/scaler.pkl); no additional feature scaling
Mirai,PGD,wasserstein_per_feature,0,Header_Length,0.2552646568726308,119992,6772,ok,D:\thesis_final\results\attacks\attack_8class_pgd_0.30.npz,39-feature RobustScaler-transformed model space (data/processed/scaler.pkl); no additional feature scaling
Mirai,PGD,wasserstein_per_feature,1,Protocol Type,0.2864362610110526,119992,6772,ok,D:\thesis_final\results\attacks\attack_8class_pgd_0.30.npz,39-feature RobustScaler-transformed model space (data/processed/scaler.pkl); no additional feature scaling
Mirai,PGD,wasserstein_per_feature,2,Time_To_Live,0.20603554395495652,119992,6772,ok,D:\thesis_final\results\attacks\attack_8class_pgd_0.30.npz,39-feature RobustScaler-transformed model space (data/processed/scaler.pkl); no additional feature scaling
Mirai,PGD,wasserstein_per_feature,3,Rate,0.17986477150437052,119992,6772,ok,D:\thesis_final\results\attacks\attack_8class_pgd_0.30.npz,39-feature RobustScaler-transformed model space (data/processed/scaler.pkl); no additional feature scaling
Mirai,PGD,wasserstein_per_feature,4,fin_flag_number,0.2945581803486693,119992,6772,ok,D:\thesis_final\results\attacks\attack_8class_pgd_0.30.npz,39-feature RobustScaler-transformed model space (data/processed/scaler.pkl); no additional feature scaling
Mirai,PGD,wasserstein_per_feature,5,syn_flag_number,0.2946629974471006,119992,6772,ok,D:\thesis_final\results\attacks\attack_8class_pgd_0.30.npz,39-feature RobustScaler-transformed model space (data/processed/scaler.pkl); no additional feature scaling
Mirai,PGD,wasserstein_per_feature,6,rst_flag_number,0.29910242578501905,119992,6772,ok,D:\thesis_final\results\attacks\attack_8class_pgd_0.30.npz,39-feature RobustScaler-transformed model space (data/processed/scaler.pkl); no additional feature scaling
Mirai,PGD,wasserstein_per_feature,7,psh_flag_number,0.2776376213437884,119992,6772,ok,D:\thesis_final\results\attacks\attack_8class_pgd_0.30.npz,39-feature RobustScaler-transformed model space (data/processed/scaler.pkl); no additional feature scaling
Mirai,PGD,wasserstein_per_feature,8,ack_flag_number,0.2872204125076669,119992,6772,ok,D:\thesis_final\results\attacks\attack_8class_pgd_0.30.npz,39-feature RobustScaler-transformed model space (data/processed/scaler.pkl); no additional feature scaling
Mirai,PGD,wasserstein_per_feature,9,ece_flag_number,0.29084321759240694,119992,6772,ok,D:\thesis_final\results\attacks\attack_8class_pgd_0.30.npz,39-feature RobustScaler-transformed model space (data/processed/scaler.pkl); no additional feature scaling
Mirai,PGD,wasserstein_per_feature,10,cwr_flag_number,0.2729159288242574,119992,6772,ok,D:\thesis_final\results\attacks\attack_8class_pgd_0.30.npz,39-feature RobustScaler-transformed model space (data/processed/scaler.pkl); no additional feature scaling
Mirai,PGD,wasserstein_per_feature,11,ack_count,0.25351534543089055,119992,6772,ok,D:\thesis_final\results\attacks\attack_8class_pgd_0.30.npz,39-feature RobustScaler-transformed model space (data/processed/scaler.pkl); no additional feature scaling
Mirai,PGD,wasserstein_per_feature,12,syn_count,0.3000183092170289,119992,6772,ok,D:\thesis_final\results\attacks\attack_8class_pgd_0.30.npz,39-feature RobustScaler-transformed model space (data/processed/scaler.pkl); no additional feature scaling
Mirai,PGD,wasserstein_per_feature,13,fin_count,0.2946880206357654,119992,6772,ok,D:\thesis_final\results\attacks\attack_8class_pgd_0.30.npz,39-feature RobustScaler-transformed model space (data/processed/scaler.pkl); no additional feature scaling
Mirai,PGD,wasserstein_per_feature,14,rst_count,0.3001838981685439,119992,6772,ok,D:\thesis_final\results\attacks\attack_8class_pgd_0.30.npz,39-feature RobustScaler-transformed model space (data/processed/scaler.pkl); no additional feature scaling
Mirai,PGD,wasserstein_per_feature,15,HTTP,0.28427141775011944,119992,6772,ok,D:\thesis_final\results\attacks\attack_8class_pgd_0.30.npz,39-feature RobustScaler-transformed model space (data/processed/scaler.pkl); no additional feature scaling
Mirai,PGD,wasserstein_per_feature,16,HTTPS,0.29573999479221136,119992,6772,ok,D:\thesis_final\results\attacks\attack_8class_pgd_0.30.npz,39-feature RobustScaler-transformed model space (data/processed/scaler.pkl); no additional feature scaling
Mirai,PGD,wasserstein_per_feature,17,DNS,0.29200840331272504,119992,6772,ok,D:\thesis_final\results\attacks\attack_8class_pgd_0.30.npz,39-feature RobustScaler-transformed model space (data/processed/scaler.pkl); no additional feature scaling
Mirai,PGD,wasserstein_per_feature,18,Telnet,0.27710701625879985,119992,6772,ok,D:\thesis_final\results\attacks\attack_8class_pgd_0.30.npz,39-feature RobustScaler-transformed model space (data/processed/scaler.pkl); no additional feature scaling
Mirai,PGD,wasserstein_per_feature,19,SMTP,0.2862568254600737,119992,6772,ok,D:\thesis_final\results\attacks\attack_8class_pgd_0.30.npz,39-feature RobustScaler-transformed model space (data/processed/scaler.pkl); no additional feature scaling
Mirai,PGD,wasserstein_per_feature,20,SSH,0.26509864602020095,119992,6772,ok,D:\thesis_final\results\attacks\attack_8class_pgd_0.30.npz,39-feature RobustScaler-transformed model space (data/processed/scaler.pkl); no additional feature scaling
Mirai,PGD,wasserstein_per_feature,21,IRC,0.2889269610291498,119992,6772,ok,D:\thesis_final\results\attacks\attack_8class_pgd_0.30.npz,39-feature RobustScaler-transformed model space (data/processed/scaler.pkl); no additional feature scaling
Mirai,PGD,wasserstein_per_feature,22,TCP,0.2988788832602972,119992,6772,ok,D:\thesis_final\results\attacks\attack_8class_pgd_0.30.npz,39-feature RobustScaler-transformed model space (data/processed/scaler.pkl); no additional feature scaling
Mirai,PGD,wasserstein_per_feature,23,UDP,0.29960441322744086,119992,6772,ok,D:\thesis_final\results\attacks\attack_8class_pgd_0.30.npz,39-feature RobustScaler-transformed model space (data/processed/scaler.pkl); no additional feature scaling
Mirai,PGD,wasserstein_per_feature,24,DHCP,0.28750229589487064,119992,6772,ok,D:\thesis_final\results\attacks\attack_8class_pgd_0.30.npz,39-feature RobustScaler-transformed model space (data/processed/scaler.pkl); no additional feature scaling
Mirai,PGD,wasserstein_per_feature,25,ARP,0.2972940884770104,119992,6772,ok,D:\thesis_final\results\attacks\attack_8class_pgd_0.30.npz,39-feature RobustScaler-transformed model space (data/processed/scaler.pkl); no additional feature scaling
Mirai,PGD,wasserstein_per_feature,26,ICMP,0.279757105164556,119992,6772,ok,D:\thesis_final\results\attacks\attack_8class_pgd_0.30.npz,39-feature RobustScaler-transformed model space (data/processed/scaler.pkl); no additional feature scaling
Mirai,PGD,wasserstein_per_feature,27,IGMP,0.28211542313761145,119992,6772,ok,D:\thesis_final\results\attacks\attack_8class_pgd_0.30.npz,39-feature RobustScaler-transformed model space (data/processed/scaler.pkl); no additional feature scaling
Mirai,PGD,wasserstein_per_feature,28,IPv,0.29789813197992326,119992,6772,ok,D:\thesis_final\results\attacks\attack_8class_pgd_0.30.npz,39-feature RobustScaler-transformed model space (data/processed/scaler.pkl); no additional feature scaling
Mirai,PGD,wasserstein_per_feature,29,LLC,0.28702310834250966,119992,6772,ok,D:\thesis_final\results\attacks\attack_8class_pgd_0.30.npz,39-feature RobustScaler-transformed model space (data/processed/scaler.pkl); no additional feature scaling
Mirai,PGD,wasserstein_per_feature,30,Tot sum,0.2895242937778522,119992,6772,ok,D:\thesis_final\results\attacks\attack_8class_pgd_0.30.npz,39-feature RobustScaler-transformed model space (data/processed/scaler.pkl); no additional feature scaling
Mirai,PGD,wasserstein_per_feature,31,Min,0.36725841920856556,119992,6772,ok,D:\thesis_final\results\attacks\attack_8class_pgd_0.30.npz,39-feature RobustScaler-transformed model space (data/processed/scaler.pkl); no additional feature scaling
Mirai,PGD,wasserstein_per_feature,32,Max,0.2874682843352169,119992,6772,ok,D:\thesis_final\results\attacks\attack_8class_pgd_0.30.npz,39-feature RobustScaler-transformed model space (data/processed/scaler.pkl); no additional feature scaling
Mirai,PGD,wasserstein_per_feature,33,AVG,0.28847285248275323,119992,6772,ok,D:\thesis_final\results\attacks\attack_8class_pgd_0.30.npz,39-feature RobustScaler-transformed model space (data/processed/scaler.pkl); no additional feature scaling
Mirai,PGD,wasserstein_per_feature,34,Std,0.21119488693868577,119992,6772,ok,D:\thesis_final\results\attacks\attack_8class_pgd_0.30.npz,39-feature RobustScaler-transformed model space (data/processed/scaler.pkl); no additional feature scaling
Mirai,PGD,wasserstein_per_feature,35,Tot size,0.2776854467754434,119992,6772,ok,D:\thesis_final\results\attacks\attack_8class_pgd_0.30.npz,39-feature RobustScaler-transformed model space (data/processed/scaler.pkl); no additional feature scaling
Mirai,PGD,wasserstein_per_feature,36,IAT,0.300207239644487,119992,6772,ok,D:\thesis_final\results\attacks\attack_8class_pgd_0.30.npz,39-feature RobustScaler-transformed model space (data/processed/scaler.pkl); no additional feature scaling
Mirai,PGD,wasserstein_per_feature,37,Number,0.2943688016506274,119992,6772,ok,D:\thesis_final\results\attacks\attack_8class_pgd_0.30.npz,39-feature RobustScaler-transformed model space (data/processed/scaler.pkl); no additional feature scaling
Mirai,PGD,wasserstein_per_feature,38,Variance,0.24116167207421624,119992,6772,ok,D:\thesis_final\results\attacks\attack_8class_pgd_0.30.npz,39-feature RobustScaler-transformed model space (data/processed/scaler.pkl); no additional feature scaling
Mirai,CW,wasserstein_per_feature,0,Header_Length,0.36968042996181305,119992,6772,ok,D:\thesis_final\results\attacks\attack_8class_cw_0.npz,39-feature RobustScaler-transformed model space (data/processed/scaler.pkl); no additional feature scaling
Mirai,CW,wasserstein_per_feature,1,Protocol Type,0.2568405352432223,119992,6772,ok,D:\thesis_final\results\attacks\attack_8class_cw_0.npz,39-feature RobustScaler-transformed model space (data/processed/scaler.pkl); no additional feature scaling
Mirai,CW,wasserstein_per_feature,2,Time_To_Live,0.059148760793058086,119992,6772,ok,D:\thesis_final\results\attacks\attack_8class_cw_0.npz,39-feature RobustScaler-transformed model space (data/processed/scaler.pkl); no additional feature scaling
Mirai,CW,wasserstein_per_feature,3,Rate,0.18900062002974513,119992,6772,ok,D:\thesis_final\results\attacks\attack_8class_cw_0.npz,39-feature RobustScaler-transformed model space (data/processed/scaler.pkl); no additional feature scaling
Mirai,CW,wasserstein_per_feature,4,fin_flag_number,0.08174780411782512,119992,6772,ok,D:\thesis_final\results\attacks\attack_8class_cw_0.npz,39-feature RobustScaler-transformed model space (data/processed/scaler.pkl); no additional feature scaling
Mirai,CW,wasserstein_per_feature,5,syn_flag_number,0.2573442250816432,119992,6772,ok,D:\thesis_final\results\attacks\attack_8class_cw_0.npz,39-feature RobustScaler-transformed model space (data/processed/scaler.pkl); no additional feature scaling
Mirai,CW,wasserstein_per_feature,6,rst_flag_number,0.3848142249591823,119992,6772,ok,D:\thesis_final\results\attacks\attack_8class_cw_0.npz,39-feature RobustScaler-transformed model space (data/processed/scaler.pkl); no additional feature scaling
Mirai,CW,wasserstein_per_feature,7,psh_flag_number,0.2394843130345828,119992,6772,ok,D:\thesis_final\results\attacks\attack_8class_cw_0.npz,39-feature RobustScaler-transformed model space (data/processed/scaler.pkl); no additional feature scaling
Mirai,CW,wasserstein_per_feature,8,ack_flag_number,0.1970921679611216,119992,6772,ok,D:\thesis_final\results\attacks\attack_8class_cw_0.npz,39-feature RobustScaler-transformed model space (data/processed/scaler.pkl); no additional feature scaling
Mirai,CW,wasserstein_per_feature,9,ece_flag_number,0.019087780130468017,119992,6772,ok,D:\thesis_final\results\attacks\attack_8class_cw_0.npz,39-feature RobustScaler-transformed model space (data/processed/scaler.pkl); no additional feature scaling
Mirai,CW,wasserstein_per_feature,10,cwr_flag_number,0.0196143494641553,119992,6772,ok,D:\thesis_final\results\attacks\attack_8class_cw_0.npz,39-feature RobustScaler-transformed model space (data/processed/scaler.pkl); no additional feature scaling
Mirai,CW,wasserstein_per_feature,11,ack_count,0.12064996153088459,119992,6772,ok,D:\thesis_final\results\attacks\attack_8class_cw_0.npz,39-feature RobustScaler-transformed model space (data/processed/scaler.pkl); no additional feature scaling
Mirai,CW,wasserstein_per_feature,12,syn_count,0.05061591417555185,119992,6772,ok,D:\thesis_final\results\attacks\attack_8class_cw_0.npz,39-feature RobustScaler-transformed model space (data/processed/scaler.pkl); no additional feature scaling
Mirai,CW,wasserstein_per_feature,13,fin_count,0.09884460259414261,119992,6772,ok,D:\thesis_final\results\attacks\attack_8class_cw_0.npz,39-feature RobustScaler-transformed model space (data/processed/scaler.pkl); no additional feature scaling
Mirai,CW,wasserstein_per_feature,14,rst_count,0.09379186671026932,119992,6772,ok,D:\thesis_final\results\attacks\attack_8class_cw_0.npz,39-feature RobustScaler-transformed model space (data/processed/scaler.pkl); no additional feature scaling
Mirai,CW,wasserstein_per_feature,15,HTTP,0.21779370907925272,119992,6772,ok,D:\thesis_final\results\attacks\attack_8class_cw_0.npz,39-feature RobustScaler-transformed model space (data/processed/scaler.pkl); no additional feature scaling
Mirai,CW,wasserstein_per_feature,16,HTTPS,0.30862534805702946,119992,6772,ok,D:\thesis_final\results\attacks\attack_8class_cw_0.npz,39-feature RobustScaler-transformed model space (data/processed/scaler.pkl); no additional feature scaling
Mirai,CW,wasserstein_per_feature,17,DNS,0.17767196961519477,119992,6772,ok,D:\thesis_final\results\attacks\attack_8class_cw_0.npz,39-feature RobustScaler-transformed model space (data/processed/scaler.pkl); no additional feature scaling
Mirai,CW,wasserstein_per_feature,18,Telnet,0.015644177745795462,119992,6772,ok,D:\thesis_final\results\attacks\attack_8class_cw_0.npz,39-feature RobustScaler-transformed model space (data/processed/scaler.pkl); no additional feature scaling
Mirai,CW,wasserstein_per_feature,19,SMTP,0.016818163194839135,119992,6772,ok,D:\thesis_final\results\attacks\attack_8class_cw_0.npz,39-feature RobustScaler-transformed model space (data/processed/scaler.pkl); no additional feature scaling
Mirai,CW,wasserstein_per_feature,20,SSH,0.17952616716183883,119992,6772,ok,D:\thesis_final\results\attacks\attack_8class_cw_0.npz,39-feature RobustScaler-transformed model space (data/processed/scaler.pkl); no additional feature scaling
Mirai,CW,wasserstein_per_feature,21,IRC,0.01737046725726301,119992,6772,ok,D:\thesis_final\results\attacks\attack_8class_cw_0.npz,39-feature RobustScaler-transformed model space (data/processed/scaler.pkl); no additional feature scaling
Mirai,CW,wasserstein_per_feature,22,TCP,0.05331476349380661,119992,6772,ok,D:\thesis_final\results\attacks\attack_8class_cw_0.npz,39-feature RobustScaler-transformed model space (data/processed/scaler.pkl); no additional feature scaling
Mirai,CW,wasserstein_per_feature,23,UDP,0.2886552217540879,119992,6772,ok,D:\thesis_final\results\attacks\attack_8class_cw_0.npz,39-feature RobustScaler-transformed model space (data/processed/scaler.pkl); no additional feature scaling
Mirai,CW,wasserstein_per_feature,24,DHCP,0.015207460310053128,119992,6772,ok,D:\thesis_final\results\attacks\attack_8class_cw_0.npz,39-feature RobustScaler-transformed model space (data/processed/scaler.pkl); no additional feature scaling
Mirai,CW,wasserstein_per_feature,25,ARP,0.1785081494876665,119992,6772,ok,D:\thesis_final\results\attacks\attack_8class_cw_0.npz,39-feature RobustScaler-transformed model space (data/processed/scaler.pkl); no additional feature scaling
Mirai,CW,wasserstein_per_feature,26,ICMP,0.18253397111328112,119992,6772,ok,D:\thesis_final\results\attacks\attack_8class_cw_0.npz,39-feature RobustScaler-transformed model space (data/processed/scaler.pkl); no additional feature scaling
Mirai,CW,wasserstein_per_feature,27,IGMP,0.023371615965775833,119992,6772,ok,D:\thesis_final\results\attacks\attack_8class_cw_0.npz,39-feature RobustScaler-transformed model space (data/processed/scaler.pkl); no additional feature scaling
Mirai,CW,wasserstein_per_feature,28,IPv,0.11277552002362043,119992,6772,ok,D:\thesis_final\results\attacks\attack_8class_cw_0.npz,39-feature RobustScaler-transformed model space (data/processed/scaler.pkl); no additional feature scaling
Mirai,CW,wasserstein_per_feature,29,LLC,0.15400851492603465,119992,6772,ok,D:\thesis_final\results\attacks\attack_8class_cw_0.npz,39-feature RobustScaler-transformed model space (data/processed/scaler.pkl); no additional feature scaling
Mirai,CW,wasserstein_per_feature,30,Tot sum,0.4473643250755269,119992,6772,ok,D:\thesis_final\results\attacks\attack_8class_cw_0.npz,39-feature RobustScaler-transformed model space (data/processed/scaler.pkl); no additional feature scaling
Mirai,CW,wasserstein_per_feature,31,Min,0.21823851463664765,119992,6772,ok,D:\thesis_final\results\attacks\attack_8class_cw_0.npz,39-feature RobustScaler-transformed model space (data/processed/scaler.pkl); no additional feature scaling
Mirai,CW,wasserstein_per_feature,32,Max,0.04271385161282452,119992,6772,ok,D:\thesis_final\results\attacks\attack_8class_cw_0.npz,39-feature RobustScaler-transformed model space (data/processed/scaler.pkl); no additional feature scaling
Mirai,CW,wasserstein_per_feature,33,AVG,0.21517043247578346,119992,6772,ok,D:\thesis_final\results\attacks\attack_8class_cw_0.npz,39-feature RobustScaler-transformed model space (data/processed/scaler.pkl); no additional feature scaling
Mirai,CW,wasserstein_per_feature,34,Std,0.16364049524160323,119992,6772,ok,D:\thesis_final\results\attacks\attack_8class_cw_0.npz,39-feature RobustScaler-transformed model space (data/processed/scaler.pkl); no additional feature scaling
Mirai,CW,wasserstein_per_feature,35,Tot size,0.1558408425978841,119992,6772,ok,D:\thesis_final\results\attacks\attack_8class_cw_0.npz,39-feature RobustScaler-transformed model space (data/processed/scaler.pkl); no additional feature scaling
Mirai,CW,wasserstein_per_feature,36,IAT,0.041515353034672395,119992,6772,ok,D:\thesis_final\results\attacks\attack_8class_cw_0.npz,39-feature RobustScaler-transformed model space (data/processed/scaler.pkl); no additional feature scaling
Mirai,CW,wasserstein_per_feature,37,Number,0.29073287876494575,119992,6772,ok,D:\thesis_final\results\attacks\attack_8class_cw_0.npz,39-feature RobustScaler-transformed model space (data/processed/scaler.pkl); no additional feature scaling
Mirai,CW,wasserstein_per_feature,38,Variance,0.3582221902251689,119992,6772,ok,D:\thesis_final\results\attacks\attack_8class_cw_0.npz,39-feature RobustScaler-transformed model space (data/processed/scaler.pkl); no additional feature scaling
Mirai,Latent-PGD,wasserstein_per_feature,0,Header_Length,0.09176341649429672,119992,100,ok,D:\thesis_final\outputs\latent_attacks\phase2_20260602_023945_seed42\phase2_latent_pgd_Mirai.npz,39-feature RobustScaler-transformed model space (data/processed/scaler.pkl); no additional feature scaling
Mirai,Latent-PGD,wasserstein_per_feature,1,Protocol Type,0.22541442332189118,119992,100,ok,D:\thesis_final\outputs\latent_attacks\phase2_20260602_023945_seed42\phase2_latent_pgd_Mirai.npz,39-feature RobustScaler-transformed model space (data/processed/scaler.pkl); no additional feature scaling
Mirai,Latent-PGD,wasserstein_per_feature,2,Time_To_Live,0.3594026966320738,119992,100,ok,D:\thesis_final\outputs\latent_attacks\phase2_20260602_023945_seed42\phase2_latent_pgd_Mirai.npz,39-feature RobustScaler-transformed model space (data/processed/scaler.pkl); no additional feature scaling
Mirai,Latent-PGD,wasserstein_per_feature,3,Rate,0.03461952774953418,119992,100,ok,D:\thesis_final\outputs\latent_attacks\phase2_20260602_023945_seed42\phase2_latent_pgd_Mirai.npz,39-feature RobustScaler-transformed model space (data/processed/scaler.pkl); no additional feature scaling
Mirai,Latent-PGD,wasserstein_per_feature,4,fin_flag_number,0.0,119992,100,ok,D:\thesis_final\outputs\latent_attacks\phase2_20260602_023945_seed42\phase2_latent_pgd_Mirai.npz,39-feature RobustScaler-transformed model space (data/processed/scaler.pkl); no additional feature scaling
Mirai,Latent-PGD,wasserstein_per_feature,5,syn_flag_number,8.333888925959876e-06,119992,100,ok,D:\thesis_final\outputs\latent_attacks\phase2_20260602_023945_seed42\phase2_latent_pgd_Mirai.npz,39-feature RobustScaler-transformed model space (data/processed/scaler.pkl); no additional feature scaling
Mirai,Latent-PGD,wasserstein_per_feature,6,rst_flag_number,1.666777785180873e-05,119992,100,ok,D:\thesis_final\outputs\latent_attacks\phase2_20260602_023945_seed42\phase2_latent_pgd_Mirai.npz,39-feature RobustScaler-transformed model space (data/processed/scaler.pkl); no additional feature scaling
Mirai,Latent-PGD,wasserstein_per_feature,7,psh_flag_number,7.500500033330582e-05,119992,100,ok,D:\thesis_final\outputs\latent_attacks\phase2_20260602_023945_seed42\phase2_latent_pgd_Mirai.npz,39-feature RobustScaler-transformed model space (data/processed/scaler.pkl); no additional feature scaling
Mirai,Latent-PGD,wasserstein_per_feature,8,ack_flag_number,0.003950263350890104,119992,100,ok,D:\thesis_final\outputs\latent_attacks\phase2_20260602_023945_seed42\phase2_latent_pgd_Mirai.npz,39-feature RobustScaler-transformed model space (data/processed/scaler.pkl); no additional feature scaling
Mirai,Latent-PGD,wasserstein_per_feature,9,ece_flag_number,0.0,119992,100,ok,D:\thesis_final\outputs\latent_attacks\phase2_20260602_023945_seed42\phase2_latent_pgd_Mirai.npz,39-feature RobustScaler-transformed model space (data/processed/scaler.pkl); no additional feature scaling
Mirai,Latent-PGD,wasserstein_per_feature,10,cwr_flag_number,0.0,119992,100,ok,D:\thesis_final\outputs\latent_attacks\phase2_20260602_023945_seed42\phase2_latent_pgd_Mirai.npz,39-feature RobustScaler-transformed model space (data/processed/scaler.pkl); no additional feature scaling
Mirai,Latent-PGD,wasserstein_per_feature,11,ack_count,0.05639842745865696,119992,100,ok,D:\thesis_final\outputs\latent_attacks\phase2_20260602_023945_seed42\phase2_latent_pgd_Mirai.npz,39-feature RobustScaler-transformed model space (data/processed/scaler.pkl); no additional feature scaling
Mirai,Latent-PGD,wasserstein_per_feature,12,syn_count,0.10240686351229453,119992,100,ok,D:\thesis_final\outputs\latent_attacks\phase2_20260602_023945_seed42\phase2_latent_pgd_Mirai.npz,39-feature RobustScaler-transformed model space (data/processed/scaler.pkl); no additional feature scaling
Mirai,Latent-PGD,wasserstein_per_feature,13,fin_count,0.05067314337663589,119992,100,ok,D:\thesis_final\outputs\latent_attacks\phase2_20260602_023945_seed42\phase2_latent_pgd_Mirai.npz,39-feature RobustScaler-transformed model space (data/processed/scaler.pkl); no additional feature scaling
Mirai,Latent-PGD,wasserstein_per_feature,14,rst_count,0.06817354490299277,119992,100,ok,D:\thesis_final\outputs\latent_attacks\phase2_20260602_023945_seed42\phase2_latent_pgd_Mirai.npz,39-feature RobustScaler-transformed model space (data/processed/scaler.pkl); no additional feature scaling
Mirai,Latent-PGD,wasserstein_per_feature,15,HTTP,0.0007333822254816935,119992,100,ok,D:\thesis_final\outputs\latent_attacks\phase2_20260602_023945_seed42\phase2_latent_pgd_Mirai.npz,39-feature RobustScaler-transformed model space (data/processed/scaler.pkl); no additional feature scaling
Mirai,Latent-PGD,wasserstein_per_feature,16,HTTPS,0.002350156677111803,119992,100,ok,D:\thesis_final\outputs\latent_attacks\phase2_20260602_023945_seed42\phase2_latent_pgd_Mirai.npz,39-feature RobustScaler-transformed model space (data/processed/scaler.pkl); no additional feature scaling
Mirai,Latent-PGD,wasserstein_per_feature,17,DNS,0.0007167144476298848,119992,100,ok,D:\thesis_final\outputs\latent_attacks\phase2_20260602_023945_seed42\phase2_latent_pgd_Mirai.npz,39-feature RobustScaler-transformed model space (data/processed/scaler.pkl); no additional feature scaling
Mirai,Latent-PGD,wasserstein_per_feature,18,Telnet,0.0,119992,100,ok,D:\thesis_final\outputs\latent_attacks\phase2_20260602_023945_seed42\phase2_latent_pgd_Mirai.npz,39-feature RobustScaler-transformed model space (data/processed/scaler.pkl); no additional feature scaling
Mirai,Latent-PGD,wasserstein_per_feature,19,SMTP,0.0,119992,100,ok,D:\thesis_final\outputs\latent_attacks\phase2_20260602_023945_seed42\phase2_latent_pgd_Mirai.npz,39-feature RobustScaler-transformed model space (data/processed/scaler.pkl); no additional feature scaling
Mirai,Latent-PGD,wasserstein_per_feature,20,SSH,0.0,119992,100,ok,D:\thesis_final\outputs\latent_attacks\phase2_20260602_023945_seed42\phase2_latent_pgd_Mirai.npz,39-feature RobustScaler-transformed model space (data/processed/scaler.pkl); no additional feature scaling
Mirai,Latent-PGD,wasserstein_per_feature,21,IRC,0.0,119992,100,ok,D:\thesis_final\outputs\latent_attacks\phase2_20260602_023945_seed42\phase2_latent_pgd_Mirai.npz,39-feature RobustScaler-transformed model space (data/processed/scaler.pkl); no additional feature scaling
Mirai,Latent-PGD,wasserstein_per_feature,22,TCP,0.004166944462964173,119992,100,ok,D:\thesis_final\outputs\latent_attacks\phase2_20260602_023945_seed42\phase2_latent_pgd_Mirai.npz,39-feature RobustScaler-transformed model space (data/processed/scaler.pkl); no additional feature scaling
Mirai,Latent-PGD,wasserstein_per_feature,23,UDP,0.08631942129475301,119992,100,ok,D:\thesis_final\outputs\latent_attacks\phase2_20260602_023945_seed42\phase2_latent_pgd_Mirai.npz,39-feature RobustScaler-transformed model space (data/processed/scaler.pkl); no additional feature scaling
Mirai,Latent-PGD,wasserstein_per_feature,24,DHCP,0.0,119992,100,ok,D:\thesis_final\outputs\latent_attacks\phase2_20260602_023945_seed42\phase2_latent_pgd_Mirai.npz,39-feature RobustScaler-transformed model space (data/processed/scaler.pkl); no additional feature scaling
Mirai,Latent-PGD,wasserstein_per_feature,25,ARP,5.000333355553721e-05,119992,100,ok,D:\thesis_final\outputs\latent_attacks\phase2_20260602_023945_seed42\phase2_latent_pgd_Mirai.npz,39-feature RobustScaler-transformed model space (data/processed/scaler.pkl); no additional feature scaling
Mirai,Latent-PGD,wasserstein_per_feature,26,ICMP,0.00016667777851853138,119992,100,ok,D:\thesis_final\outputs\latent_attacks\phase2_20260602_023945_seed42\phase2_latent_pgd_Mirai.npz,39-feature RobustScaler-transformed model space (data/processed/scaler.pkl); no additional feature scaling
Mirai,Latent-PGD,wasserstein_per_feature,27,IGMP,0.0,119992,100,ok,D:\thesis_final\outputs\latent_attacks\phase2_20260602_023945_seed42\phase2_latent_pgd_Mirai.npz,39-feature RobustScaler-transformed model space (data/processed/scaler.pkl); no additional feature scaling
Mirai,Latent-PGD,wasserstein_per_feature,28,IPv,5.0003333555570374e-05,119992,100,ok,D:\thesis_final\outputs\latent_attacks\phase2_20260602_023945_seed42\phase2_latent_pgd_Mirai.npz,39-feature RobustScaler-transformed model space (data/processed/scaler.pkl); no additional feature scaling
Mirai,Latent-PGD,wasserstein_per_feature,29,LLC,5.0003333555570374e-05,119992,100,ok,D:\thesis_final\outputs\latent_attacks\phase2_20260602_023945_seed42\phase2_latent_pgd_Mirai.npz,39-feature RobustScaler-transformed model space (data/processed/scaler.pkl); no additional feature scaling
Mirai,Latent-PGD,wasserstein_per_feature,30,Tot sum,0.033507789457869426,119992,100,ok,D:\thesis_final\outputs\latent_attacks\phase2_20260602_023945_seed42\phase2_latent_pgd_Mirai.npz,39-feature RobustScaler-transformed model space (data/processed/scaler.pkl); no additional feature scaling
Mirai,Latent-PGD,wasserstein_per_feature,31,Min,9.083624885403133,119992,100,ok,D:\thesis_final\outputs\latent_attacks\phase2_20260602_023945_seed42\phase2_latent_pgd_Mirai.npz,39-feature RobustScaler-transformed model space (data/processed/scaler.pkl); no additional feature scaling
Mirai,Latent-PGD,wasserstein_per_feature,32,Max,0.04026807749539027,119992,100,ok,D:\thesis_final\outputs\latent_attacks\phase2_20260602_023945_seed42\phase2_latent_pgd_Mirai.npz,39-feature RobustScaler-transformed model space (data/processed/scaler.pkl); no additional feature scaling
Mirai,Latent-PGD,wasserstein_per_feature,33,AVG,0.038916899789365966,119992,100,ok,D:\thesis_final\outputs\latent_attacks\phase2_20260602_023945_seed42\phase2_latent_pgd_Mirai.npz,39-feature RobustScaler-transformed model space (data/processed/scaler.pkl); no additional feature scaling
Mirai,Latent-PGD,wasserstein_per_feature,34,Std,0.0867364192653515,119992,100,ok,D:\thesis_final\outputs\latent_attacks\phase2_20260602_023945_seed42\phase2_latent_pgd_Mirai.npz,39-feature RobustScaler-transformed model space (data/processed/scaler.pkl); no additional feature scaling
Mirai,Latent-PGD,wasserstein_per_feature,35,Tot size,0.038916899789365966,119992,100,ok,D:\thesis_final\outputs\latent_attacks\phase2_20260602_023945_seed42\phase2_latent_pgd_Mirai.npz,39-feature RobustScaler-transformed model space (data/processed/scaler.pkl); no additional feature scaling
Mirai,Latent-PGD,wasserstein_per_feature,36,IAT,0.21725619239692542,119992,100,ok,D:\thesis_final\outputs\latent_attacks\phase2_20260602_023945_seed42\phase2_latent_pgd_Mirai.npz,39-feature RobustScaler-transformed model space (data/processed/scaler.pkl); no additional feature scaling
Mirai,Latent-PGD,wasserstein_per_feature,37,Number,0.008313502619969472,119992,100,ok,D:\thesis_final\outputs\latent_attacks\phase2_20260602_023945_seed42\phase2_latent_pgd_Mirai.npz,39-feature RobustScaler-transformed model space (data/processed/scaler.pkl); no additional feature scaling
Mirai,Latent-PGD,wasserstein_per_feature,38,Variance,0.12230575977033979,119992,100,ok,D:\thesis_final\outputs\latent_attacks\phase2_20260602_023945_seed42\phase2_latent_pgd_Mirai.npz,39-feature RobustScaler-transformed model space (data/processed/scaler.pkl); no additional feature scaling
Mirai,Latent-CW,wasserstein_per_feature,0,Header_Length,0.17214487589986535,119992,100,ok,D:\thesis_final\outputs\latent_attacks\phase3_20260602_023958_seed42\phase3_latent_cw_Mirai.npz,39-feature RobustScaler-transformed model space (data/processed/scaler.pkl); no additional feature scaling
Mirai,Latent-CW,wasserstein_per_feature,1,Protocol Type,0.22541442332189118,119992,100,ok,D:\thesis_final\outputs\latent_attacks\phase3_20260602_023958_seed42\phase3_latent_cw_Mirai.npz,39-feature RobustScaler-transformed model space (data/processed/scaler.pkl); no additional feature scaling
Mirai,Latent-CW,wasserstein_per_feature,2,Time_To_Live,0.3594026966320738,119992,100,ok,D:\thesis_final\outputs\latent_attacks\phase3_20260602_023958_seed42\phase3_latent_cw_Mirai.npz,39-feature RobustScaler-transformed model space (data/processed/scaler.pkl); no additional feature scaling
Mirai,Latent-CW,wasserstein_per_feature,3,Rate,0.03461952774953418,119992,100,ok,D:\thesis_final\outputs\latent_attacks\phase3_20260602_023958_seed42\phase3_latent_cw_Mirai.npz,39-feature RobustScaler-transformed model space (data/processed/scaler.pkl); no additional feature scaling
Mirai,Latent-CW,wasserstein_per_feature,4,fin_flag_number,0.0,119992,100,ok,D:\thesis_final\outputs\latent_attacks\phase3_20260602_023958_seed42\phase3_latent_cw_Mirai.npz,39-feature RobustScaler-transformed model space (data/processed/scaler.pkl); no additional feature scaling
Mirai,Latent-CW,wasserstein_per_feature,5,syn_flag_number,8.333888925959876e-06,119992,100,ok,D:\thesis_final\outputs\latent_attacks\phase3_20260602_023958_seed42\phase3_latent_cw_Mirai.npz,39-feature RobustScaler-transformed model space (data/processed/scaler.pkl); no additional feature scaling
Mirai,Latent-CW,wasserstein_per_feature,6,rst_flag_number,1.666777785180873e-05,119992,100,ok,D:\thesis_final\outputs\latent_attacks\phase3_20260602_023958_seed42\phase3_latent_cw_Mirai.npz,39-feature RobustScaler-transformed model space (data/processed/scaler.pkl); no additional feature scaling
Mirai,Latent-CW,wasserstein_per_feature,7,psh_flag_number,7.500500033330582e-05,119992,100,ok,D:\thesis_final\outputs\latent_attacks\phase3_20260602_023958_seed42\phase3_latent_cw_Mirai.npz,39-feature RobustScaler-transformed model space (data/processed/scaler.pkl); no additional feature scaling
Mirai,Latent-CW,wasserstein_per_feature,8,ack_flag_number,0.003950263350890104,119992,100,ok,D:\thesis_final\outputs\latent_attacks\phase3_20260602_023958_seed42\phase3_latent_cw_Mirai.npz,39-feature RobustScaler-transformed model space (data/processed/scaler.pkl); no additional feature scaling
Mirai,Latent-CW,wasserstein_per_feature,9,ece_flag_number,0.0,119992,100,ok,D:\thesis_final\outputs\latent_attacks\phase3_20260602_023958_seed42\phase3_latent_cw_Mirai.npz,39-feature RobustScaler-transformed model space (data/processed/scaler.pkl); no additional feature scaling
Mirai,Latent-CW,wasserstein_per_feature,10,cwr_flag_number,0.0,119992,100,ok,D:\thesis_final\outputs\latent_attacks\phase3_20260602_023958_seed42\phase3_latent_cw_Mirai.npz,39-feature RobustScaler-transformed model space (data/processed/scaler.pkl); no additional feature scaling
Mirai,Latent-CW,wasserstein_per_feature,11,ack_count,0.05639842745865696,119992,100,ok,D:\thesis_final\outputs\latent_attacks\phase3_20260602_023958_seed42\phase3_latent_cw_Mirai.npz,39-feature RobustScaler-transformed model space (data/processed/scaler.pkl); no additional feature scaling
Mirai,Latent-CW,wasserstein_per_feature,12,syn_count,0.11862592993648834,119992,100,ok,D:\thesis_final\outputs\latent_attacks\phase3_20260602_023958_seed42\phase3_latent_cw_Mirai.npz,39-feature RobustScaler-transformed model space (data/processed/scaler.pkl); no additional feature scaling
Mirai,Latent-CW,wasserstein_per_feature,13,fin_count,0.05618987658937403,119992,100,ok,D:\thesis_final\outputs\latent_attacks\phase3_20260602_023958_seed42\phase3_latent_cw_Mirai.npz,39-feature RobustScaler-transformed model space (data/processed/scaler.pkl); no additional feature scaling
Mirai,Latent-CW,wasserstein_per_feature,14,rst_count,0.06817354490299277,119992,100,ok,D:\thesis_final\outputs\latent_attacks\phase3_20260602_023958_seed42\phase3_latent_cw_Mirai.npz,39-feature RobustScaler-transformed model space (data/processed/scaler.pkl); no additional feature scaling
Mirai,Latent-CW,wasserstein_per_feature,15,HTTP,0.0007333822254816935,119992,100,ok,D:\thesis_final\outputs\latent_attacks\phase3_20260602_023958_seed42\phase3_latent_cw_Mirai.npz,39-feature RobustScaler-transformed model space (data/processed/scaler.pkl); no additional feature scaling
Mirai,Latent-CW,wasserstein_per_feature,16,HTTPS,0.002350156677111803,119992,100,ok,D:\thesis_final\outputs\latent_attacks\phase3_20260602_023958_seed42\phase3_latent_cw_Mirai.npz,39-feature RobustScaler-transformed model space (data/processed/scaler.pkl); no additional feature scaling
Mirai,Latent-CW,wasserstein_per_feature,17,DNS,0.0007167144476298848,119992,100,ok,D:\thesis_final\outputs\latent_attacks\phase3_20260602_023958_seed42\phase3_latent_cw_Mirai.npz,39-feature RobustScaler-transformed model space (data/processed/scaler.pkl); no additional feature scaling
Mirai,Latent-CW,wasserstein_per_feature,18,Telnet,0.0,119992,100,ok,D:\thesis_final\outputs\latent_attacks\phase3_20260602_023958_seed42\phase3_latent_cw_Mirai.npz,39-feature RobustScaler-transformed model space (data/processed/scaler.pkl); no additional feature scaling
Mirai,Latent-CW,wasserstein_per_feature,19,SMTP,0.0,119992,100,ok,D:\thesis_final\outputs\latent_attacks\phase3_20260602_023958_seed42\phase3_latent_cw_Mirai.npz,39-feature RobustScaler-transformed model space (data/processed/scaler.pkl); no additional feature scaling
Mirai,Latent-CW,wasserstein_per_feature,20,SSH,0.0,119992,100,ok,D:\thesis_final\outputs\latent_attacks\phase3_20260602_023958_seed42\phase3_latent_cw_Mirai.npz,39-feature RobustScaler-transformed model space (data/processed/scaler.pkl); no additional feature scaling
Mirai,Latent-CW,wasserstein_per_feature,21,IRC,0.0,119992,100,ok,D:\thesis_final\outputs\latent_attacks\phase3_20260602_023958_seed42\phase3_latent_cw_Mirai.npz,39-feature RobustScaler-transformed model space (data/processed/scaler.pkl); no additional feature scaling
Mirai,Latent-CW,wasserstein_per_feature,22,TCP,0.004166944462964173,119992,100,ok,D:\thesis_final\outputs\latent_attacks\phase3_20260602_023958_seed42\phase3_latent_cw_Mirai.npz,39-feature RobustScaler-transformed model space (data/processed/scaler.pkl); no additional feature scaling
Mirai,Latent-CW,wasserstein_per_feature,23,UDP,0.08631942129475301,119992,100,ok,D:\thesis_final\outputs\latent_attacks\phase3_20260602_023958_seed42\phase3_latent_cw_Mirai.npz,39-feature RobustScaler-transformed model space (data/processed/scaler.pkl); no additional feature scaling
Mirai,Latent-CW,wasserstein_per_feature,24,DHCP,0.0,119992,100,ok,D:\thesis_final\outputs\latent_attacks\phase3_20260602_023958_seed42\phase3_latent_cw_Mirai.npz,39-feature RobustScaler-transformed model space (data/processed/scaler.pkl); no additional feature scaling
Mirai,Latent-CW,wasserstein_per_feature,25,ARP,5.000333355553721e-05,119992,100,ok,D:\thesis_final\outputs\latent_attacks\phase3_20260602_023958_seed42\phase3_latent_cw_Mirai.npz,39-feature RobustScaler-transformed model space (data/processed/scaler.pkl); no additional feature scaling
Mirai,Latent-CW,wasserstein_per_feature,26,ICMP,0.00016667777851853138,119992,100,ok,D:\thesis_final\outputs\latent_attacks\phase3_20260602_023958_seed42\phase3_latent_cw_Mirai.npz,39-feature RobustScaler-transformed model space (data/processed/scaler.pkl); no additional feature scaling
Mirai,Latent-CW,wasserstein_per_feature,27,IGMP,0.0,119992,100,ok,D:\thesis_final\outputs\latent_attacks\phase3_20260602_023958_seed42\phase3_latent_cw_Mirai.npz,39-feature RobustScaler-transformed model space (data/processed/scaler.pkl); no additional feature scaling
Mirai,Latent-CW,wasserstein_per_feature,28,IPv,5.0003333555570374e-05,119992,100,ok,D:\thesis_final\outputs\latent_attacks\phase3_20260602_023958_seed42\phase3_latent_cw_Mirai.npz,39-feature RobustScaler-transformed model space (data/processed/scaler.pkl); no additional feature scaling
Mirai,Latent-CW,wasserstein_per_feature,29,LLC,5.0003333555570374e-05,119992,100,ok,D:\thesis_final\outputs\latent_attacks\phase3_20260602_023958_seed42\phase3_latent_cw_Mirai.npz,39-feature RobustScaler-transformed model space (data/processed/scaler.pkl); no additional feature scaling
Mirai,Latent-CW,wasserstein_per_feature,30,Tot sum,0.06353812512976616,119992,100,ok,D:\thesis_final\outputs\latent_attacks\phase3_20260602_023958_seed42\phase3_latent_cw_Mirai.npz,39-feature RobustScaler-transformed model space (data/processed/scaler.pkl); no additional feature scaling
Mirai,Latent-CW,wasserstein_per_feature,31,Min,4.223677870107839,119992,100,ok,D:\thesis_final\outputs\latent_attacks\phase3_20260602_023958_seed42\phase3_latent_cw_Mirai.npz,39-feature RobustScaler-transformed model space (data/processed/scaler.pkl); no additional feature scaling
Mirai,Latent-CW,wasserstein_per_feature,32,Max,0.077828049531628,119992,100,ok,D:\thesis_final\outputs\latent_attacks\phase3_20260602_023958_seed42\phase3_latent_cw_Mirai.npz,39-feature RobustScaler-transformed model space (data/processed/scaler.pkl); no additional feature scaling
Mirai,Latent-CW,wasserstein_per_feature,33,AVG,0.06730294665096805,119992,100,ok,D:\thesis_final\outputs\latent_attacks\phase3_20260602_023958_seed42\phase3_latent_cw_Mirai.npz,39-feature RobustScaler-transformed model space (data/processed/scaler.pkl); no additional feature scaling
Mirai,Latent-CW,wasserstein_per_feature,34,Std,0.1255440693481107,119992,100,ok,D:\thesis_final\outputs\latent_attacks\phase3_20260602_023958_seed42\phase3_latent_cw_Mirai.npz,39-feature RobustScaler-transformed model space (data/processed/scaler.pkl); no additional feature scaling
Mirai,Latent-CW,wasserstein_per_feature,35,Tot size,0.06730294665096805,119992,100,ok,D:\thesis_final\outputs\latent_attacks\phase3_20260602_023958_seed42\phase3_latent_cw_Mirai.npz,39-feature RobustScaler-transformed model space (data/processed/scaler.pkl); no additional feature scaling
Mirai,Latent-CW,wasserstein_per_feature,36,IAT,0.6930590256313474,119992,100,ok,D:\thesis_final\outputs\latent_attacks\phase3_20260602_023958_seed42\phase3_latent_cw_Mirai.npz,39-feature RobustScaler-transformed model space (data/processed/scaler.pkl); no additional feature scaling
Mirai,Latent-CW,wasserstein_per_feature,37,Number,0.008491692218090477,119992,100,ok,D:\thesis_final\outputs\latent_attacks\phase3_20260602_023958_seed42\phase3_latent_cw_Mirai.npz,39-feature RobustScaler-transformed model space (data/processed/scaler.pkl); no additional feature scaling
Mirai,Latent-CW,wasserstein_per_feature,38,Variance,0.203302035703085,119992,100,ok,D:\thesis_final\outputs\latent_attacks\phase3_20260602_023958_seed42\phase3_latent_cw_Mirai.npz,39-feature RobustScaler-transformed model space (data/processed/scaler.pkl); no additional feature scaling
Mirai,cInput CPGD,wasserstein_per_feature,0,Header_Length,N/A,N/A,N/A,# TODO: canonical cInput run has outcomes but no full 39-feature adversarial vectors; the eight-sample exhibit is not used,D:\thesis_final\outputs\latent_attacks\constrained_input_baselines_20260602_032651_seed42,39-feature RobustScaler-transformed model space (data/processed/scaler.pkl); no additional feature scaling
Mirai,cInput CPGD,wasserstein_per_feature,1,Protocol Type,N/A,N/A,N/A,# TODO: canonical cInput run has outcomes but no full 39-feature adversarial vectors; the eight-sample exhibit is not used,D:\thesis_final\outputs\latent_attacks\constrained_input_baselines_20260602_032651_seed42,39-feature RobustScaler-transformed model space (data/processed/scaler.pkl); no additional feature scaling
Mirai,cInput CPGD,wasserstein_per_feature,2,Time_To_Live,N/A,N/A,N/A,# TODO: canonical cInput run has outcomes but no full 39-feature adversarial vectors; the eight-sample exhibit is not used,D:\thesis_final\outputs\latent_attacks\constrained_input_baselines_20260602_032651_seed42,39-feature RobustScaler-transformed model space (data/processed/scaler.pkl); no additional feature scaling
Mirai,cInput CPGD,wasserstein_per_feature,3,Rate,N/A,N/A,N/A,# TODO: canonical cInput run has outcomes but no full 39-feature adversarial vectors; the eight-sample exhibit is not used,D:\thesis_final\outputs\latent_attacks\constrained_input_baselines_20260602_032651_seed42,39-feature RobustScaler-transformed model space (data/processed/scaler.pkl); no additional feature scaling
Mirai,cInput CPGD,wasserstein_per_feature,4,fin_flag_number,N/A,N/A,N/A,# TODO: canonical cInput run has outcomes but no full 39-feature adversarial vectors; the eight-sample exhibit is not used,D:\thesis_final\outputs\latent_attacks\constrained_input_baselines_20260602_032651_seed42,39-feature RobustScaler-transformed model space (data/processed/scaler.pkl); no additional feature scaling
Mirai,cInput CPGD,wasserstein_per_feature,5,syn_flag_number,N/A,N/A,N/A,# TODO: canonical cInput run has outcomes but no full 39-feature adversarial vectors; the eight-sample exhibit is not used,D:\thesis_final\outputs\latent_attacks\constrained_input_baselines_20260602_032651_seed42,39-feature RobustScaler-transformed model space (data/processed/scaler.pkl); no additional feature scaling
Mirai,cInput CPGD,wasserstein_per_feature,6,rst_flag_number,N/A,N/A,N/A,# TODO: canonical cInput run has outcomes but no full 39-feature adversarial vectors; the eight-sample exhibit is not used,D:\thesis_final\outputs\latent_attacks\constrained_input_baselines_20260602_032651_seed42,39-feature RobustScaler-transformed model space (data/processed/scaler.pkl); no additional feature scaling
Mirai,cInput CPGD,wasserstein_per_feature,7,psh_flag_number,N/A,N/A,N/A,# TODO: canonical cInput run has outcomes but no full 39-feature adversarial vectors; the eight-sample exhibit is not used,D:\thesis_final\outputs\latent_attacks\constrained_input_baselines_20260602_032651_seed42,39-feature RobustScaler-transformed model space (data/processed/scaler.pkl); no additional feature scaling
Mirai,cInput CPGD,wasserstein_per_feature,8,ack_flag_number,N/A,N/A,N/A,# TODO: canonical cInput run has outcomes but no full 39-feature adversarial vectors; the eight-sample exhibit is not used,D:\thesis_final\outputs\latent_attacks\constrained_input_baselines_20260602_032651_seed42,39-feature RobustScaler-transformed model space (data/processed/scaler.pkl); no additional feature scaling
Mirai,cInput CPGD,wasserstein_per_feature,9,ece_flag_number,N/A,N/A,N/A,# TODO: canonical cInput run has outcomes but no full 39-feature adversarial vectors; the eight-sample exhibit is not used,D:\thesis_final\outputs\latent_attacks\constrained_input_baselines_20260602_032651_seed42,39-feature RobustScaler-transformed model space (data/processed/scaler.pkl); no additional feature scaling
Mirai,cInput CPGD,wasserstein_per_feature,10,cwr_flag_number,N/A,N/A,N/A,# TODO: canonical cInput run has outcomes but no full 39-feature adversarial vectors; the eight-sample exhibit is not used,D:\thesis_final\outputs\latent_attacks\constrained_input_baselines_20260602_032651_seed42,39-feature RobustScaler-transformed model space (data/processed/scaler.pkl); no additional feature scaling
Mirai,cInput CPGD,wasserstein_per_feature,11,ack_count,N/A,N/A,N/A,# TODO: canonical cInput run has outcomes but no full 39-feature adversarial vectors; the eight-sample exhibit is not used,D:\thesis_final\outputs\latent_attacks\constrained_input_baselines_20260602_032651_seed42,39-feature RobustScaler-transformed model space (data/processed/scaler.pkl); no additional feature scaling
Mirai,cInput CPGD,wasserstein_per_feature,12,syn_count,N/A,N/A,N/A,# TODO: canonical cInput run has outcomes but no full 39-feature adversarial vectors; the eight-sample exhibit is not used,D:\thesis_final\outputs\latent_attacks\constrained_input_baselines_20260602_032651_seed42,39-feature RobustScaler-transformed model space (data/processed/scaler.pkl); no additional feature scaling
Mirai,cInput CPGD,wasserstein_per_feature,13,fin_count,N/A,N/A,N/A,# TODO: canonical cInput run has outcomes but no full 39-feature adversarial vectors; the eight-sample exhibit is not used,D:\thesis_final\outputs\latent_attacks\constrained_input_baselines_20260602_032651_seed42,39-feature RobustScaler-transformed model space (data/processed/scaler.pkl); no additional feature scaling
Mirai,cInput CPGD,wasserstein_per_feature,14,rst_count,N/A,N/A,N/A,# TODO: canonical cInput run has outcomes but no full 39-feature adversarial vectors; the eight-sample exhibit is not used,D:\thesis_final\outputs\latent_attacks\constrained_input_baselines_20260602_032651_seed42,39-feature RobustScaler-transformed model space (data/processed/scaler.pkl); no additional feature scaling
Mirai,cInput CPGD,wasserstein_per_feature,15,HTTP,N/A,N/A,N/A,# TODO: canonical cInput run has outcomes but no full 39-feature adversarial vectors; the eight-sample exhibit is not used,D:\thesis_final\outputs\latent_attacks\constrained_input_baselines_20260602_032651_seed42,39-feature RobustScaler-transformed model space (data/processed/scaler.pkl); no additional feature scaling
Mirai,cInput CPGD,wasserstein_per_feature,16,HTTPS,N/A,N/A,N/A,# TODO: canonical cInput run has outcomes but no full 39-feature adversarial vectors; the eight-sample exhibit is not used,D:\thesis_final\outputs\latent_attacks\constrained_input_baselines_20260602_032651_seed42,39-feature RobustScaler-transformed model space (data/processed/scaler.pkl); no additional feature scaling
Mirai,cInput CPGD,wasserstein_per_feature,17,DNS,N/A,N/A,N/A,# TODO: canonical cInput run has outcomes but no full 39-feature adversarial vectors; the eight-sample exhibit is not used,D:\thesis_final\outputs\latent_attacks\constrained_input_baselines_20260602_032651_seed42,39-feature RobustScaler-transformed model space (data/processed/scaler.pkl); no additional feature scaling
Mirai,cInput CPGD,wasserstein_per_feature,18,Telnet,N/A,N/A,N/A,# TODO: canonical cInput run has outcomes but no full 39-feature adversarial vectors; the eight-sample exhibit is not used,D:\thesis_final\outputs\latent_attacks\constrained_input_baselines_20260602_032651_seed42,39-feature RobustScaler-transformed model space (data/processed/scaler.pkl); no additional feature scaling
Mirai,cInput CPGD,wasserstein_per_feature,19,SMTP,N/A,N/A,N/A,# TODO: canonical cInput run has outcomes but no full 39-feature adversarial vectors; the eight-sample exhibit is not used,D:\thesis_final\outputs\latent_attacks\constrained_input_baselines_20260602_032651_seed42,39-feature RobustScaler-transformed model space (data/processed/scaler.pkl); no additional feature scaling
Mirai,cInput CPGD,wasserstein_per_feature,20,SSH,N/A,N/A,N/A,# TODO: canonical cInput run has outcomes but no full 39-feature adversarial vectors; the eight-sample exhibit is not used,D:\thesis_final\outputs\latent_attacks\constrained_input_baselines_20260602_032651_seed42,39-feature RobustScaler-transformed model space (data/processed/scaler.pkl); no additional feature scaling
Mirai,cInput CPGD,wasserstein_per_feature,21,IRC,N/A,N/A,N/A,# TODO: canonical cInput run has outcomes but no full 39-feature adversarial vectors; the eight-sample exhibit is not used,D:\thesis_final\outputs\latent_attacks\constrained_input_baselines_20260602_032651_seed42,39-feature RobustScaler-transformed model space (data/processed/scaler.pkl); no additional feature scaling
Mirai,cInput CPGD,wasserstein_per_feature,22,TCP,N/A,N/A,N/A,# TODO: canonical cInput run has outcomes but no full 39-feature adversarial vectors; the eight-sample exhibit is not used,D:\thesis_final\outputs\latent_attacks\constrained_input_baselines_20260602_032651_seed42,39-feature RobustScaler-transformed model space (data/processed/scaler.pkl); no additional feature scaling
Mirai,cInput CPGD,wasserstein_per_feature,23,UDP,N/A,N/A,N/A,# TODO: canonical cInput run has outcomes but no full 39-feature adversarial vectors; the eight-sample exhibit is not used,D:\thesis_final\outputs\latent_attacks\constrained_input_baselines_20260602_032651_seed42,39-feature RobustScaler-transformed model space (data/processed/scaler.pkl); no additional feature scaling
Mirai,cInput CPGD,wasserstein_per_feature,24,DHCP,N/A,N/A,N/A,# TODO: canonical cInput run has outcomes but no full 39-feature adversarial vectors; the eight-sample exhibit is not used,D:\thesis_final\outputs\latent_attacks\constrained_input_baselines_20260602_032651_seed42,39-feature RobustScaler-transformed model space (data/processed/scaler.pkl); no additional feature scaling
Mirai,cInput CPGD,wasserstein_per_feature,25,ARP,N/A,N/A,N/A,# TODO: canonical cInput run has outcomes but no full 39-feature adversarial vectors; the eight-sample exhibit is not used,D:\thesis_final\outputs\latent_attacks\constrained_input_baselines_20260602_032651_seed42,39-feature RobustScaler-transformed model space (data/processed/scaler.pkl); no additional feature scaling
Mirai,cInput CPGD,wasserstein_per_feature,26,ICMP,N/A,N/A,N/A,# TODO: canonical cInput run has outcomes but no full 39-feature adversarial vectors; the eight-sample exhibit is not used,D:\thesis_final\outputs\latent_attacks\constrained_input_baselines_20260602_032651_seed42,39-feature RobustScaler-transformed model space (data/processed/scaler.pkl); no additional feature scaling
Mirai,cInput CPGD,wasserstein_per_feature,27,IGMP,N/A,N/A,N/A,# TODO: canonical cInput run has outcomes but no full 39-feature adversarial vectors; the eight-sample exhibit is not used,D:\thesis_final\outputs\latent_attacks\constrained_input_baselines_20260602_032651_seed42,39-feature RobustScaler-transformed model space (data/processed/scaler.pkl); no additional feature scaling
Mirai,cInput CPGD,wasserstein_per_feature,28,IPv,N/A,N/A,N/A,# TODO: canonical cInput run has outcomes but no full 39-feature adversarial vectors; the eight-sample exhibit is not used,D:\thesis_final\outputs\latent_attacks\constrained_input_baselines_20260602_032651_seed42,39-feature RobustScaler-transformed model space (data/processed/scaler.pkl); no additional feature scaling
Mirai,cInput CPGD,wasserstein_per_feature,29,LLC,N/A,N/A,N/A,# TODO: canonical cInput run has outcomes but no full 39-feature adversarial vectors; the eight-sample exhibit is not used,D:\thesis_final\outputs\latent_attacks\constrained_input_baselines_20260602_032651_seed42,39-feature RobustScaler-transformed model space (data/processed/scaler.pkl); no additional feature scaling
Mirai,cInput CPGD,wasserstein_per_feature,30,Tot sum,N/A,N/A,N/A,# TODO: canonical cInput run has outcomes but no full 39-feature adversarial vectors; the eight-sample exhibit is not used,D:\thesis_final\outputs\latent_attacks\constrained_input_baselines_20260602_032651_seed42,39-feature RobustScaler-transformed model space (data/processed/scaler.pkl); no additional feature scaling
Mirai,cInput CPGD,wasserstein_per_feature,31,Min,N/A,N/A,N/A,# TODO: canonical cInput run has outcomes but no full 39-feature adversarial vectors; the eight-sample exhibit is not used,D:\thesis_final\outputs\latent_attacks\constrained_input_baselines_20260602_032651_seed42,39-feature RobustScaler-transformed model space (data/processed/scaler.pkl); no additional feature scaling
Mirai,cInput CPGD,wasserstein_per_feature,32,Max,N/A,N/A,N/A,# TODO: canonical cInput run has outcomes but no full 39-feature adversarial vectors; the eight-sample exhibit is not used,D:\thesis_final\outputs\latent_attacks\constrained_input_baselines_20260602_032651_seed42,39-feature RobustScaler-transformed model space (data/processed/scaler.pkl); no additional feature scaling
Mirai,cInput CPGD,wasserstein_per_feature,33,AVG,N/A,N/A,N/A,# TODO: canonical cInput run has outcomes but no full 39-feature adversarial vectors; the eight-sample exhibit is not used,D:\thesis_final\outputs\latent_attacks\constrained_input_baselines_20260602_032651_seed42,39-feature RobustScaler-transformed model space (data/processed/scaler.pkl); no additional feature scaling
Mirai,cInput CPGD,wasserstein_per_feature,34,Std,N/A,N/A,N/A,# TODO: canonical cInput run has outcomes but no full 39-feature adversarial vectors; the eight-sample exhibit is not used,D:\thesis_final\outputs\latent_attacks\constrained_input_baselines_20260602_032651_seed42,39-feature RobustScaler-transformed model space (data/processed/scaler.pkl); no additional feature scaling
Mirai,cInput CPGD,wasserstein_per_feature,35,Tot size,N/A,N/A,N/A,# TODO: canonical cInput run has outcomes but no full 39-feature adversarial vectors; the eight-sample exhibit is not used,D:\thesis_final\outputs\latent_attacks\constrained_input_baselines_20260602_032651_seed42,39-feature RobustScaler-transformed model space (data/processed/scaler.pkl); no additional feature scaling
Mirai,cInput CPGD,wasserstein_per_feature,36,IAT,N/A,N/A,N/A,# TODO: canonical cInput run has outcomes but no full 39-feature adversarial vectors; the eight-sample exhibit is not used,D:\thesis_final\outputs\latent_attacks\constrained_input_baselines_20260602_032651_seed42,39-feature RobustScaler-transformed model space (data/processed/scaler.pkl); no additional feature scaling
Mirai,cInput CPGD,wasserstein_per_feature,37,Number,N/A,N/A,N/A,# TODO: canonical cInput run has outcomes but no full 39-feature adversarial vectors; the eight-sample exhibit is not used,D:\thesis_final\outputs\latent_attacks\constrained_input_baselines_20260602_032651_seed42,39-feature RobustScaler-transformed model space (data/processed/scaler.pkl); no additional feature scaling
Mirai,cInput CPGD,wasserstein_per_feature,38,Variance,N/A,N/A,N/A,# TODO: canonical cInput run has outcomes but no full 39-feature adversarial vectors; the eight-sample exhibit is not used,D:\thesis_final\outputs\latent_attacks\constrained_input_baselines_20260602_032651_seed42,39-feature RobustScaler-transformed model space (data/processed/scaler.pkl); no additional feature scaling
Mirai,cInput CCW,wasserstein_per_feature,0,Header_Length,N/A,N/A,N/A,# TODO: canonical cInput run has outcomes but no full 39-feature adversarial vectors; the eight-sample exhibit is not used,D:\thesis_final\outputs\latent_attacks\constrained_input_baselines_20260602_032651_seed42,39-feature RobustScaler-transformed model space (data/processed/scaler.pkl); no additional feature scaling
Mirai,cInput CCW,wasserstein_per_feature,1,Protocol Type,N/A,N/A,N/A,# TODO: canonical cInput run has outcomes but no full 39-feature adversarial vectors; the eight-sample exhibit is not used,D:\thesis_final\outputs\latent_attacks\constrained_input_baselines_20260602_032651_seed42,39-feature RobustScaler-transformed model space (data/processed/scaler.pkl); no additional feature scaling
Mirai,cInput CCW,wasserstein_per_feature,2,Time_To_Live,N/A,N/A,N/A,# TODO: canonical cInput run has outcomes but no full 39-feature adversarial vectors; the eight-sample exhibit is not used,D:\thesis_final\outputs\latent_attacks\constrained_input_baselines_20260602_032651_seed42,39-feature RobustScaler-transformed model space (data/processed/scaler.pkl); no additional feature scaling
Mirai,cInput CCW,wasserstein_per_feature,3,Rate,N/A,N/A,N/A,# TODO: canonical cInput run has outcomes but no full 39-feature adversarial vectors; the eight-sample exhibit is not used,D:\thesis_final\outputs\latent_attacks\constrained_input_baselines_20260602_032651_seed42,39-feature RobustScaler-transformed model space (data/processed/scaler.pkl); no additional feature scaling
Mirai,cInput CCW,wasserstein_per_feature,4,fin_flag_number,N/A,N/A,N/A,# TODO: canonical cInput run has outcomes but no full 39-feature adversarial vectors; the eight-sample exhibit is not used,D:\thesis_final\outputs\latent_attacks\constrained_input_baselines_20260602_032651_seed42,39-feature RobustScaler-transformed model space (data/processed/scaler.pkl); no additional feature scaling
Mirai,cInput CCW,wasserstein_per_feature,5,syn_flag_number,N/A,N/A,N/A,# TODO: canonical cInput run has outcomes but no full 39-feature adversarial vectors; the eight-sample exhibit is not used,D:\thesis_final\outputs\latent_attacks\constrained_input_baselines_20260602_032651_seed42,39-feature RobustScaler-transformed model space (data/processed/scaler.pkl); no additional feature scaling
Mirai,cInput CCW,wasserstein_per_feature,6,rst_flag_number,N/A,N/A,N/A,# TODO: canonical cInput run has outcomes but no full 39-feature adversarial vectors; the eight-sample exhibit is not used,D:\thesis_final\outputs\latent_attacks\constrained_input_baselines_20260602_032651_seed42,39-feature RobustScaler-transformed model space (data/processed/scaler.pkl); no additional feature scaling
Mirai,cInput CCW,wasserstein_per_feature,7,psh_flag_number,N/A,N/A,N/A,# TODO: canonical cInput run has outcomes but no full 39-feature adversarial vectors; the eight-sample exhibit is not used,D:\thesis_final\outputs\latent_attacks\constrained_input_baselines_20260602_032651_seed42,39-feature RobustScaler-transformed model space (data/processed/scaler.pkl); no additional feature scaling
Mirai,cInput CCW,wasserstein_per_feature,8,ack_flag_number,N/A,N/A,N/A,# TODO: canonical cInput run has outcomes but no full 39-feature adversarial vectors; the eight-sample exhibit is not used,D:\thesis_final\outputs\latent_attacks\constrained_input_baselines_20260602_032651_seed42,39-feature RobustScaler-transformed model space (data/processed/scaler.pkl); no additional feature scaling
Mirai,cInput CCW,wasserstein_per_feature,9,ece_flag_number,N/A,N/A,N/A,# TODO: canonical cInput run has outcomes but no full 39-feature adversarial vectors; the eight-sample exhibit is not used,D:\thesis_final\outputs\latent_attacks\constrained_input_baselines_20260602_032651_seed42,39-feature RobustScaler-transformed model space (data/processed/scaler.pkl); no additional feature scaling
Mirai,cInput CCW,wasserstein_per_feature,10,cwr_flag_number,N/A,N/A,N/A,# TODO: canonical cInput run has outcomes but no full 39-feature adversarial vectors; the eight-sample exhibit is not used,D:\thesis_final\outputs\latent_attacks\constrained_input_baselines_20260602_032651_seed42,39-feature RobustScaler-transformed model space (data/processed/scaler.pkl); no additional feature scaling
Mirai,cInput CCW,wasserstein_per_feature,11,ack_count,N/A,N/A,N/A,# TODO: canonical cInput run has outcomes but no full 39-feature adversarial vectors; the eight-sample exhibit is not used,D:\thesis_final\outputs\latent_attacks\constrained_input_baselines_20260602_032651_seed42,39-feature RobustScaler-transformed model space (data/processed/scaler.pkl); no additional feature scaling
Mirai,cInput CCW,wasserstein_per_feature,12,syn_count,N/A,N/A,N/A,# TODO: canonical cInput run has outcomes but no full 39-feature adversarial vectors; the eight-sample exhibit is not used,D:\thesis_final\outputs\latent_attacks\constrained_input_baselines_20260602_032651_seed42,39-feature RobustScaler-transformed model space (data/processed/scaler.pkl); no additional feature scaling
Mirai,cInput CCW,wasserstein_per_feature,13,fin_count,N/A,N/A,N/A,# TODO: canonical cInput run has outcomes but no full 39-feature adversarial vectors; the eight-sample exhibit is not used,D:\thesis_final\outputs\latent_attacks\constrained_input_baselines_20260602_032651_seed42,39-feature RobustScaler-transformed model space (data/processed/scaler.pkl); no additional feature scaling
Mirai,cInput CCW,wasserstein_per_feature,14,rst_count,N/A,N/A,N/A,# TODO: canonical cInput run has outcomes but no full 39-feature adversarial vectors; the eight-sample exhibit is not used,D:\thesis_final\outputs\latent_attacks\constrained_input_baselines_20260602_032651_seed42,39-feature RobustScaler-transformed model space (data/processed/scaler.pkl); no additional feature scaling
Mirai,cInput CCW,wasserstein_per_feature,15,HTTP,N/A,N/A,N/A,# TODO: canonical cInput run has outcomes but no full 39-feature adversarial vectors; the eight-sample exhibit is not used,D:\thesis_final\outputs\latent_attacks\constrained_input_baselines_20260602_032651_seed42,39-feature RobustScaler-transformed model space (data/processed/scaler.pkl); no additional feature scaling
Mirai,cInput CCW,wasserstein_per_feature,16,HTTPS,N/A,N/A,N/A,# TODO: canonical cInput run has outcomes but no full 39-feature adversarial vectors; the eight-sample exhibit is not used,D:\thesis_final\outputs\latent_attacks\constrained_input_baselines_20260602_032651_seed42,39-feature RobustScaler-transformed model space (data/processed/scaler.pkl); no additional feature scaling
Mirai,cInput CCW,wasserstein_per_feature,17,DNS,N/A,N/A,N/A,# TODO: canonical cInput run has outcomes but no full 39-feature adversarial vectors; the eight-sample exhibit is not used,D:\thesis_final\outputs\latent_attacks\constrained_input_baselines_20260602_032651_seed42,39-feature RobustScaler-transformed model space (data/processed/scaler.pkl); no additional feature scaling
Mirai,cInput CCW,wasserstein_per_feature,18,Telnet,N/A,N/A,N/A,# TODO: canonical cInput run has outcomes but no full 39-feature adversarial vectors; the eight-sample exhibit is not used,D:\thesis_final\outputs\latent_attacks\constrained_input_baselines_20260602_032651_seed42,39-feature RobustScaler-transformed model space (data/processed/scaler.pkl); no additional feature scaling
Mirai,cInput CCW,wasserstein_per_feature,19,SMTP,N/A,N/A,N/A,# TODO: canonical cInput run has outcomes but no full 39-feature adversarial vectors; the eight-sample exhibit is not used,D:\thesis_final\outputs\latent_attacks\constrained_input_baselines_20260602_032651_seed42,39-feature RobustScaler-transformed model space (data/processed/scaler.pkl); no additional feature scaling
Mirai,cInput CCW,wasserstein_per_feature,20,SSH,N/A,N/A,N/A,# TODO: canonical cInput run has outcomes but no full 39-feature adversarial vectors; the eight-sample exhibit is not used,D:\thesis_final\outputs\latent_attacks\constrained_input_baselines_20260602_032651_seed42,39-feature RobustScaler-transformed model space (data/processed/scaler.pkl); no additional feature scaling
Mirai,cInput CCW,wasserstein_per_feature,21,IRC,N/A,N/A,N/A,# TODO: canonical cInput run has outcomes but no full 39-feature adversarial vectors; the eight-sample exhibit is not used,D:\thesis_final\outputs\latent_attacks\constrained_input_baselines_20260602_032651_seed42,39-feature RobustScaler-transformed model space (data/processed/scaler.pkl); no additional feature scaling
Mirai,cInput CCW,wasserstein_per_feature,22,TCP,N/A,N/A,N/A,# TODO: canonical cInput run has outcomes but no full 39-feature adversarial vectors; the eight-sample exhibit is not used,D:\thesis_final\outputs\latent_attacks\constrained_input_baselines_20260602_032651_seed42,39-feature RobustScaler-transformed model space (data/processed/scaler.pkl); no additional feature scaling
Mirai,cInput CCW,wasserstein_per_feature,23,UDP,N/A,N/A,N/A,# TODO: canonical cInput run has outcomes but no full 39-feature adversarial vectors; the eight-sample exhibit is not used,D:\thesis_final\outputs\latent_attacks\constrained_input_baselines_20260602_032651_seed42,39-feature RobustScaler-transformed model space (data/processed/scaler.pkl); no additional feature scaling
Mirai,cInput CCW,wasserstein_per_feature,24,DHCP,N/A,N/A,N/A,# TODO: canonical cInput run has outcomes but no full 39-feature adversarial vectors; the eight-sample exhibit is not used,D:\thesis_final\outputs\latent_attacks\constrained_input_baselines_20260602_032651_seed42,39-feature RobustScaler-transformed model space (data/processed/scaler.pkl); no additional feature scaling
Mirai,cInput CCW,wasserstein_per_feature,25,ARP,N/A,N/A,N/A,# TODO: canonical cInput run has outcomes but no full 39-feature adversarial vectors; the eight-sample exhibit is not used,D:\thesis_final\outputs\latent_attacks\constrained_input_baselines_20260602_032651_seed42,39-feature RobustScaler-transformed model space (data/processed/scaler.pkl); no additional feature scaling
Mirai,cInput CCW,wasserstein_per_feature,26,ICMP,N/A,N/A,N/A,# TODO: canonical cInput run has outcomes but no full 39-feature adversarial vectors; the eight-sample exhibit is not used,D:\thesis_final\outputs\latent_attacks\constrained_input_baselines_20260602_032651_seed42,39-feature RobustScaler-transformed model space (data/processed/scaler.pkl); no additional feature scaling
Mirai,cInput CCW,wasserstein_per_feature,27,IGMP,N/A,N/A,N/A,# TODO: canonical cInput run has outcomes but no full 39-feature adversarial vectors; the eight-sample exhibit is not used,D:\thesis_final\outputs\latent_attacks\constrained_input_baselines_20260602_032651_seed42,39-feature RobustScaler-transformed model space (data/processed/scaler.pkl); no additional feature scaling
Mirai,cInput CCW,wasserstein_per_feature,28,IPv,N/A,N/A,N/A,# TODO: canonical cInput run has outcomes but no full 39-feature adversarial vectors; the eight-sample exhibit is not used,D:\thesis_final\outputs\latent_attacks\constrained_input_baselines_20260602_032651_seed42,39-feature RobustScaler-transformed model space (data/processed/scaler.pkl); no additional feature scaling
Mirai,cInput CCW,wasserstein_per_feature,29,LLC,N/A,N/A,N/A,# TODO: canonical cInput run has outcomes but no full 39-feature adversarial vectors; the eight-sample exhibit is not used,D:\thesis_final\outputs\latent_attacks\constrained_input_baselines_20260602_032651_seed42,39-feature RobustScaler-transformed model space (data/processed/scaler.pkl); no additional feature scaling
Mirai,cInput CCW,wasserstein_per_feature,30,Tot sum,N/A,N/A,N/A,# TODO: canonical cInput run has outcomes but no full 39-feature adversarial vectors; the eight-sample exhibit is not used,D:\thesis_final\outputs\latent_attacks\constrained_input_baselines_20260602_032651_seed42,39-feature RobustScaler-transformed model space (data/processed/scaler.pkl); no additional feature scaling
Mirai,cInput CCW,wasserstein_per_feature,31,Min,N/A,N/A,N/A,# TODO: canonical cInput run has outcomes but no full 39-feature adversarial vectors; the eight-sample exhibit is not used,D:\thesis_final\outputs\latent_attacks\constrained_input_baselines_20260602_032651_seed42,39-feature RobustScaler-transformed model space (data/processed/scaler.pkl); no additional feature scaling
Mirai,cInput CCW,wasserstein_per_feature,32,Max,N/A,N/A,N/A,# TODO: canonical cInput run has outcomes but no full 39-feature adversarial vectors; the eight-sample exhibit is not used,D:\thesis_final\outputs\latent_attacks\constrained_input_baselines_20260602_032651_seed42,39-feature RobustScaler-transformed model space (data/processed/scaler.pkl); no additional feature scaling
Mirai,cInput CCW,wasserstein_per_feature,33,AVG,N/A,N/A,N/A,# TODO: canonical cInput run has outcomes but no full 39-feature adversarial vectors; the eight-sample exhibit is not used,D:\thesis_final\outputs\latent_attacks\constrained_input_baselines_20260602_032651_seed42,39-feature RobustScaler-transformed model space (data/processed/scaler.pkl); no additional feature scaling
Mirai,cInput CCW,wasserstein_per_feature,34,Std,N/A,N/A,N/A,# TODO: canonical cInput run has outcomes but no full 39-feature adversarial vectors; the eight-sample exhibit is not used,D:\thesis_final\outputs\latent_attacks\constrained_input_baselines_20260602_032651_seed42,39-feature RobustScaler-transformed model space (data/processed/scaler.pkl); no additional feature scaling
Mirai,cInput CCW,wasserstein_per_feature,35,Tot size,N/A,N/A,N/A,# TODO: canonical cInput run has outcomes but no full 39-feature adversarial vectors; the eight-sample exhibit is not used,D:\thesis_final\outputs\latent_attacks\constrained_input_baselines_20260602_032651_seed42,39-feature RobustScaler-transformed model space (data/processed/scaler.pkl); no additional feature scaling
Mirai,cInput CCW,wasserstein_per_feature,36,IAT,N/A,N/A,N/A,# TODO: canonical cInput run has outcomes but no full 39-feature adversarial vectors; the eight-sample exhibit is not used,D:\thesis_final\outputs\latent_attacks\constrained_input_baselines_20260602_032651_seed42,39-feature RobustScaler-transformed model space (data/processed/scaler.pkl); no additional feature scaling
Mirai,cInput CCW,wasserstein_per_feature,37,Number,N/A,N/A,N/A,# TODO: canonical cInput run has outcomes but no full 39-feature adversarial vectors; the eight-sample exhibit is not used,D:\thesis_final\outputs\latent_attacks\constrained_input_baselines_20260602_032651_seed42,39-feature RobustScaler-transformed model space (data/processed/scaler.pkl); no additional feature scaling
Mirai,cInput CCW,wasserstein_per_feature,38,Variance,N/A,N/A,N/A,# TODO: canonical cInput run has outcomes but no full 39-feature adversarial vectors; the eight-sample exhibit is not used,D:\thesis_final\outputs\latent_attacks\constrained_input_baselines_20260602_032651_seed42,39-feature RobustScaler-transformed model space (data/processed/scaler.pkl); no additional feature scaling
BruteForce,PGD,wasserstein_per_feature,0,Header_Length,0.18191456115792098,2504,141,ok,D:\thesis_final\results\attacks\attack_8class_pgd_0.30.npz,39-feature RobustScaler-transformed model space (data/processed/scaler.pkl); no additional feature scaling
BruteForce,PGD,wasserstein_per_feature,1,Protocol Type,0.27264916421841967,2504,141,ok,D:\thesis_final\results\attacks\attack_8class_pgd_0.30.npz,39-feature RobustScaler-transformed model space (data/processed/scaler.pkl); no additional feature scaling
BruteForce,PGD,wasserstein_per_feature,2,Time_To_Live,1.9131177893928697,2504,141,ok,D:\thesis_final\results\attacks\attack_8class_pgd_0.30.npz,39-feature RobustScaler-transformed model space (data/processed/scaler.pkl); no additional feature scaling
BruteForce,PGD,wasserstein_per_feature,3,Rate,0.5796409198874524,2504,141,ok,D:\thesis_final\results\attacks\attack_8class_pgd_0.30.npz,39-feature RobustScaler-transformed model space (data/processed/scaler.pkl); no additional feature scaling
BruteForce,PGD,wasserstein_per_feature,4,fin_flag_number,0.2808670048362347,2504,141,ok,D:\thesis_final\results\attacks\attack_8class_pgd_0.30.npz,39-feature RobustScaler-transformed model space (data/processed/scaler.pkl); no additional feature scaling
BruteForce,PGD,wasserstein_per_feature,5,syn_flag_number,0.2860004842177348,2504,141,ok,D:\thesis_final\results\attacks\attack_8class_pgd_0.30.npz,39-feature RobustScaler-transformed model space (data/processed/scaler.pkl); no additional feature scaling
BruteForce,PGD,wasserstein_per_feature,6,rst_flag_number,0.2845961951818213,2504,141,ok,D:\thesis_final\results\attacks\attack_8class_pgd_0.30.npz,39-feature RobustScaler-transformed model space (data/processed/scaler.pkl); no additional feature scaling
BruteForce,PGD,wasserstein_per_feature,7,psh_flag_number,0.2967799866411938,2504,141,ok,D:\thesis_final\results\attacks\attack_8class_pgd_0.30.npz,39-feature RobustScaler-transformed model space (data/processed/scaler.pkl); no additional feature scaling
BruteForce,PGD,wasserstein_per_feature,8,ack_flag_number,0.28880993785509274,2504,141,ok,D:\thesis_final\results\attacks\attack_8class_pgd_0.30.npz,39-feature RobustScaler-transformed model space (data/processed/scaler.pkl); no additional feature scaling
BruteForce,PGD,wasserstein_per_feature,9,ece_flag_number,0.2828481857869642,2504,141,ok,D:\thesis_final\results\attacks\attack_8class_pgd_0.30.npz,39-feature RobustScaler-transformed model space (data/processed/scaler.pkl); no additional feature scaling
BruteForce,PGD,wasserstein_per_feature,10,cwr_flag_number,0.28587165073300086,2504,141,ok,D:\thesis_final\results\attacks\attack_8class_pgd_0.30.npz,39-feature RobustScaler-transformed model space (data/processed/scaler.pkl); no additional feature scaling
BruteForce,PGD,wasserstein_per_feature,11,ack_count,0.25527442862716265,2504,141,ok,D:\thesis_final\results\attacks\attack_8class_pgd_0.30.npz,39-feature RobustScaler-transformed model space (data/processed/scaler.pkl); no additional feature scaling
BruteForce,PGD,wasserstein_per_feature,12,syn_count,0.3363988255957054,2504,141,ok,D:\thesis_final\results\attacks\attack_8class_pgd_0.30.npz,39-feature RobustScaler-transformed model space (data/processed/scaler.pkl); no additional feature scaling
BruteForce,PGD,wasserstein_per_feature,13,fin_count,0.309337693612675,2504,141,ok,D:\thesis_final\results\attacks\attack_8class_pgd_0.30.npz,39-feature RobustScaler-transformed model space (data/processed/scaler.pkl); no additional feature scaling
BruteForce,PGD,wasserstein_per_feature,14,rst_count,0.31339702751076676,2504,141,ok,D:\thesis_final\results\attacks\attack_8class_pgd_0.30.npz,39-feature RobustScaler-transformed model space (data/processed/scaler.pkl); no additional feature scaling
BruteForce,PGD,wasserstein_per_feature,15,HTTP,0.27535698780622797,2504,141,ok,D:\thesis_final\results\attacks\attack_8class_pgd_0.30.npz,39-feature RobustScaler-transformed model space (data/processed/scaler.pkl); no additional feature scaling
BruteForce,PGD,wasserstein_per_feature,16,HTTPS,0.28797397286039517,2504,141,ok,D:\thesis_final\results\attacks\attack_8class_pgd_0.30.npz,39-feature RobustScaler-transformed model space (data/processed/scaler.pkl); no additional feature scaling
BruteForce,PGD,wasserstein_per_feature,17,DNS,0.2722026015638459,2504,141,ok,D:\thesis_final\results\attacks\attack_8class_pgd_0.30.npz,39-feature RobustScaler-transformed model space (data/processed/scaler.pkl); no additional feature scaling
BruteForce,PGD,wasserstein_per_feature,18,Telnet,0.27996619225393793,2504,141,ok,D:\thesis_final\results\attacks\attack_8class_pgd_0.30.npz,39-feature RobustScaler-transformed model space (data/processed/scaler.pkl); no additional feature scaling
BruteForce,PGD,wasserstein_per_feature,19,SMTP,0.28550366782550274,2504,141,ok,D:\thesis_final\results\attacks\attack_8class_pgd_0.30.npz,39-feature RobustScaler-transformed model space (data/processed/scaler.pkl); no additional feature scaling
BruteForce,PGD,wasserstein_per_feature,20,SSH,0.2809903505187041,2504,141,ok,D:\thesis_final\results\attacks\attack_8class_pgd_0.30.npz,39-feature RobustScaler-transformed model space (data/processed/scaler.pkl); no additional feature scaling
BruteForce,PGD,wasserstein_per_feature,21,IRC,0.2810353919969383,2504,141,ok,D:\thesis_final\results\attacks\attack_8class_pgd_0.30.npz,39-feature RobustScaler-transformed model space (data/processed/scaler.pkl); no additional feature scaling
BruteForce,PGD,wasserstein_per_feature,22,TCP,0.275186595902324,2504,141,ok,D:\thesis_final\results\attacks\attack_8class_pgd_0.30.npz,39-feature RobustScaler-transformed model space (data/processed/scaler.pkl); no additional feature scaling
BruteForce,PGD,wasserstein_per_feature,23,UDP,0.2779753351388202,2504,141,ok,D:\thesis_final\results\attacks\attack_8class_pgd_0.30.npz,39-feature RobustScaler-transformed model space (data/processed/scaler.pkl); no additional feature scaling
BruteForce,PGD,wasserstein_per_feature,24,DHCP,0.26682196034395944,2504,141,ok,D:\thesis_final\results\attacks\attack_8class_pgd_0.30.npz,39-feature RobustScaler-transformed model space (data/processed/scaler.pkl); no additional feature scaling
BruteForce,PGD,wasserstein_per_feature,25,ARP,0.28590916206965383,2504,141,ok,D:\thesis_final\results\attacks\attack_8class_pgd_0.30.npz,39-feature RobustScaler-transformed model space (data/processed/scaler.pkl); no additional feature scaling
BruteForce,PGD,wasserstein_per_feature,26,ICMP,0.26389730579041415,2504,141,ok,D:\thesis_final\results\attacks\attack_8class_pgd_0.30.npz,39-feature RobustScaler-transformed model space (data/processed/scaler.pkl); no additional feature scaling
BruteForce,PGD,wasserstein_per_feature,27,IGMP,0.2668927431317931,2504,141,ok,D:\thesis_final\results\attacks\attack_8class_pgd_0.30.npz,39-feature RobustScaler-transformed model space (data/processed/scaler.pkl); no additional feature scaling
BruteForce,PGD,wasserstein_per_feature,28,IPv,0.29131004703462754,2504,141,ok,D:\thesis_final\results\attacks\attack_8class_pgd_0.30.npz,39-feature RobustScaler-transformed model space (data/processed/scaler.pkl); no additional feature scaling
BruteForce,PGD,wasserstein_per_feature,29,LLC,0.28313701830091415,2504,141,ok,D:\thesis_final\results\attacks\attack_8class_pgd_0.30.npz,39-feature RobustScaler-transformed model space (data/processed/scaler.pkl); no additional feature scaling
BruteForce,PGD,wasserstein_per_feature,30,Tot sum,0.23898969884968832,2504,141,ok,D:\thesis_final\results\attacks\attack_8class_pgd_0.30.npz,39-feature RobustScaler-transformed model space (data/processed/scaler.pkl); no additional feature scaling
BruteForce,PGD,wasserstein_per_feature,31,Min,2.717918454933481,2504,141,ok,D:\thesis_final\results\attacks\attack_8class_pgd_0.30.npz,39-feature RobustScaler-transformed model space (data/processed/scaler.pkl); no additional feature scaling
BruteForce,PGD,wasserstein_per_feature,32,Max,0.3124940906383825,2504,141,ok,D:\thesis_final\results\attacks\attack_8class_pgd_0.30.npz,39-feature RobustScaler-transformed model space (data/processed/scaler.pkl); no additional feature scaling
BruteForce,PGD,wasserstein_per_feature,33,AVG,0.2360168865000024,2504,141,ok,D:\thesis_final\results\attacks\attack_8class_pgd_0.30.npz,39-feature RobustScaler-transformed model space (data/processed/scaler.pkl); no additional feature scaling
BruteForce,PGD,wasserstein_per_feature,34,Std,0.21925669032733097,2504,141,ok,D:\thesis_final\results\attacks\attack_8class_pgd_0.30.npz,39-feature RobustScaler-transformed model space (data/processed/scaler.pkl); no additional feature scaling
BruteForce,PGD,wasserstein_per_feature,35,Tot size,0.23345401878031874,2504,141,ok,D:\thesis_final\results\attacks\attack_8class_pgd_0.30.npz,39-feature RobustScaler-transformed model space (data/processed/scaler.pkl); no additional feature scaling
BruteForce,PGD,wasserstein_per_feature,36,IAT,1.353082484634338,2504,141,ok,D:\thesis_final\results\attacks\attack_8class_pgd_0.30.npz,39-feature RobustScaler-transformed model space (data/processed/scaler.pkl); no additional feature scaling
BruteForce,PGD,wasserstein_per_feature,37,Number,0.2647194853911163,2504,141,ok,D:\thesis_final\results\attacks\attack_8class_pgd_0.30.npz,39-feature RobustScaler-transformed model space (data/processed/scaler.pkl); no additional feature scaling
BruteForce,PGD,wasserstein_per_feature,38,Variance,1.3864395057924819,2504,141,ok,D:\thesis_final\results\attacks\attack_8class_pgd_0.30.npz,39-feature RobustScaler-transformed model space (data/processed/scaler.pkl); no additional feature scaling
BruteForce,CW,wasserstein_per_feature,0,Header_Length,0.06982905266994213,2504,141,ok,D:\thesis_final\results\attacks\attack_8class_cw_0.npz,39-feature RobustScaler-transformed model space (data/processed/scaler.pkl); no additional feature scaling
BruteForce,CW,wasserstein_per_feature,1,Protocol Type,0.036594443717423486,2504,141,ok,D:\thesis_final\results\attacks\attack_8class_cw_0.npz,39-feature RobustScaler-transformed model space (data/processed/scaler.pkl); no additional feature scaling
BruteForce,CW,wasserstein_per_feature,2,Time_To_Live,1.847303373690294,2504,141,ok,D:\thesis_final\results\attacks\attack_8class_cw_0.npz,39-feature RobustScaler-transformed model space (data/processed/scaler.pkl); no additional feature scaling
BruteForce,CW,wasserstein_per_feature,3,Rate,0.347009230482484,2504,141,ok,D:\thesis_final\results\attacks\attack_8class_cw_0.npz,39-feature RobustScaler-transformed model space (data/processed/scaler.pkl); no additional feature scaling
BruteForce,CW,wasserstein_per_feature,4,fin_flag_number,0.003592875420755622,2504,141,ok,D:\thesis_final\results\attacks\attack_8class_cw_0.npz,39-feature RobustScaler-transformed model space (data/processed/scaler.pkl); no additional feature scaling
BruteForce,CW,wasserstein_per_feature,5,syn_flag_number,0.017643538640703445,2504,141,ok,D:\thesis_final\results\attacks\attack_8class_cw_0.npz,39-feature RobustScaler-transformed model space (data/processed/scaler.pkl); no additional feature scaling
BruteForce,CW,wasserstein_per_feature,6,rst_flag_number,0.030984567437233435,2504,141,ok,D:\thesis_final\results\attacks\attack_8class_cw_0.npz,39-feature RobustScaler-transformed model space (data/processed/scaler.pkl); no additional feature scaling
BruteForce,CW,wasserstein_per_feature,7,psh_flag_number,0.04303631163404027,2504,141,ok,D:\thesis_final\results\attacks\attack_8class_cw_0.npz,39-feature RobustScaler-transformed model space (data/processed/scaler.pkl); no additional feature scaling
BruteForce,CW,wasserstein_per_feature,8,ack_flag_number,0.026465913117805735,2504,141,ok,D:\thesis_final\results\attacks\attack_8class_cw_0.npz,39-feature RobustScaler-transformed model space (data/processed/scaler.pkl); no additional feature scaling
BruteForce,CW,wasserstein_per_feature,9,ece_flag_number,0.0013391187776570336,2504,141,ok,D:\thesis_final\results\attacks\attack_8class_cw_0.npz,39-feature RobustScaler-transformed model space (data/processed/scaler.pkl); no additional feature scaling
BruteForce,CW,wasserstein_per_feature,10,cwr_flag_number,0.001085501186516019,2504,141,ok,D:\thesis_final\results\attacks\attack_8class_cw_0.npz,39-feature RobustScaler-transformed model space (data/processed/scaler.pkl); no additional feature scaling
BruteForce,CW,wasserstein_per_feature,11,ack_count,0.03537235244813337,2504,141,ok,D:\thesis_final\results\attacks\attack_8class_cw_0.npz,39-feature RobustScaler-transformed model space (data/processed/scaler.pkl); no additional feature scaling
BruteForce,CW,wasserstein_per_feature,12,syn_count,0.08957351679970915,2504,141,ok,D:\thesis_final\results\attacks\attack_8class_cw_0.npz,39-feature RobustScaler-transformed model space (data/processed/scaler.pkl); no additional feature scaling
BruteForce,CW,wasserstein_per_feature,13,fin_count,0.0990745739292166,2504,141,ok,D:\thesis_final\results\attacks\attack_8class_cw_0.npz,39-feature RobustScaler-transformed model space (data/processed/scaler.pkl); no additional feature scaling
BruteForce,CW,wasserstein_per_feature,14,rst_count,0.036265157026561703,2504,141,ok,D:\thesis_final\results\attacks\attack_8class_cw_0.npz,39-feature RobustScaler-transformed model space (data/processed/scaler.pkl); no additional feature scaling
BruteForce,CW,wasserstein_per_feature,15,HTTP,0.017493870919681964,2504,141,ok,D:\thesis_final\results\attacks\attack_8class_cw_0.npz,39-feature RobustScaler-transformed model space (data/processed/scaler.pkl); no additional feature scaling
BruteForce,CW,wasserstein_per_feature,16,HTTPS,0.022811579077428795,2504,141,ok,D:\thesis_final\results\attacks\attack_8class_cw_0.npz,39-feature RobustScaler-transformed model space (data/processed/scaler.pkl); no additional feature scaling
BruteForce,CW,wasserstein_per_feature,17,DNS,0.007177595564342561,2504,141,ok,D:\thesis_final\results\attacks\attack_8class_cw_0.npz,39-feature RobustScaler-transformed model space (data/processed/scaler.pkl); no additional feature scaling
BruteForce,CW,wasserstein_per_feature,18,Telnet,0.0017111559655659352,2504,141,ok,D:\thesis_final\results\attacks\attack_8class_cw_0.npz,39-feature RobustScaler-transformed model space (data/processed/scaler.pkl); no additional feature scaling
BruteForce,CW,wasserstein_per_feature,19,SMTP,0.0016939984073083038,2504,141,ok,D:\thesis_final\results\attacks\attack_8class_cw_0.npz,39-feature RobustScaler-transformed model space (data/processed/scaler.pkl); no additional feature scaling
BruteForce,CW,wasserstein_per_feature,20,SSH,0.06260523450295456,2504,141,ok,D:\thesis_final\results\attacks\attack_8class_cw_0.npz,39-feature RobustScaler-transformed model space (data/processed/scaler.pkl); no additional feature scaling
BruteForce,CW,wasserstein_per_feature,21,IRC,0.001521699231676097,2504,141,ok,D:\thesis_final\results\attacks\attack_8class_cw_0.npz,39-feature RobustScaler-transformed model space (data/processed/scaler.pkl); no additional feature scaling
BruteForce,CW,wasserstein_per_feature,22,TCP,0.011012017166778913,2504,141,ok,D:\thesis_final\results\attacks\attack_8class_cw_0.npz,39-feature RobustScaler-transformed model space (data/processed/scaler.pkl); no additional feature scaling
BruteForce,CW,wasserstein_per_feature,23,UDP,0.0185074387396143,2504,141,ok,D:\thesis_final\results\attacks\attack_8class_cw_0.npz,39-feature RobustScaler-transformed model space (data/processed/scaler.pkl); no additional feature scaling
BruteForce,CW,wasserstein_per_feature,24,DHCP,0.0008737876812526164,2504,141,ok,D:\thesis_final\results\attacks\attack_8class_cw_0.npz,39-feature RobustScaler-transformed model space (data/processed/scaler.pkl); no additional feature scaling
BruteForce,CW,wasserstein_per_feature,25,ARP,0.004972252883621636,2504,141,ok,D:\thesis_final\results\attacks\attack_8class_cw_0.npz,39-feature RobustScaler-transformed model space (data/processed/scaler.pkl); no additional feature scaling
BruteForce,CW,wasserstein_per_feature,26,ICMP,0.010159073018548181,2504,141,ok,D:\thesis_final\results\attacks\attack_8class_cw_0.npz,39-feature RobustScaler-transformed model space (data/processed/scaler.pkl); no additional feature scaling
BruteForce,CW,wasserstein_per_feature,27,IGMP,0.0012267653886905833,2504,141,ok,D:\thesis_final\results\attacks\attack_8class_cw_0.npz,39-feature RobustScaler-transformed model space (data/processed/scaler.pkl); no additional feature scaling
BruteForce,CW,wasserstein_per_feature,28,IPv,0.01062442255770796,2504,141,ok,D:\thesis_final\results\attacks\attack_8class_cw_0.npz,39-feature RobustScaler-transformed model space (data/processed/scaler.pkl); no additional feature scaling
BruteForce,CW,wasserstein_per_feature,29,LLC,0.00977581549961985,2504,141,ok,D:\thesis_final\results\attacks\attack_8class_cw_0.npz,39-feature RobustScaler-transformed model space (data/processed/scaler.pkl); no additional feature scaling
BruteForce,CW,wasserstein_per_feature,30,Tot sum,0.013744313922875288,2504,141,ok,D:\thesis_final\results\attacks\attack_8class_cw_0.npz,39-feature RobustScaler-transformed model space (data/processed/scaler.pkl); no additional feature scaling
BruteForce,CW,wasserstein_per_feature,31,Min,2.4717718778452658,2504,141,ok,D:\thesis_final\results\attacks\attack_8class_cw_0.npz,39-feature RobustScaler-transformed model space (data/processed/scaler.pkl); no additional feature scaling
BruteForce,CW,wasserstein_per_feature,32,Max,0.09598507142028564,2504,141,ok,D:\thesis_final\results\attacks\attack_8class_cw_0.npz,39-feature RobustScaler-transformed model space (data/processed/scaler.pkl); no additional feature scaling
BruteForce,CW,wasserstein_per_feature,33,AVG,0.0666961929468555,2504,141,ok,D:\thesis_final\results\attacks\attack_8class_cw_0.npz,39-feature RobustScaler-transformed model space (data/processed/scaler.pkl); no additional feature scaling
BruteForce,CW,wasserstein_per_feature,34,Std,0.1528639218636779,2504,141,ok,D:\thesis_final\results\attacks\attack_8class_cw_0.npz,39-feature RobustScaler-transformed model space (data/processed/scaler.pkl); no additional feature scaling
BruteForce,CW,wasserstein_per_feature,35,Tot size,0.06976846463583568,2504,141,ok,D:\thesis_final\results\attacks\attack_8class_cw_0.npz,39-feature RobustScaler-transformed model space (data/processed/scaler.pkl); no additional feature scaling
BruteForce,CW,wasserstein_per_feature,36,IAT,1.2927264869584034,2504,141,ok,D:\thesis_final\results\attacks\attack_8class_cw_0.npz,39-feature RobustScaler-transformed model space (data/processed/scaler.pkl); no additional feature scaling
BruteForce,CW,wasserstein_per_feature,37,Number,0.011758296202260557,2504,141,ok,D:\thesis_final\results\attacks\attack_8class_cw_0.npz,39-feature RobustScaler-transformed model space (data/processed/scaler.pkl); no additional feature scaling
BruteForce,CW,wasserstein_per_feature,38,Variance,1.2818754003335044,2504,141,ok,D:\thesis_final\results\attacks\attack_8class_cw_0.npz,39-feature RobustScaler-transformed model space (data/processed/scaler.pkl); no additional feature scaling
BruteForce,Latent-PGD,wasserstein_per_feature,0,Header_Length,0.3131559816077233,2504,100,ok,D:\thesis_final\outputs\latent_attacks\phase2_20260602_023945_seed42\phase2_latent_pgd_BruteForce.npz,39-feature RobustScaler-transformed model space (data/processed/scaler.pkl); no additional feature scaling
BruteForce,Latent-PGD,wasserstein_per_feature,1,Protocol Type,0.15749346526762165,2504,100,ok,D:\thesis_final\outputs\latent_attacks\phase2_20260602_023945_seed42\phase2_latent_pgd_BruteForce.npz,39-feature RobustScaler-transformed model space (data/processed/scaler.pkl); no additional feature scaling
BruteForce,Latent-PGD,wasserstein_per_feature,2,Time_To_Live,10.852213105327202,2504,100,ok,D:\thesis_final\outputs\latent_attacks\phase2_20260602_023945_seed42\phase2_latent_pgd_BruteForce.npz,39-feature RobustScaler-transformed model space (data/processed/scaler.pkl); no additional feature scaling
BruteForce,Latent-PGD,wasserstein_per_feature,3,Rate,0.46645276570958966,2504,100,ok,D:\thesis_final\outputs\latent_attacks\phase2_20260602_023945_seed42\phase2_latent_pgd_BruteForce.npz,39-feature RobustScaler-transformed model space (data/processed/scaler.pkl); no additional feature scaling
BruteForce,Latent-PGD,wasserstein_per_feature,4,fin_flag_number,0.0007987220447284171,2504,100,ok,D:\thesis_final\outputs\latent_attacks\phase2_20260602_023945_seed42\phase2_latent_pgd_BruteForce.npz,39-feature RobustScaler-transformed model space (data/processed/scaler.pkl); no additional feature scaling
BruteForce,Latent-PGD,wasserstein_per_feature,5,syn_flag_number,0.00800319488817891,2504,100,ok,D:\thesis_final\outputs\latent_attacks\phase2_20260602_023945_seed42\phase2_latent_pgd_BruteForce.npz,39-feature RobustScaler-transformed model space (data/processed/scaler.pkl); no additional feature scaling
BruteForce,Latent-PGD,wasserstein_per_feature,6,rst_flag_number,0.0003993610223642641,2504,100,ok,D:\thesis_final\outputs\latent_attacks\phase2_20260602_023945_seed42\phase2_latent_pgd_BruteForce.npz,39-feature RobustScaler-transformed model space (data/processed/scaler.pkl); no additional feature scaling
BruteForce,Latent-PGD,wasserstein_per_feature,7,psh_flag_number,0.16253993610223638,2504,100,ok,D:\thesis_final\outputs\latent_attacks\phase2_20260602_023945_seed42\phase2_latent_pgd_BruteForce.npz,39-feature RobustScaler-transformed model space (data/processed/scaler.pkl); no additional feature scaling
BruteForce,Latent-PGD,wasserstein_per_feature,8,ack_flag_number,0.24602699113444404,2504,100,ok,D:\thesis_final\outputs\latent_attacks\phase2_20260602_023945_seed42\phase2_latent_pgd_BruteForce.npz,39-feature RobustScaler-transformed model space (data/processed/scaler.pkl); no additional feature scaling
BruteForce,Latent-PGD,wasserstein_per_feature,9,ece_flag_number,0.0,2504,100,ok,D:\thesis_final\outputs\latent_attacks\phase2_20260602_023945_seed42\phase2_latent_pgd_BruteForce.npz,39-feature RobustScaler-transformed model space (data/processed/scaler.pkl); no additional feature scaling
BruteForce,Latent-PGD,wasserstein_per_feature,10,cwr_flag_number,0.0,2504,100,ok,D:\thesis_final\outputs\latent_attacks\phase2_20260602_023945_seed42\phase2_latent_pgd_BruteForce.npz,39-feature RobustScaler-transformed model space (data/processed/scaler.pkl); no additional feature scaling
BruteForce,Latent-PGD,wasserstein_per_feature,11,ack_count,0.18414495689252883,2504,100,ok,D:\thesis_final\outputs\latent_attacks\phase2_20260602_023945_seed42\phase2_latent_pgd_BruteForce.npz,39-feature RobustScaler-transformed model space (data/processed/scaler.pkl); no additional feature scaling
BruteForce,Latent-PGD,wasserstein_per_feature,12,syn_count,0.09936102236421729,2504,100,ok,D:\thesis_final\outputs\latent_attacks\phase2_20260602_023945_seed42\phase2_latent_pgd_BruteForce.npz,39-feature RobustScaler-transformed model space (data/processed/scaler.pkl); no additional feature scaling
BruteForce,Latent-PGD,wasserstein_per_feature,13,fin_count,0.06429712460063897,2504,100,ok,D:\thesis_final\outputs\latent_attacks\phase2_20260602_023945_seed42\phase2_latent_pgd_BruteForce.npz,39-feature RobustScaler-transformed model space (data/processed/scaler.pkl); no additional feature scaling
BruteForce,Latent-PGD,wasserstein_per_feature,14,rst_count,0.026916932907348312,2504,100,ok,D:\thesis_final\outputs\latent_attacks\phase2_20260602_023945_seed42\phase2_latent_pgd_BruteForce.npz,39-feature RobustScaler-transformed model space (data/processed/scaler.pkl); no additional feature scaling
BruteForce,Latent-PGD,wasserstein_per_feature,15,HTTP,0.006789137380191712,2504,100,ok,D:\thesis_final\outputs\latent_attacks\phase2_20260602_023945_seed42\phase2_latent_pgd_BruteForce.npz,39-feature RobustScaler-transformed model space (data/processed/scaler.pkl); no additional feature scaling
BruteForce,Latent-PGD,wasserstein_per_feature,16,HTTPS,0.2854632587859425,2504,100,ok,D:\thesis_final\outputs\latent_attacks\phase2_20260602_023945_seed42\phase2_latent_pgd_BruteForce.npz,39-feature RobustScaler-transformed model space (data/processed/scaler.pkl); no additional feature scaling
BruteForce,Latent-PGD,wasserstein_per_feature,17,DNS,0.0,2504,100,ok,D:\thesis_final\outputs\latent_attacks\phase2_20260602_023945_seed42\phase2_latent_pgd_BruteForce.npz,39-feature RobustScaler-transformed model space (data/processed/scaler.pkl); no additional feature scaling
BruteForce,Latent-PGD,wasserstein_per_feature,18,Telnet,0.0,2504,100,ok,D:\thesis_final\outputs\latent_attacks\phase2_20260602_023945_seed42\phase2_latent_pgd_BruteForce.npz,39-feature RobustScaler-transformed model space (data/processed/scaler.pkl); no additional feature scaling
BruteForce,Latent-PGD,wasserstein_per_feature,19,SMTP,0.0,2504,100,ok,D:\thesis_final\outputs\latent_attacks\phase2_20260602_023945_seed42\phase2_latent_pgd_BruteForce.npz,39-feature RobustScaler-transformed model space (data/processed/scaler.pkl); no additional feature scaling
BruteForce,Latent-PGD,wasserstein_per_feature,20,SSH,0.8006389776357827,2504,100,ok,D:\thesis_final\outputs\latent_attacks\phase2_20260602_023945_seed42\phase2_latent_pgd_BruteForce.npz,39-feature RobustScaler-transformed model space (data/processed/scaler.pkl); no additional feature scaling
BruteForce,Latent-PGD,wasserstein_per_feature,21,IRC,0.0,2504,100,ok,D:\thesis_final\outputs\latent_attacks\phase2_20260602_023945_seed42\phase2_latent_pgd_BruteForce.npz,39-feature RobustScaler-transformed model space (data/processed/scaler.pkl); no additional feature scaling
BruteForce,Latent-PGD,wasserstein_per_feature,22,TCP,0.2615814696485623,2504,100,ok,D:\thesis_final\outputs\latent_attacks\phase2_20260602_023945_seed42\phase2_latent_pgd_BruteForce.npz,39-feature RobustScaler-transformed model space (data/processed/scaler.pkl); no additional feature scaling
BruteForce,Latent-PGD,wasserstein_per_feature,23,UDP,0.11222044728434499,2504,100,ok,D:\thesis_final\outputs\latent_attacks\phase2_20260602_023945_seed42\phase2_latent_pgd_BruteForce.npz,39-feature RobustScaler-transformed model space (data/processed/scaler.pkl); no additional feature scaling
BruteForce,Latent-PGD,wasserstein_per_feature,24,DHCP,0.0,2504,100,ok,D:\thesis_final\outputs\latent_attacks\phase2_20260602_023945_seed42\phase2_latent_pgd_BruteForce.npz,39-feature RobustScaler-transformed model space (data/processed/scaler.pkl); no additional feature scaling
BruteForce,Latent-PGD,wasserstein_per_feature,25,ARP,0.0003993610223642641,2504,100,ok,D:\thesis_final\outputs\latent_attacks\phase2_20260602_023945_seed42\phase2_latent_pgd_BruteForce.npz,39-feature RobustScaler-transformed model space (data/processed/scaler.pkl); no additional feature scaling
BruteForce,Latent-PGD,wasserstein_per_feature,26,ICMP,0.0,2504,100,ok,D:\thesis_final\outputs\latent_attacks\phase2_20260602_023945_seed42\phase2_latent_pgd_BruteForce.npz,39-feature RobustScaler-transformed model space (data/processed/scaler.pkl); no additional feature scaling
BruteForce,Latent-PGD,wasserstein_per_feature,27,IGMP,0.0,2504,100,ok,D:\thesis_final\outputs\latent_attacks\phase2_20260602_023945_seed42\phase2_latent_pgd_BruteForce.npz,39-feature RobustScaler-transformed model space (data/processed/scaler.pkl); no additional feature scaling
BruteForce,Latent-PGD,wasserstein_per_feature,28,IPv,0.00439297124600639,2504,100,ok,D:\thesis_final\outputs\latent_attacks\phase2_20260602_023945_seed42\phase2_latent_pgd_BruteForce.npz,39-feature RobustScaler-transformed model space (data/processed/scaler.pkl); no additional feature scaling
BruteForce,Latent-PGD,wasserstein_per_feature,29,LLC,0.00439297124600639,2504,100,ok,D:\thesis_final\outputs\latent_attacks\phase2_20260602_023945_seed42\phase2_latent_pgd_BruteForce.npz,39-feature RobustScaler-transformed model space (data/processed/scaler.pkl); no additional feature scaling
BruteForce,Latent-PGD,wasserstein_per_feature,30,Tot sum,0.04220165251433245,2504,100,ok,D:\thesis_final\outputs\latent_attacks\phase2_20260602_023945_seed42\phase2_latent_pgd_BruteForce.npz,39-feature RobustScaler-transformed model space (data/processed/scaler.pkl); no additional feature scaling
BruteForce,Latent-PGD,wasserstein_per_feature,31,Min,3.6665986664888464,2504,100,ok,D:\thesis_final\outputs\latent_attacks\phase2_20260602_023945_seed42\phase2_latent_pgd_BruteForce.npz,39-feature RobustScaler-transformed model space (data/processed/scaler.pkl); no additional feature scaling
BruteForce,Latent-PGD,wasserstein_per_feature,32,Max,0.2804396517973649,2504,100,ok,D:\thesis_final\outputs\latent_attacks\phase2_20260602_023945_seed42\phase2_latent_pgd_BruteForce.npz,39-feature RobustScaler-transformed model space (data/processed/scaler.pkl); no additional feature scaling
BruteForce,Latent-PGD,wasserstein_per_feature,33,AVG,0.27067992548599196,2504,100,ok,D:\thesis_final\outputs\latent_attacks\phase2_20260602_023945_seed42\phase2_latent_pgd_BruteForce.npz,39-feature RobustScaler-transformed model space (data/processed/scaler.pkl); no additional feature scaling
BruteForce,Latent-PGD,wasserstein_per_feature,34,Std,0.5284264158876067,2504,100,ok,D:\thesis_final\outputs\latent_attacks\phase2_20260602_023945_seed42\phase2_latent_pgd_BruteForce.npz,39-feature RobustScaler-transformed model space (data/processed/scaler.pkl); no additional feature scaling
BruteForce,Latent-PGD,wasserstein_per_feature,35,Tot size,0.27067992548599196,2504,100,ok,D:\thesis_final\outputs\latent_attacks\phase2_20260602_023945_seed42\phase2_latent_pgd_BruteForce.npz,39-feature RobustScaler-transformed model space (data/processed/scaler.pkl); no additional feature scaling
BruteForce,Latent-PGD,wasserstein_per_feature,36,IAT,2.495131685553571,2504,100,ok,D:\thesis_final\outputs\latent_attacks\phase2_20260602_023945_seed42\phase2_latent_pgd_BruteForce.npz,39-feature RobustScaler-transformed model space (data/processed/scaler.pkl); no additional feature scaling
BruteForce,Latent-PGD,wasserstein_per_feature,37,Number,0.09422222912311554,2504,100,ok,D:\thesis_final\outputs\latent_attacks\phase2_20260602_023945_seed42\phase2_latent_pgd_BruteForce.npz,39-feature RobustScaler-transformed model space (data/processed/scaler.pkl); no additional feature scaling
BruteForce,Latent-PGD,wasserstein_per_feature,38,Variance,3.5904788611910923,2504,100,ok,D:\thesis_final\outputs\latent_attacks\phase2_20260602_023945_seed42\phase2_latent_pgd_BruteForce.npz,39-feature RobustScaler-transformed model space (data/processed/scaler.pkl); no additional feature scaling
BruteForce,Latent-CW,wasserstein_per_feature,0,Header_Length,0.3506239269862469,2504,100,ok,D:\thesis_final\outputs\latent_attacks\phase3_20260602_023958_seed42\phase3_latent_cw_BruteForce.npz,39-feature RobustScaler-transformed model space (data/processed/scaler.pkl); no additional feature scaling
BruteForce,Latent-CW,wasserstein_per_feature,1,Protocol Type,0.15749346526762165,2504,100,ok,D:\thesis_final\outputs\latent_attacks\phase3_20260602_023958_seed42\phase3_latent_cw_BruteForce.npz,39-feature RobustScaler-transformed model space (data/processed/scaler.pkl); no additional feature scaling
BruteForce,Latent-CW,wasserstein_per_feature,2,Time_To_Live,10.852213105327202,2504,100,ok,D:\thesis_final\outputs\latent_attacks\phase3_20260602_023958_seed42\phase3_latent_cw_BruteForce.npz,39-feature RobustScaler-transformed model space (data/processed/scaler.pkl); no additional feature scaling
BruteForce,Latent-CW,wasserstein_per_feature,3,Rate,0.453671962460518,2504,100,ok,D:\thesis_final\outputs\latent_attacks\phase3_20260602_023958_seed42\phase3_latent_cw_BruteForce.npz,39-feature RobustScaler-transformed model space (data/processed/scaler.pkl); no additional feature scaling
BruteForce,Latent-CW,wasserstein_per_feature,4,fin_flag_number,0.0007987220447284171,2504,100,ok,D:\thesis_final\outputs\latent_attacks\phase3_20260602_023958_seed42\phase3_latent_cw_BruteForce.npz,39-feature RobustScaler-transformed model space (data/processed/scaler.pkl); no additional feature scaling
BruteForce,Latent-CW,wasserstein_per_feature,5,syn_flag_number,0.00800319488817891,2504,100,ok,D:\thesis_final\outputs\latent_attacks\phase3_20260602_023958_seed42\phase3_latent_cw_BruteForce.npz,39-feature RobustScaler-transformed model space (data/processed/scaler.pkl); no additional feature scaling
BruteForce,Latent-CW,wasserstein_per_feature,6,rst_flag_number,0.0003993610223642641,2504,100,ok,D:\thesis_final\outputs\latent_attacks\phase3_20260602_023958_seed42\phase3_latent_cw_BruteForce.npz,39-feature RobustScaler-transformed model space (data/processed/scaler.pkl); no additional feature scaling
BruteForce,Latent-CW,wasserstein_per_feature,7,psh_flag_number,0.16253993610223638,2504,100,ok,D:\thesis_final\outputs\latent_attacks\phase3_20260602_023958_seed42\phase3_latent_cw_BruteForce.npz,39-feature RobustScaler-transformed model space (data/processed/scaler.pkl); no additional feature scaling
BruteForce,Latent-CW,wasserstein_per_feature,8,ack_flag_number,0.26159629974978427,2504,100,ok,D:\thesis_final\outputs\latent_attacks\phase3_20260602_023958_seed42\phase3_latent_cw_BruteForce.npz,39-feature RobustScaler-transformed model space (data/processed/scaler.pkl); no additional feature scaling
BruteForce,Latent-CW,wasserstein_per_feature,9,ece_flag_number,0.0,2504,100,ok,D:\thesis_final\outputs\latent_attacks\phase3_20260602_023958_seed42\phase3_latent_cw_BruteForce.npz,39-feature RobustScaler-transformed model space (data/processed/scaler.pkl); no additional feature scaling
BruteForce,Latent-CW,wasserstein_per_feature,10,cwr_flag_number,0.0,2504,100,ok,D:\thesis_final\outputs\latent_attacks\phase3_20260602_023958_seed42\phase3_latent_cw_BruteForce.npz,39-feature RobustScaler-transformed model space (data/processed/scaler.pkl); no additional feature scaling
BruteForce,Latent-CW,wasserstein_per_feature,11,ack_count,0.20868641825363088,2504,100,ok,D:\thesis_final\outputs\latent_attacks\phase3_20260602_023958_seed42\phase3_latent_cw_BruteForce.npz,39-feature RobustScaler-transformed model space (data/processed/scaler.pkl); no additional feature scaling
BruteForce,Latent-CW,wasserstein_per_feature,12,syn_count,0.09936102236421729,2504,100,ok,D:\thesis_final\outputs\latent_attacks\phase3_20260602_023958_seed42\phase3_latent_cw_BruteForce.npz,39-feature RobustScaler-transformed model space (data/processed/scaler.pkl); no additional feature scaling
BruteForce,Latent-CW,wasserstein_per_feature,13,fin_count,0.06429712460063897,2504,100,ok,D:\thesis_final\outputs\latent_attacks\phase3_20260602_023958_seed42\phase3_latent_cw_BruteForce.npz,39-feature RobustScaler-transformed model space (data/processed/scaler.pkl); no additional feature scaling
BruteForce,Latent-CW,wasserstein_per_feature,14,rst_count,0.026916932907348312,2504,100,ok,D:\thesis_final\outputs\latent_attacks\phase3_20260602_023958_seed42\phase3_latent_cw_BruteForce.npz,39-feature RobustScaler-transformed model space (data/processed/scaler.pkl); no additional feature scaling
BruteForce,Latent-CW,wasserstein_per_feature,15,HTTP,0.006789137380191712,2504,100,ok,D:\thesis_final\outputs\latent_attacks\phase3_20260602_023958_seed42\phase3_latent_cw_BruteForce.npz,39-feature RobustScaler-transformed model space (data/processed/scaler.pkl); no additional feature scaling
BruteForce,Latent-CW,wasserstein_per_feature,16,HTTPS,0.2854632587859425,2504,100,ok,D:\thesis_final\outputs\latent_attacks\phase3_20260602_023958_seed42\phase3_latent_cw_BruteForce.npz,39-feature RobustScaler-transformed model space (data/processed/scaler.pkl); no additional feature scaling
BruteForce,Latent-CW,wasserstein_per_feature,17,DNS,0.0,2504,100,ok,D:\thesis_final\outputs\latent_attacks\phase3_20260602_023958_seed42\phase3_latent_cw_BruteForce.npz,39-feature RobustScaler-transformed model space (data/processed/scaler.pkl); no additional feature scaling
BruteForce,Latent-CW,wasserstein_per_feature,18,Telnet,0.0,2504,100,ok,D:\thesis_final\outputs\latent_attacks\phase3_20260602_023958_seed42\phase3_latent_cw_BruteForce.npz,39-feature RobustScaler-transformed model space (data/processed/scaler.pkl); no additional feature scaling
BruteForce,Latent-CW,wasserstein_per_feature,19,SMTP,0.0,2504,100,ok,D:\thesis_final\outputs\latent_attacks\phase3_20260602_023958_seed42\phase3_latent_cw_BruteForce.npz,39-feature RobustScaler-transformed model space (data/processed/scaler.pkl); no additional feature scaling
BruteForce,Latent-CW,wasserstein_per_feature,20,SSH,0.8006389776357827,2504,100,ok,D:\thesis_final\outputs\latent_attacks\phase3_20260602_023958_seed42\phase3_latent_cw_BruteForce.npz,39-feature RobustScaler-transformed model space (data/processed/scaler.pkl); no additional feature scaling
BruteForce,Latent-CW,wasserstein_per_feature,21,IRC,0.0,2504,100,ok,D:\thesis_final\outputs\latent_attacks\phase3_20260602_023958_seed42\phase3_latent_cw_BruteForce.npz,39-feature RobustScaler-transformed model space (data/processed/scaler.pkl); no additional feature scaling
BruteForce,Latent-CW,wasserstein_per_feature,22,TCP,0.2615814696485623,2504,100,ok,D:\thesis_final\outputs\latent_attacks\phase3_20260602_023958_seed42\phase3_latent_cw_BruteForce.npz,39-feature RobustScaler-transformed model space (data/processed/scaler.pkl); no additional feature scaling
BruteForce,Latent-CW,wasserstein_per_feature,23,UDP,0.11222044728434499,2504,100,ok,D:\thesis_final\outputs\latent_attacks\phase3_20260602_023958_seed42\phase3_latent_cw_BruteForce.npz,39-feature RobustScaler-transformed model space (data/processed/scaler.pkl); no additional feature scaling
BruteForce,Latent-CW,wasserstein_per_feature,24,DHCP,0.0,2504,100,ok,D:\thesis_final\outputs\latent_attacks\phase3_20260602_023958_seed42\phase3_latent_cw_BruteForce.npz,39-feature RobustScaler-transformed model space (data/processed/scaler.pkl); no additional feature scaling
BruteForce,Latent-CW,wasserstein_per_feature,25,ARP,0.0003993610223642641,2504,100,ok,D:\thesis_final\outputs\latent_attacks\phase3_20260602_023958_seed42\phase3_latent_cw_BruteForce.npz,39-feature RobustScaler-transformed model space (data/processed/scaler.pkl); no additional feature scaling
BruteForce,Latent-CW,wasserstein_per_feature,26,ICMP,0.0,2504,100,ok,D:\thesis_final\outputs\latent_attacks\phase3_20260602_023958_seed42\phase3_latent_cw_BruteForce.npz,39-feature RobustScaler-transformed model space (data/processed/scaler.pkl); no additional feature scaling
BruteForce,Latent-CW,wasserstein_per_feature,27,IGMP,0.0,2504,100,ok,D:\thesis_final\outputs\latent_attacks\phase3_20260602_023958_seed42\phase3_latent_cw_BruteForce.npz,39-feature RobustScaler-transformed model space (data/processed/scaler.pkl); no additional feature scaling
BruteForce,Latent-CW,wasserstein_per_feature,28,IPv,0.00439297124600639,2504,100,ok,D:\thesis_final\outputs\latent_attacks\phase3_20260602_023958_seed42\phase3_latent_cw_BruteForce.npz,39-feature RobustScaler-transformed model space (data/processed/scaler.pkl); no additional feature scaling
BruteForce,Latent-CW,wasserstein_per_feature,29,LLC,0.00439297124600639,2504,100,ok,D:\thesis_final\outputs\latent_attacks\phase3_20260602_023958_seed42\phase3_latent_cw_BruteForce.npz,39-feature RobustScaler-transformed model space (data/processed/scaler.pkl); no additional feature scaling
BruteForce,Latent-CW,wasserstein_per_feature,30,Tot sum,0.041135586413139025,2504,100,ok,D:\thesis_final\outputs\latent_attacks\phase3_20260602_023958_seed42\phase3_latent_cw_BruteForce.npz,39-feature RobustScaler-transformed model space (data/processed/scaler.pkl); no additional feature scaling
BruteForce,Latent-CW,wasserstein_per_feature,31,Min,3.2612424607527406,2504,100,ok,D:\thesis_final\outputs\latent_attacks\phase3_20260602_023958_seed42\phase3_latent_cw_BruteForce.npz,39-feature RobustScaler-transformed model space (data/processed/scaler.pkl); no additional feature scaling
BruteForce,Latent-CW,wasserstein_per_feature,32,Max,0.29161867392956087,2504,100,ok,D:\thesis_final\outputs\latent_attacks\phase3_20260602_023958_seed42\phase3_latent_cw_BruteForce.npz,39-feature RobustScaler-transformed model space (data/processed/scaler.pkl); no additional feature scaling
BruteForce,Latent-CW,wasserstein_per_feature,33,AVG,0.26313358426112693,2504,100,ok,D:\thesis_final\outputs\latent_attacks\phase3_20260602_023958_seed42\phase3_latent_cw_BruteForce.npz,39-feature RobustScaler-transformed model space (data/processed/scaler.pkl); no additional feature scaling
BruteForce,Latent-CW,wasserstein_per_feature,34,Std,0.6374549526730214,2504,100,ok,D:\thesis_final\outputs\latent_attacks\phase3_20260602_023958_seed42\phase3_latent_cw_BruteForce.npz,39-feature RobustScaler-transformed model space (data/processed/scaler.pkl); no additional feature scaling
BruteForce,Latent-CW,wasserstein_per_feature,35,Tot size,0.26313358426112693,2504,100,ok,D:\thesis_final\outputs\latent_attacks\phase3_20260602_023958_seed42\phase3_latent_cw_BruteForce.npz,39-feature RobustScaler-transformed model space (data/processed/scaler.pkl); no additional feature scaling
BruteForce,Latent-CW,wasserstein_per_feature,36,IAT,2.0406401959416005,2504,100,ok,D:\thesis_final\outputs\latent_attacks\phase3_20260602_023958_seed42\phase3_latent_cw_BruteForce.npz,39-feature RobustScaler-transformed model space (data/processed/scaler.pkl); no additional feature scaling
BruteForce,Latent-CW,wasserstein_per_feature,37,Number,0.09988889575004578,2504,100,ok,D:\thesis_final\outputs\latent_attacks\phase3_20260602_023958_seed42\phase3_latent_cw_BruteForce.npz,39-feature RobustScaler-transformed model space (data/processed/scaler.pkl); no additional feature scaling
BruteForce,Latent-CW,wasserstein_per_feature,38,Variance,5.643075389207641,2504,100,ok,D:\thesis_final\outputs\latent_attacks\phase3_20260602_023958_seed42\phase3_latent_cw_BruteForce.npz,39-feature RobustScaler-transformed model space (data/processed/scaler.pkl); no additional feature scaling
BruteForce,cInput CPGD,wasserstein_per_feature,0,Header_Length,N/A,N/A,N/A,# TODO: canonical cInput run has outcomes but no full 39-feature adversarial vectors; the eight-sample exhibit is not used,D:\thesis_final\outputs\latent_attacks\constrained_input_baselines_20260602_032651_seed42,39-feature RobustScaler-transformed model space (data/processed/scaler.pkl); no additional feature scaling
BruteForce,cInput CPGD,wasserstein_per_feature,1,Protocol Type,N/A,N/A,N/A,# TODO: canonical cInput run has outcomes but no full 39-feature adversarial vectors; the eight-sample exhibit is not used,D:\thesis_final\outputs\latent_attacks\constrained_input_baselines_20260602_032651_seed42,39-feature RobustScaler-transformed model space (data/processed/scaler.pkl); no additional feature scaling
BruteForce,cInput CPGD,wasserstein_per_feature,2,Time_To_Live,N/A,N/A,N/A,# TODO: canonical cInput run has outcomes but no full 39-feature adversarial vectors; the eight-sample exhibit is not used,D:\thesis_final\outputs\latent_attacks\constrained_input_baselines_20260602_032651_seed42,39-feature RobustScaler-transformed model space (data/processed/scaler.pkl); no additional feature scaling
BruteForce,cInput CPGD,wasserstein_per_feature,3,Rate,N/A,N/A,N/A,# TODO: canonical cInput run has outcomes but no full 39-feature adversarial vectors; the eight-sample exhibit is not used,D:\thesis_final\outputs\latent_attacks\constrained_input_baselines_20260602_032651_seed42,39-feature RobustScaler-transformed model space (data/processed/scaler.pkl); no additional feature scaling
BruteForce,cInput CPGD,wasserstein_per_feature,4,fin_flag_number,N/A,N/A,N/A,# TODO: canonical cInput run has outcomes but no full 39-feature adversarial vectors; the eight-sample exhibit is not used,D:\thesis_final\outputs\latent_attacks\constrained_input_baselines_20260602_032651_seed42,39-feature RobustScaler-transformed model space (data/processed/scaler.pkl); no additional feature scaling
BruteForce,cInput CPGD,wasserstein_per_feature,5,syn_flag_number,N/A,N/A,N/A,# TODO: canonical cInput run has outcomes but no full 39-feature adversarial vectors; the eight-sample exhibit is not used,D:\thesis_final\outputs\latent_attacks\constrained_input_baselines_20260602_032651_seed42,39-feature RobustScaler-transformed model space (data/processed/scaler.pkl); no additional feature scaling
BruteForce,cInput CPGD,wasserstein_per_feature,6,rst_flag_number,N/A,N/A,N/A,# TODO: canonical cInput run has outcomes but no full 39-feature adversarial vectors; the eight-sample exhibit is not used,D:\thesis_final\outputs\latent_attacks\constrained_input_baselines_20260602_032651_seed42,39-feature RobustScaler-transformed model space (data/processed/scaler.pkl); no additional feature scaling
BruteForce,cInput CPGD,wasserstein_per_feature,7,psh_flag_number,N/A,N/A,N/A,# TODO: canonical cInput run has outcomes but no full 39-feature adversarial vectors; the eight-sample exhibit is not used,D:\thesis_final\outputs\latent_attacks\constrained_input_baselines_20260602_032651_seed42,39-feature RobustScaler-transformed model space (data/processed/scaler.pkl); no additional feature scaling
BruteForce,cInput CPGD,wasserstein_per_feature,8,ack_flag_number,N/A,N/A,N/A,# TODO: canonical cInput run has outcomes but no full 39-feature adversarial vectors; the eight-sample exhibit is not used,D:\thesis_final\outputs\latent_attacks\constrained_input_baselines_20260602_032651_seed42,39-feature RobustScaler-transformed model space (data/processed/scaler.pkl); no additional feature scaling
BruteForce,cInput CPGD,wasserstein_per_feature,9,ece_flag_number,N/A,N/A,N/A,# TODO: canonical cInput run has outcomes but no full 39-feature adversarial vectors; the eight-sample exhibit is not used,D:\thesis_final\outputs\latent_attacks\constrained_input_baselines_20260602_032651_seed42,39-feature RobustScaler-transformed model space (data/processed/scaler.pkl); no additional feature scaling
BruteForce,cInput CPGD,wasserstein_per_feature,10,cwr_flag_number,N/A,N/A,N/A,# TODO: canonical cInput run has outcomes but no full 39-feature adversarial vectors; the eight-sample exhibit is not used,D:\thesis_final\outputs\latent_attacks\constrained_input_baselines_20260602_032651_seed42,39-feature RobustScaler-transformed model space (data/processed/scaler.pkl); no additional feature scaling
BruteForce,cInput CPGD,wasserstein_per_feature,11,ack_count,N/A,N/A,N/A,# TODO: canonical cInput run has outcomes but no full 39-feature adversarial vectors; the eight-sample exhibit is not used,D:\thesis_final\outputs\latent_attacks\constrained_input_baselines_20260602_032651_seed42,39-feature RobustScaler-transformed model space (data/processed/scaler.pkl); no additional feature scaling
BruteForce,cInput CPGD,wasserstein_per_feature,12,syn_count,N/A,N/A,N/A,# TODO: canonical cInput run has outcomes but no full 39-feature adversarial vectors; the eight-sample exhibit is not used,D:\thesis_final\outputs\latent_attacks\constrained_input_baselines_20260602_032651_seed42,39-feature RobustScaler-transformed model space (data/processed/scaler.pkl); no additional feature scaling
BruteForce,cInput CPGD,wasserstein_per_feature,13,fin_count,N/A,N/A,N/A,# TODO: canonical cInput run has outcomes but no full 39-feature adversarial vectors; the eight-sample exhibit is not used,D:\thesis_final\outputs\latent_attacks\constrained_input_baselines_20260602_032651_seed42,39-feature RobustScaler-transformed model space (data/processed/scaler.pkl); no additional feature scaling
BruteForce,cInput CPGD,wasserstein_per_feature,14,rst_count,N/A,N/A,N/A,# TODO: canonical cInput run has outcomes but no full 39-feature adversarial vectors; the eight-sample exhibit is not used,D:\thesis_final\outputs\latent_attacks\constrained_input_baselines_20260602_032651_seed42,39-feature RobustScaler-transformed model space (data/processed/scaler.pkl); no additional feature scaling
BruteForce,cInput CPGD,wasserstein_per_feature,15,HTTP,N/A,N/A,N/A,# TODO: canonical cInput run has outcomes but no full 39-feature adversarial vectors; the eight-sample exhibit is not used,D:\thesis_final\outputs\latent_attacks\constrained_input_baselines_20260602_032651_seed42,39-feature RobustScaler-transformed model space (data/processed/scaler.pkl); no additional feature scaling
BruteForce,cInput CPGD,wasserstein_per_feature,16,HTTPS,N/A,N/A,N/A,# TODO: canonical cInput run has outcomes but no full 39-feature adversarial vectors; the eight-sample exhibit is not used,D:\thesis_final\outputs\latent_attacks\constrained_input_baselines_20260602_032651_seed42,39-feature RobustScaler-transformed model space (data/processed/scaler.pkl); no additional feature scaling
BruteForce,cInput CPGD,wasserstein_per_feature,17,DNS,N/A,N/A,N/A,# TODO: canonical cInput run has outcomes but no full 39-feature adversarial vectors; the eight-sample exhibit is not used,D:\thesis_final\outputs\latent_attacks\constrained_input_baselines_20260602_032651_seed42,39-feature RobustScaler-transformed model space (data/processed/scaler.pkl); no additional feature scaling
BruteForce,cInput CPGD,wasserstein_per_feature,18,Telnet,N/A,N/A,N/A,# TODO: canonical cInput run has outcomes but no full 39-feature adversarial vectors; the eight-sample exhibit is not used,D:\thesis_final\outputs\latent_attacks\constrained_input_baselines_20260602_032651_seed42,39-feature RobustScaler-transformed model space (data/processed/scaler.pkl); no additional feature scaling
BruteForce,cInput CPGD,wasserstein_per_feature,19,SMTP,N/A,N/A,N/A,# TODO: canonical cInput run has outcomes but no full 39-feature adversarial vectors; the eight-sample exhibit is not used,D:\thesis_final\outputs\latent_attacks\constrained_input_baselines_20260602_032651_seed42,39-feature RobustScaler-transformed model space (data/processed/scaler.pkl); no additional feature scaling
BruteForce,cInput CPGD,wasserstein_per_feature,20,SSH,N/A,N/A,N/A,# TODO: canonical cInput run has outcomes but no full 39-feature adversarial vectors; the eight-sample exhibit is not used,D:\thesis_final\outputs\latent_attacks\constrained_input_baselines_20260602_032651_seed42,39-feature RobustScaler-transformed model space (data/processed/scaler.pkl); no additional feature scaling
BruteForce,cInput CPGD,wasserstein_per_feature,21,IRC,N/A,N/A,N/A,# TODO: canonical cInput run has outcomes but no full 39-feature adversarial vectors; the eight-sample exhibit is not used,D:\thesis_final\outputs\latent_attacks\constrained_input_baselines_20260602_032651_seed42,39-feature RobustScaler-transformed model space (data/processed/scaler.pkl); no additional feature scaling
BruteForce,cInput CPGD,wasserstein_per_feature,22,TCP,N/A,N/A,N/A,# TODO: canonical cInput run has outcomes but no full 39-feature adversarial vectors; the eight-sample exhibit is not used,D:\thesis_final\outputs\latent_attacks\constrained_input_baselines_20260602_032651_seed42,39-feature RobustScaler-transformed model space (data/processed/scaler.pkl); no additional feature scaling
BruteForce,cInput CPGD,wasserstein_per_feature,23,UDP,N/A,N/A,N/A,# TODO: canonical cInput run has outcomes but no full 39-feature adversarial vectors; the eight-sample exhibit is not used,D:\thesis_final\outputs\latent_attacks\constrained_input_baselines_20260602_032651_seed42,39-feature RobustScaler-transformed model space (data/processed/scaler.pkl); no additional feature scaling
BruteForce,cInput CPGD,wasserstein_per_feature,24,DHCP,N/A,N/A,N/A,# TODO: canonical cInput run has outcomes but no full 39-feature adversarial vectors; the eight-sample exhibit is not used,D:\thesis_final\outputs\latent_attacks\constrained_input_baselines_20260602_032651_seed42,39-feature RobustScaler-transformed model space (data/processed/scaler.pkl); no additional feature scaling
BruteForce,cInput CPGD,wasserstein_per_feature,25,ARP,N/A,N/A,N/A,# TODO: canonical cInput run has outcomes but no full 39-feature adversarial vectors; the eight-sample exhibit is not used,D:\thesis_final\outputs\latent_attacks\constrained_input_baselines_20260602_032651_seed42,39-feature RobustScaler-transformed model space (data/processed/scaler.pkl); no additional feature scaling
BruteForce,cInput CPGD,wasserstein_per_feature,26,ICMP,N/A,N/A,N/A,# TODO: canonical cInput run has outcomes but no full 39-feature adversarial vectors; the eight-sample exhibit is not used,D:\thesis_final\outputs\latent_attacks\constrained_input_baselines_20260602_032651_seed42,39-feature RobustScaler-transformed model space (data/processed/scaler.pkl); no additional feature scaling
BruteForce,cInput CPGD,wasserstein_per_feature,27,IGMP,N/A,N/A,N/A,# TODO: canonical cInput run has outcomes but no full 39-feature adversarial vectors; the eight-sample exhibit is not used,D:\thesis_final\outputs\latent_attacks\constrained_input_baselines_20260602_032651_seed42,39-feature RobustScaler-transformed model space (data/processed/scaler.pkl); no additional feature scaling
BruteForce,cInput CPGD,wasserstein_per_feature,28,IPv,N/A,N/A,N/A,# TODO: canonical cInput run has outcomes but no full 39-feature adversarial vectors; the eight-sample exhibit is not used,D:\thesis_final\outputs\latent_attacks\constrained_input_baselines_20260602_032651_seed42,39-feature RobustScaler-transformed model space (data/processed/scaler.pkl); no additional feature scaling
BruteForce,cInput CPGD,wasserstein_per_feature,29,LLC,N/A,N/A,N/A,# TODO: canonical cInput run has outcomes but no full 39-feature adversarial vectors; the eight-sample exhibit is not used,D:\thesis_final\outputs\latent_attacks\constrained_input_baselines_20260602_032651_seed42,39-feature RobustScaler-transformed model space (data/processed/scaler.pkl); no additional feature scaling
BruteForce,cInput CPGD,wasserstein_per_feature,30,Tot sum,N/A,N/A,N/A,# TODO: canonical cInput run has outcomes but no full 39-feature adversarial vectors; the eight-sample exhibit is not used,D:\thesis_final\outputs\latent_attacks\constrained_input_baselines_20260602_032651_seed42,39-feature RobustScaler-transformed model space (data/processed/scaler.pkl); no additional feature scaling
BruteForce,cInput CPGD,wasserstein_per_feature,31,Min,N/A,N/A,N/A,# TODO: canonical cInput run has outcomes but no full 39-feature adversarial vectors; the eight-sample exhibit is not used,D:\thesis_final\outputs\latent_attacks\constrained_input_baselines_20260602_032651_seed42,39-feature RobustScaler-transformed model space (data/processed/scaler.pkl); no additional feature scaling
BruteForce,cInput CPGD,wasserstein_per_feature,32,Max,N/A,N/A,N/A,# TODO: canonical cInput run has outcomes but no full 39-feature adversarial vectors; the eight-sample exhibit is not used,D:\thesis_final\outputs\latent_attacks\constrained_input_baselines_20260602_032651_seed42,39-feature RobustScaler-transformed model space (data/processed/scaler.pkl); no additional feature scaling
BruteForce,cInput CPGD,wasserstein_per_feature,33,AVG,N/A,N/A,N/A,# TODO: canonical cInput run has outcomes but no full 39-feature adversarial vectors; the eight-sample exhibit is not used,D:\thesis_final\outputs\latent_attacks\constrained_input_baselines_20260602_032651_seed42,39-feature RobustScaler-transformed model space (data/processed/scaler.pkl); no additional feature scaling
BruteForce,cInput CPGD,wasserstein_per_feature,34,Std,N/A,N/A,N/A,# TODO: canonical cInput run has outcomes but no full 39-feature adversarial vectors; the eight-sample exhibit is not used,D:\thesis_final\outputs\latent_attacks\constrained_input_baselines_20260602_032651_seed42,39-feature RobustScaler-transformed model space (data/processed/scaler.pkl); no additional feature scaling
BruteForce,cInput CPGD,wasserstein_per_feature,35,Tot size,N/A,N/A,N/A,# TODO: canonical cInput run has outcomes but no full 39-feature adversarial vectors; the eight-sample exhibit is not used,D:\thesis_final\outputs\latent_attacks\constrained_input_baselines_20260602_032651_seed42,39-feature RobustScaler-transformed model space (data/processed/scaler.pkl); no additional feature scaling
BruteForce,cInput CPGD,wasserstein_per_feature,36,IAT,N/A,N/A,N/A,# TODO: canonical cInput run has outcomes but no full 39-feature adversarial vectors; the eight-sample exhibit is not used,D:\thesis_final\outputs\latent_attacks\constrained_input_baselines_20260602_032651_seed42,39-feature RobustScaler-transformed model space (data/processed/scaler.pkl); no additional feature scaling
BruteForce,cInput CPGD,wasserstein_per_feature,37,Number,N/A,N/A,N/A,# TODO: canonical cInput run has outcomes but no full 39-feature adversarial vectors; the eight-sample exhibit is not used,D:\thesis_final\outputs\latent_attacks\constrained_input_baselines_20260602_032651_seed42,39-feature RobustScaler-transformed model space (data/processed/scaler.pkl); no additional feature scaling
BruteForce,cInput CPGD,wasserstein_per_feature,38,Variance,N/A,N/A,N/A,# TODO: canonical cInput run has outcomes but no full 39-feature adversarial vectors; the eight-sample exhibit is not used,D:\thesis_final\outputs\latent_attacks\constrained_input_baselines_20260602_032651_seed42,39-feature RobustScaler-transformed model space (data/processed/scaler.pkl); no additional feature scaling
BruteForce,cInput CCW,wasserstein_per_feature,0,Header_Length,N/A,N/A,N/A,# TODO: canonical cInput run has outcomes but no full 39-feature adversarial vectors; the eight-sample exhibit is not used,D:\thesis_final\outputs\latent_attacks\constrained_input_baselines_20260602_032651_seed42,39-feature RobustScaler-transformed model space (data/processed/scaler.pkl); no additional feature scaling
BruteForce,cInput CCW,wasserstein_per_feature,1,Protocol Type,N/A,N/A,N/A,# TODO: canonical cInput run has outcomes but no full 39-feature adversarial vectors; the eight-sample exhibit is not used,D:\thesis_final\outputs\latent_attacks\constrained_input_baselines_20260602_032651_seed42,39-feature RobustScaler-transformed model space (data/processed/scaler.pkl); no additional feature scaling
BruteForce,cInput CCW,wasserstein_per_feature,2,Time_To_Live,N/A,N/A,N/A,# TODO: canonical cInput run has outcomes but no full 39-feature adversarial vectors; the eight-sample exhibit is not used,D:\thesis_final\outputs\latent_attacks\constrained_input_baselines_20260602_032651_seed42,39-feature RobustScaler-transformed model space (data/processed/scaler.pkl); no additional feature scaling
BruteForce,cInput CCW,wasserstein_per_feature,3,Rate,N/A,N/A,N/A,# TODO: canonical cInput run has outcomes but no full 39-feature adversarial vectors; the eight-sample exhibit is not used,D:\thesis_final\outputs\latent_attacks\constrained_input_baselines_20260602_032651_seed42,39-feature RobustScaler-transformed model space (data/processed/scaler.pkl); no additional feature scaling
BruteForce,cInput CCW,wasserstein_per_feature,4,fin_flag_number,N/A,N/A,N/A,# TODO: canonical cInput run has outcomes but no full 39-feature adversarial vectors; the eight-sample exhibit is not used,D:\thesis_final\outputs\latent_attacks\constrained_input_baselines_20260602_032651_seed42,39-feature RobustScaler-transformed model space (data/processed/scaler.pkl); no additional feature scaling
BruteForce,cInput CCW,wasserstein_per_feature,5,syn_flag_number,N/A,N/A,N/A,# TODO: canonical cInput run has outcomes but no full 39-feature adversarial vectors; the eight-sample exhibit is not used,D:\thesis_final\outputs\latent_attacks\constrained_input_baselines_20260602_032651_seed42,39-feature RobustScaler-transformed model space (data/processed/scaler.pkl); no additional feature scaling
BruteForce,cInput CCW,wasserstein_per_feature,6,rst_flag_number,N/A,N/A,N/A,# TODO: canonical cInput run has outcomes but no full 39-feature adversarial vectors; the eight-sample exhibit is not used,D:\thesis_final\outputs\latent_attacks\constrained_input_baselines_20260602_032651_seed42,39-feature RobustScaler-transformed model space (data/processed/scaler.pkl); no additional feature scaling
BruteForce,cInput CCW,wasserstein_per_feature,7,psh_flag_number,N/A,N/A,N/A,# TODO: canonical cInput run has outcomes but no full 39-feature adversarial vectors; the eight-sample exhibit is not used,D:\thesis_final\outputs\latent_attacks\constrained_input_baselines_20260602_032651_seed42,39-feature RobustScaler-transformed model space (data/processed/scaler.pkl); no additional feature scaling
BruteForce,cInput CCW,wasserstein_per_feature,8,ack_flag_number,N/A,N/A,N/A,# TODO: canonical cInput run has outcomes but no full 39-feature adversarial vectors; the eight-sample exhibit is not used,D:\thesis_final\outputs\latent_attacks\constrained_input_baselines_20260602_032651_seed42,39-feature RobustScaler-transformed model space (data/processed/scaler.pkl); no additional feature scaling
BruteForce,cInput CCW,wasserstein_per_feature,9,ece_flag_number,N/A,N/A,N/A,# TODO: canonical cInput run has outcomes but no full 39-feature adversarial vectors; the eight-sample exhibit is not used,D:\thesis_final\outputs\latent_attacks\constrained_input_baselines_20260602_032651_seed42,39-feature RobustScaler-transformed model space (data/processed/scaler.pkl); no additional feature scaling
BruteForce,cInput CCW,wasserstein_per_feature,10,cwr_flag_number,N/A,N/A,N/A,# TODO: canonical cInput run has outcomes but no full 39-feature adversarial vectors; the eight-sample exhibit is not used,D:\thesis_final\outputs\latent_attacks\constrained_input_baselines_20260602_032651_seed42,39-feature RobustScaler-transformed model space (data/processed/scaler.pkl); no additional feature scaling
BruteForce,cInput CCW,wasserstein_per_feature,11,ack_count,N/A,N/A,N/A,# TODO: canonical cInput run has outcomes but no full 39-feature adversarial vectors; the eight-sample exhibit is not used,D:\thesis_final\outputs\latent_attacks\constrained_input_baselines_20260602_032651_seed42,39-feature RobustScaler-transformed model space (data/processed/scaler.pkl); no additional feature scaling
BruteForce,cInput CCW,wasserstein_per_feature,12,syn_count,N/A,N/A,N/A,# TODO: canonical cInput run has outcomes but no full 39-feature adversarial vectors; the eight-sample exhibit is not used,D:\thesis_final\outputs\latent_attacks\constrained_input_baselines_20260602_032651_seed42,39-feature RobustScaler-transformed model space (data/processed/scaler.pkl); no additional feature scaling
BruteForce,cInput CCW,wasserstein_per_feature,13,fin_count,N/A,N/A,N/A,# TODO: canonical cInput run has outcomes but no full 39-feature adversarial vectors; the eight-sample exhibit is not used,D:\thesis_final\outputs\latent_attacks\constrained_input_baselines_20260602_032651_seed42,39-feature RobustScaler-transformed model space (data/processed/scaler.pkl); no additional feature scaling
BruteForce,cInput CCW,wasserstein_per_feature,14,rst_count,N/A,N/A,N/A,# TODO: canonical cInput run has outcomes but no full 39-feature adversarial vectors; the eight-sample exhibit is not used,D:\thesis_final\outputs\latent_attacks\constrained_input_baselines_20260602_032651_seed42,39-feature RobustScaler-transformed model space (data/processed/scaler.pkl); no additional feature scaling
BruteForce,cInput CCW,wasserstein_per_feature,15,HTTP,N/A,N/A,N/A,# TODO: canonical cInput run has outcomes but no full 39-feature adversarial vectors; the eight-sample exhibit is not used,D:\thesis_final\outputs\latent_attacks\constrained_input_baselines_20260602_032651_seed42,39-feature RobustScaler-transformed model space (data/processed/scaler.pkl); no additional feature scaling
BruteForce,cInput CCW,wasserstein_per_feature,16,HTTPS,N/A,N/A,N/A,# TODO: canonical cInput run has outcomes but no full 39-feature adversarial vectors; the eight-sample exhibit is not used,D:\thesis_final\outputs\latent_attacks\constrained_input_baselines_20260602_032651_seed42,39-feature RobustScaler-transformed model space (data/processed/scaler.pkl); no additional feature scaling
BruteForce,cInput CCW,wasserstein_per_feature,17,DNS,N/A,N/A,N/A,# TODO: canonical cInput run has outcomes but no full 39-feature adversarial vectors; the eight-sample exhibit is not used,D:\thesis_final\outputs\latent_attacks\constrained_input_baselines_20260602_032651_seed42,39-feature RobustScaler-transformed model space (data/processed/scaler.pkl); no additional feature scaling
BruteForce,cInput CCW,wasserstein_per_feature,18,Telnet,N/A,N/A,N/A,# TODO: canonical cInput run has outcomes but no full 39-feature adversarial vectors; the eight-sample exhibit is not used,D:\thesis_final\outputs\latent_attacks\constrained_input_baselines_20260602_032651_seed42,39-feature RobustScaler-transformed model space (data/processed/scaler.pkl); no additional feature scaling
BruteForce,cInput CCW,wasserstein_per_feature,19,SMTP,N/A,N/A,N/A,# TODO: canonical cInput run has outcomes but no full 39-feature adversarial vectors; the eight-sample exhibit is not used,D:\thesis_final\outputs\latent_attacks\constrained_input_baselines_20260602_032651_seed42,39-feature RobustScaler-transformed model space (data/processed/scaler.pkl); no additional feature scaling
BruteForce,cInput CCW,wasserstein_per_feature,20,SSH,N/A,N/A,N/A,# TODO: canonical cInput run has outcomes but no full 39-feature adversarial vectors; the eight-sample exhibit is not used,D:\thesis_final\outputs\latent_attacks\constrained_input_baselines_20260602_032651_seed42,39-feature RobustScaler-transformed model space (data/processed/scaler.pkl); no additional feature scaling
BruteForce,cInput CCW,wasserstein_per_feature,21,IRC,N/A,N/A,N/A,# TODO: canonical cInput run has outcomes but no full 39-feature adversarial vectors; the eight-sample exhibit is not used,D:\thesis_final\outputs\latent_attacks\constrained_input_baselines_20260602_032651_seed42,39-feature RobustScaler-transformed model space (data/processed/scaler.pkl); no additional feature scaling
BruteForce,cInput CCW,wasserstein_per_feature,22,TCP,N/A,N/A,N/A,# TODO: canonical cInput run has outcomes but no full 39-feature adversarial vectors; the eight-sample exhibit is not used,D:\thesis_final\outputs\latent_attacks\constrained_input_baselines_20260602_032651_seed42,39-feature RobustScaler-transformed model space (data/processed/scaler.pkl); no additional feature scaling
BruteForce,cInput CCW,wasserstein_per_feature,23,UDP,N/A,N/A,N/A,# TODO: canonical cInput run has outcomes but no full 39-feature adversarial vectors; the eight-sample exhibit is not used,D:\thesis_final\outputs\latent_attacks\constrained_input_baselines_20260602_032651_seed42,39-feature RobustScaler-transformed model space (data/processed/scaler.pkl); no additional feature scaling
BruteForce,cInput CCW,wasserstein_per_feature,24,DHCP,N/A,N/A,N/A,# TODO: canonical cInput run has outcomes but no full 39-feature adversarial vectors; the eight-sample exhibit is not used,D:\thesis_final\outputs\latent_attacks\constrained_input_baselines_20260602_032651_seed42,39-feature RobustScaler-transformed model space (data/processed/scaler.pkl); no additional feature scaling
BruteForce,cInput CCW,wasserstein_per_feature,25,ARP,N/A,N/A,N/A,# TODO: canonical cInput run has outcomes but no full 39-feature adversarial vectors; the eight-sample exhibit is not used,D:\thesis_final\outputs\latent_attacks\constrained_input_baselines_20260602_032651_seed42,39-feature RobustScaler-transformed model space (data/processed/scaler.pkl); no additional feature scaling
BruteForce,cInput CCW,wasserstein_per_feature,26,ICMP,N/A,N/A,N/A,# TODO: canonical cInput run has outcomes but no full 39-feature adversarial vectors; the eight-sample exhibit is not used,D:\thesis_final\outputs\latent_attacks\constrained_input_baselines_20260602_032651_seed42,39-feature RobustScaler-transformed model space (data/processed/scaler.pkl); no additional feature scaling
BruteForce,cInput CCW,wasserstein_per_feature,27,IGMP,N/A,N/A,N/A,# TODO: canonical cInput run has outcomes but no full 39-feature adversarial vectors; the eight-sample exhibit is not used,D:\thesis_final\outputs\latent_attacks\constrained_input_baselines_20260602_032651_seed42,39-feature RobustScaler-transformed model space (data/processed/scaler.pkl); no additional feature scaling
BruteForce,cInput CCW,wasserstein_per_feature,28,IPv,N/A,N/A,N/A,# TODO: canonical cInput run has outcomes but no full 39-feature adversarial vectors; the eight-sample exhibit is not used,D:\thesis_final\outputs\latent_attacks\constrained_input_baselines_20260602_032651_seed42,39-feature RobustScaler-transformed model space (data/processed/scaler.pkl); no additional feature scaling
BruteForce,cInput CCW,wasserstein_per_feature,29,LLC,N/A,N/A,N/A,# TODO: canonical cInput run has outcomes but no full 39-feature adversarial vectors; the eight-sample exhibit is not used,D:\thesis_final\outputs\latent_attacks\constrained_input_baselines_20260602_032651_seed42,39-feature RobustScaler-transformed model space (data/processed/scaler.pkl); no additional feature scaling
BruteForce,cInput CCW,wasserstein_per_feature,30,Tot sum,N/A,N/A,N/A,# TODO: canonical cInput run has outcomes but no full 39-feature adversarial vectors; the eight-sample exhibit is not used,D:\thesis_final\outputs\latent_attacks\constrained_input_baselines_20260602_032651_seed42,39-feature RobustScaler-transformed model space (data/processed/scaler.pkl); no additional feature scaling
BruteForce,cInput CCW,wasserstein_per_feature,31,Min,N/A,N/A,N/A,# TODO: canonical cInput run has outcomes but no full 39-feature adversarial vectors; the eight-sample exhibit is not used,D:\thesis_final\outputs\latent_attacks\constrained_input_baselines_20260602_032651_seed42,39-feature RobustScaler-transformed model space (data/processed/scaler.pkl); no additional feature scaling
BruteForce,cInput CCW,wasserstein_per_feature,32,Max,N/A,N/A,N/A,# TODO: canonical cInput run has outcomes but no full 39-feature adversarial vectors; the eight-sample exhibit is not used,D:\thesis_final\outputs\latent_attacks\constrained_input_baselines_20260602_032651_seed42,39-feature RobustScaler-transformed model space (data/processed/scaler.pkl); no additional feature scaling
BruteForce,cInput CCW,wasserstein_per_feature,33,AVG,N/A,N/A,N/A,# TODO: canonical cInput run has outcomes but no full 39-feature adversarial vectors; the eight-sample exhibit is not used,D:\thesis_final\outputs\latent_attacks\constrained_input_baselines_20260602_032651_seed42,39-feature RobustScaler-transformed model space (data/processed/scaler.pkl); no additional feature scaling
BruteForce,cInput CCW,wasserstein_per_feature,34,Std,N/A,N/A,N/A,# TODO: canonical cInput run has outcomes but no full 39-feature adversarial vectors; the eight-sample exhibit is not used,D:\thesis_final\outputs\latent_attacks\constrained_input_baselines_20260602_032651_seed42,39-feature RobustScaler-transformed model space (data/processed/scaler.pkl); no additional feature scaling
BruteForce,cInput CCW,wasserstein_per_feature,35,Tot size,N/A,N/A,N/A,# TODO: canonical cInput run has outcomes but no full 39-feature adversarial vectors; the eight-sample exhibit is not used,D:\thesis_final\outputs\latent_attacks\constrained_input_baselines_20260602_032651_seed42,39-feature RobustScaler-transformed model space (data/processed/scaler.pkl); no additional feature scaling
BruteForce,cInput CCW,wasserstein_per_feature,36,IAT,N/A,N/A,N/A,# TODO: canonical cInput run has outcomes but no full 39-feature adversarial vectors; the eight-sample exhibit is not used,D:\thesis_final\outputs\latent_attacks\constrained_input_baselines_20260602_032651_seed42,39-feature RobustScaler-transformed model space (data/processed/scaler.pkl); no additional feature scaling
BruteForce,cInput CCW,wasserstein_per_feature,37,Number,N/A,N/A,N/A,# TODO: canonical cInput run has outcomes but no full 39-feature adversarial vectors; the eight-sample exhibit is not used,D:\thesis_final\outputs\latent_attacks\constrained_input_baselines_20260602_032651_seed42,39-feature RobustScaler-transformed model space (data/processed/scaler.pkl); no additional feature scaling
BruteForce,cInput CCW,wasserstein_per_feature,38,Variance,N/A,N/A,N/A,# TODO: canonical cInput run has outcomes but no full 39-feature adversarial vectors; the eight-sample exhibit is not used,D:\thesis_final\outputs\latent_attacks\constrained_input_baselines_20260602_032651_seed42,39-feature RobustScaler-transformed model space (data/processed/scaler.pkl); no additional feature scaling
Recon,PGD,wasserstein_per_feature,0,Header_Length,0.08596657661992438,100705,5683,ok,D:\thesis_final\results\attacks\attack_8class_pgd_0.30.npz,39-feature RobustScaler-transformed model space (data/processed/scaler.pkl); no additional feature scaling
Recon,PGD,wasserstein_per_feature,1,Protocol Type,0.267814090095184,100705,5683,ok,D:\thesis_final\results\attacks\attack_8class_pgd_0.30.npz,39-feature RobustScaler-transformed model space (data/processed/scaler.pkl); no additional feature scaling
Recon,PGD,wasserstein_per_feature,2,Time_To_Live,0.34829780764213547,100705,5683,ok,D:\thesis_final\results\attacks\attack_8class_pgd_0.30.npz,39-feature RobustScaler-transformed model space (data/processed/scaler.pkl); no additional feature scaling
Recon,PGD,wasserstein_per_feature,3,Rate,0.31577190176763276,100705,5683,ok,D:\thesis_final\results\attacks\attack_8class_pgd_0.30.npz,39-feature RobustScaler-transformed model space (data/processed/scaler.pkl); no additional feature scaling
Recon,PGD,wasserstein_per_feature,4,fin_flag_number,0.28828147550347843,100705,5683,ok,D:\thesis_final\results\attacks\attack_8class_pgd_0.30.npz,39-feature RobustScaler-transformed model space (data/processed/scaler.pkl); no additional feature scaling
Recon,PGD,wasserstein_per_feature,5,syn_flag_number,0.26773951621568326,100705,5683,ok,D:\thesis_final\results\attacks\attack_8class_pgd_0.30.npz,39-feature RobustScaler-transformed model space (data/processed/scaler.pkl); no additional feature scaling
Recon,PGD,wasserstein_per_feature,6,rst_flag_number,0.2855939184799033,100705,5683,ok,D:\thesis_final\results\attacks\attack_8class_pgd_0.30.npz,39-feature RobustScaler-transformed model space (data/processed/scaler.pkl); no additional feature scaling
Recon,PGD,wasserstein_per_feature,7,psh_flag_number,0.2845207857818336,100705,5683,ok,D:\thesis_final\results\attacks\attack_8class_pgd_0.30.npz,39-feature RobustScaler-transformed model space (data/processed/scaler.pkl); no additional feature scaling
Recon,PGD,wasserstein_per_feature,8,ack_flag_number,0.28081353679521054,100705,5683,ok,D:\thesis_final\results\attacks\attack_8class_pgd_0.30.npz,39-feature RobustScaler-transformed model space (data/processed/scaler.pkl); no additional feature scaling
Recon,PGD,wasserstein_per_feature,9,ece_flag_number,0.2828232931255371,100705,5683,ok,D:\thesis_final\results\attacks\attack_8class_pgd_0.30.npz,39-feature RobustScaler-transformed model space (data/processed/scaler.pkl); no additional feature scaling
Recon,PGD,wasserstein_per_feature,10,cwr_flag_number,0.2829806762389392,100705,5683,ok,D:\thesis_final\results\attacks\attack_8class_pgd_0.30.npz,39-feature RobustScaler-transformed model space (data/processed/scaler.pkl); no additional feature scaling
Recon,PGD,wasserstein_per_feature,11,ack_count,0.14348876316598425,100705,5683,ok,D:\thesis_final\results\attacks\attack_8class_pgd_0.30.npz,39-feature RobustScaler-transformed model space (data/processed/scaler.pkl); no additional feature scaling
Recon,PGD,wasserstein_per_feature,12,syn_count,0.29133333447608684,100705,5683,ok,D:\thesis_final\results\attacks\attack_8class_pgd_0.30.npz,39-feature RobustScaler-transformed model space (data/processed/scaler.pkl); no additional feature scaling
Recon,PGD,wasserstein_per_feature,13,fin_count,0.2790682456508733,100705,5683,ok,D:\thesis_final\results\attacks\attack_8class_pgd_0.30.npz,39-feature RobustScaler-transformed model space (data/processed/scaler.pkl); no additional feature scaling
Recon,PGD,wasserstein_per_feature,14,rst_count,0.3011739069557837,100705,5683,ok,D:\thesis_final\results\attacks\attack_8class_pgd_0.30.npz,39-feature RobustScaler-transformed model space (data/processed/scaler.pkl); no additional feature scaling
Recon,PGD,wasserstein_per_feature,15,HTTP,0.26047427998892203,100705,5683,ok,D:\thesis_final\results\attacks\attack_8class_pgd_0.30.npz,39-feature RobustScaler-transformed model space (data/processed/scaler.pkl); no additional feature scaling
Recon,PGD,wasserstein_per_feature,16,HTTPS,0.27100707276090763,100705,5683,ok,D:\thesis_final\results\attacks\attack_8class_pgd_0.30.npz,39-feature RobustScaler-transformed model space (data/processed/scaler.pkl); no additional feature scaling
Recon,PGD,wasserstein_per_feature,17,DNS,0.27132679224237344,100705,5683,ok,D:\thesis_final\results\attacks\attack_8class_pgd_0.30.npz,39-feature RobustScaler-transformed model space (data/processed/scaler.pkl); no additional feature scaling
Recon,PGD,wasserstein_per_feature,18,Telnet,0.27421739593622824,100705,5683,ok,D:\thesis_final\results\attacks\attack_8class_pgd_0.30.npz,39-feature RobustScaler-transformed model space (data/processed/scaler.pkl); no additional feature scaling
Recon,PGD,wasserstein_per_feature,19,SMTP,0.28206583918105876,100705,5683,ok,D:\thesis_final\results\attacks\attack_8class_pgd_0.30.npz,39-feature RobustScaler-transformed model space (data/processed/scaler.pkl); no additional feature scaling
Recon,PGD,wasserstein_per_feature,20,SSH,0.2524990557840272,100705,5683,ok,D:\thesis_final\results\attacks\attack_8class_pgd_0.30.npz,39-feature RobustScaler-transformed model space (data/processed/scaler.pkl); no additional feature scaling
Recon,PGD,wasserstein_per_feature,21,IRC,0.2761485771763268,100705,5683,ok,D:\thesis_final\results\attacks\attack_8class_pgd_0.30.npz,39-feature RobustScaler-transformed model space (data/processed/scaler.pkl); no additional feature scaling
Recon,PGD,wasserstein_per_feature,22,TCP,0.27173743306996007,100705,5683,ok,D:\thesis_final\results\attacks\attack_8class_pgd_0.30.npz,39-feature RobustScaler-transformed model space (data/processed/scaler.pkl); no additional feature scaling
Recon,PGD,wasserstein_per_feature,23,UDP,0.27345668951909113,100705,5683,ok,D:\thesis_final\results\attacks\attack_8class_pgd_0.30.npz,39-feature RobustScaler-transformed model space (data/processed/scaler.pkl); no additional feature scaling
Recon,PGD,wasserstein_per_feature,24,DHCP,0.27098829443031436,100705,5683,ok,D:\thesis_final\results\attacks\attack_8class_pgd_0.30.npz,39-feature RobustScaler-transformed model space (data/processed/scaler.pkl); no additional feature scaling
Recon,PGD,wasserstein_per_feature,25,ARP,0.2853540567500091,100705,5683,ok,D:\thesis_final\results\attacks\attack_8class_pgd_0.30.npz,39-feature RobustScaler-transformed model space (data/processed/scaler.pkl); no additional feature scaling
Recon,PGD,wasserstein_per_feature,26,ICMP,0.288846230688532,100705,5683,ok,D:\thesis_final\results\attacks\attack_8class_pgd_0.30.npz,39-feature RobustScaler-transformed model space (data/processed/scaler.pkl); no additional feature scaling
Recon,PGD,wasserstein_per_feature,27,IGMP,0.2757365656149717,100705,5683,ok,D:\thesis_final\results\attacks\attack_8class_pgd_0.30.npz,39-feature RobustScaler-transformed model space (data/processed/scaler.pkl); no additional feature scaling
Recon,PGD,wasserstein_per_feature,28,IPv,0.2794562518267793,100705,5683,ok,D:\thesis_final\results\attacks\attack_8class_pgd_0.30.npz,39-feature RobustScaler-transformed model space (data/processed/scaler.pkl); no additional feature scaling
Recon,PGD,wasserstein_per_feature,29,LLC,0.2656476760020136,100705,5683,ok,D:\thesis_final\results\attacks\attack_8class_pgd_0.30.npz,39-feature RobustScaler-transformed model space (data/processed/scaler.pkl); no additional feature scaling
Recon,PGD,wasserstein_per_feature,30,Tot sum,0.24411322628744203,100705,5683,ok,D:\thesis_final\results\attacks\attack_8class_pgd_0.30.npz,39-feature RobustScaler-transformed model space (data/processed/scaler.pkl); no additional feature scaling
Recon,PGD,wasserstein_per_feature,31,Min,0.6559509546552333,100705,5683,ok,D:\thesis_final\results\attacks\attack_8class_pgd_0.30.npz,39-feature RobustScaler-transformed model space (data/processed/scaler.pkl); no additional feature scaling
Recon,PGD,wasserstein_per_feature,32,Max,0.20197591714447677,100705,5683,ok,D:\thesis_final\results\attacks\attack_8class_pgd_0.30.npz,39-feature RobustScaler-transformed model space (data/processed/scaler.pkl); no additional feature scaling
Recon,PGD,wasserstein_per_feature,33,AVG,0.24003299197746786,100705,5683,ok,D:\thesis_final\results\attacks\attack_8class_pgd_0.30.npz,39-feature RobustScaler-transformed model space (data/processed/scaler.pkl); no additional feature scaling
Recon,PGD,wasserstein_per_feature,34,Std,0.1599717776439163,100705,5683,ok,D:\thesis_final\results\attacks\attack_8class_pgd_0.30.npz,39-feature RobustScaler-transformed model space (data/processed/scaler.pkl); no additional feature scaling
Recon,PGD,wasserstein_per_feature,35,Tot size,0.22708916483829375,100705,5683,ok,D:\thesis_final\results\attacks\attack_8class_pgd_0.30.npz,39-feature RobustScaler-transformed model space (data/processed/scaler.pkl); no additional feature scaling
Recon,PGD,wasserstein_per_feature,36,IAT,0.3242811358900121,100705,5683,ok,D:\thesis_final\results\attacks\attack_8class_pgd_0.30.npz,39-feature RobustScaler-transformed model space (data/processed/scaler.pkl); no additional feature scaling
Recon,PGD,wasserstein_per_feature,37,Number,0.2617685432839865,100705,5683,ok,D:\thesis_final\results\attacks\attack_8class_pgd_0.30.npz,39-feature RobustScaler-transformed model space (data/processed/scaler.pkl); no additional feature scaling
Recon,PGD,wasserstein_per_feature,38,Variance,0.5595558194580139,100705,5683,ok,D:\thesis_final\results\attacks\attack_8class_pgd_0.30.npz,39-feature RobustScaler-transformed model space (data/processed/scaler.pkl); no additional feature scaling
Recon,CW,wasserstein_per_feature,0,Header_Length,0.03547743842166281,100705,5683,ok,D:\thesis_final\results\attacks\attack_8class_cw_0.npz,39-feature RobustScaler-transformed model space (data/processed/scaler.pkl); no additional feature scaling
Recon,CW,wasserstein_per_feature,1,Protocol Type,0.014826760356472846,100705,5683,ok,D:\thesis_final\results\attacks\attack_8class_cw_0.npz,39-feature RobustScaler-transformed model space (data/processed/scaler.pkl); no additional feature scaling
Recon,CW,wasserstein_per_feature,2,Time_To_Live,0.3290340674260423,100705,5683,ok,D:\thesis_final\results\attacks\attack_8class_cw_0.npz,39-feature RobustScaler-transformed model space (data/processed/scaler.pkl); no additional feature scaling
Recon,CW,wasserstein_per_feature,3,Rate,0.10359004032898249,100705,5683,ok,D:\thesis_final\results\attacks\attack_8class_cw_0.npz,39-feature RobustScaler-transformed model space (data/processed/scaler.pkl); no additional feature scaling
Recon,CW,wasserstein_per_feature,4,fin_flag_number,0.028019152108191923,100705,5683,ok,D:\thesis_final\results\attacks\attack_8class_cw_0.npz,39-feature RobustScaler-transformed model space (data/processed/scaler.pkl); no additional feature scaling
Recon,CW,wasserstein_per_feature,5,syn_flag_number,0.058235382624481934,100705,5683,ok,D:\thesis_final\results\attacks\attack_8class_cw_0.npz,39-feature RobustScaler-transformed model space (data/processed/scaler.pkl); no additional feature scaling
Recon,CW,wasserstein_per_feature,6,rst_flag_number,0.07885031653563881,100705,5683,ok,D:\thesis_final\results\attacks\attack_8class_cw_0.npz,39-feature RobustScaler-transformed model space (data/processed/scaler.pkl); no additional feature scaling
Recon,CW,wasserstein_per_feature,7,psh_flag_number,0.07307799668744525,100705,5683,ok,D:\thesis_final\results\attacks\attack_8class_cw_0.npz,39-feature RobustScaler-transformed model space (data/processed/scaler.pkl); no additional feature scaling
Recon,CW,wasserstein_per_feature,8,ack_flag_number,0.0340725904649899,100705,5683,ok,D:\thesis_final\results\attacks\attack_8class_cw_0.npz,39-feature RobustScaler-transformed model space (data/processed/scaler.pkl); no additional feature scaling
Recon,CW,wasserstein_per_feature,9,ece_flag_number,0.007930484118614857,100705,5683,ok,D:\thesis_final\results\attacks\attack_8class_cw_0.npz,39-feature RobustScaler-transformed model space (data/processed/scaler.pkl); no additional feature scaling
Recon,CW,wasserstein_per_feature,10,cwr_flag_number,0.006723556040496809,100705,5683,ok,D:\thesis_final\results\attacks\attack_8class_cw_0.npz,39-feature RobustScaler-transformed model space (data/processed/scaler.pkl); no additional feature scaling
Recon,CW,wasserstein_per_feature,11,ack_count,0.030452459605799013,100705,5683,ok,D:\thesis_final\results\attacks\attack_8class_cw_0.npz,39-feature RobustScaler-transformed model space (data/processed/scaler.pkl); no additional feature scaling
Recon,CW,wasserstein_per_feature,12,syn_count,0.06107469120797673,100705,5683,ok,D:\thesis_final\results\attacks\attack_8class_cw_0.npz,39-feature RobustScaler-transformed model space (data/processed/scaler.pkl); no additional feature scaling
Recon,CW,wasserstein_per_feature,13,fin_count,0.05316602773592416,100705,5683,ok,D:\thesis_final\results\attacks\attack_8class_cw_0.npz,39-feature RobustScaler-transformed model space (data/processed/scaler.pkl); no additional feature scaling
Recon,CW,wasserstein_per_feature,14,rst_count,0.09064055020883607,100705,5683,ok,D:\thesis_final\results\attacks\attack_8class_cw_0.npz,39-feature RobustScaler-transformed model space (data/processed/scaler.pkl); no additional feature scaling
Recon,CW,wasserstein_per_feature,15,HTTP,0.05706133942478213,100705,5683,ok,D:\thesis_final\results\attacks\attack_8class_cw_0.npz,39-feature RobustScaler-transformed model space (data/processed/scaler.pkl); no additional feature scaling
Recon,CW,wasserstein_per_feature,16,HTTPS,0.09376255881392617,100705,5683,ok,D:\thesis_final\results\attacks\attack_8class_cw_0.npz,39-feature RobustScaler-transformed model space (data/processed/scaler.pkl); no additional feature scaling
Recon,CW,wasserstein_per_feature,17,DNS,0.033121306353747194,100705,5683,ok,D:\thesis_final\results\attacks\attack_8class_cw_0.npz,39-feature RobustScaler-transformed model space (data/processed/scaler.pkl); no additional feature scaling
Recon,CW,wasserstein_per_feature,18,Telnet,0.006987591905455987,100705,5683,ok,D:\thesis_final\results\attacks\attack_8class_cw_0.npz,39-feature RobustScaler-transformed model space (data/processed/scaler.pkl); no additional feature scaling
Recon,CW,wasserstein_per_feature,19,SMTP,0.00815382412250198,100705,5683,ok,D:\thesis_final\results\attacks\attack_8class_cw_0.npz,39-feature RobustScaler-transformed model space (data/processed/scaler.pkl); no additional feature scaling
Recon,CW,wasserstein_per_feature,20,SSH,0.07336662642364715,100705,5683,ok,D:\thesis_final\results\attacks\attack_8class_cw_0.npz,39-feature RobustScaler-transformed model space (data/processed/scaler.pkl); no additional feature scaling
Recon,CW,wasserstein_per_feature,21,IRC,0.006723181420770347,100705,5683,ok,D:\thesis_final\results\attacks\attack_8class_cw_0.npz,39-feature RobustScaler-transformed model space (data/processed/scaler.pkl); no additional feature scaling
Recon,CW,wasserstein_per_feature,22,TCP,0.019489797436433375,100705,5683,ok,D:\thesis_final\results\attacks\attack_8class_cw_0.npz,39-feature RobustScaler-transformed model space (data/processed/scaler.pkl); no additional feature scaling
Recon,CW,wasserstein_per_feature,23,UDP,0.025806884606907582,100705,5683,ok,D:\thesis_final\results\attacks\attack_8class_cw_0.npz,39-feature RobustScaler-transformed model space (data/processed/scaler.pkl); no additional feature scaling
Recon,CW,wasserstein_per_feature,24,DHCP,0.0069194693788723356,100705,5683,ok,D:\thesis_final\results\attacks\attack_8class_cw_0.npz,39-feature RobustScaler-transformed model space (data/processed/scaler.pkl); no additional feature scaling
Recon,CW,wasserstein_per_feature,25,ARP,0.02161621485271277,100705,5683,ok,D:\thesis_final\results\attacks\attack_8class_cw_0.npz,39-feature RobustScaler-transformed model space (data/processed/scaler.pkl); no additional feature scaling
Recon,CW,wasserstein_per_feature,26,ICMP,0.04068977163221767,100705,5683,ok,D:\thesis_final\results\attacks\attack_8class_cw_0.npz,39-feature RobustScaler-transformed model space (data/processed/scaler.pkl); no additional feature scaling
Recon,CW,wasserstein_per_feature,27,IGMP,0.006943452749282507,100705,5683,ok,D:\thesis_final\results\attacks\attack_8class_cw_0.npz,39-feature RobustScaler-transformed model space (data/processed/scaler.pkl); no additional feature scaling
Recon,CW,wasserstein_per_feature,28,IPv,0.02043443749203857,100705,5683,ok,D:\thesis_final\results\attacks\attack_8class_cw_0.npz,39-feature RobustScaler-transformed model space (data/processed/scaler.pkl); no additional feature scaling
Recon,CW,wasserstein_per_feature,29,LLC,0.020179714751340234,100705,5683,ok,D:\thesis_final\results\attacks\attack_8class_cw_0.npz,39-feature RobustScaler-transformed model space (data/processed/scaler.pkl); no additional feature scaling
Recon,CW,wasserstein_per_feature,30,Tot sum,0.07050840398713416,100705,5683,ok,D:\thesis_final\results\attacks\attack_8class_cw_0.npz,39-feature RobustScaler-transformed model space (data/processed/scaler.pkl); no additional feature scaling
Recon,CW,wasserstein_per_feature,31,Min,0.45537320640572376,100705,5683,ok,D:\thesis_final\results\attacks\attack_8class_cw_0.npz,39-feature RobustScaler-transformed model space (data/processed/scaler.pkl); no additional feature scaling
Recon,CW,wasserstein_per_feature,32,Max,0.028549009979312263,100705,5683,ok,D:\thesis_final\results\attacks\attack_8class_cw_0.npz,39-feature RobustScaler-transformed model space (data/processed/scaler.pkl); no additional feature scaling
Recon,CW,wasserstein_per_feature,33,AVG,0.06124321829383697,100705,5683,ok,D:\thesis_final\results\attacks\attack_8class_cw_0.npz,39-feature RobustScaler-transformed model space (data/processed/scaler.pkl); no additional feature scaling
Recon,CW,wasserstein_per_feature,34,Std,0.051445376193265106,100705,5683,ok,D:\thesis_final\results\attacks\attack_8class_cw_0.npz,39-feature RobustScaler-transformed model space (data/processed/scaler.pkl); no additional feature scaling
Recon,CW,wasserstein_per_feature,35,Tot size,0.056888551544336,100705,5683,ok,D:\thesis_final\results\attacks\attack_8class_cw_0.npz,39-feature RobustScaler-transformed model space (data/processed/scaler.pkl); no additional feature scaling
Recon,CW,wasserstein_per_feature,36,IAT,0.2492621893487415,100705,5683,ok,D:\thesis_final\results\attacks\attack_8class_cw_0.npz,39-feature RobustScaler-transformed model space (data/processed/scaler.pkl); no additional feature scaling
Recon,CW,wasserstein_per_feature,37,Number,0.07294208816238651,100705,5683,ok,D:\thesis_final\results\attacks\attack_8class_cw_0.npz,39-feature RobustScaler-transformed model space (data/processed/scaler.pkl); no additional feature scaling
Recon,CW,wasserstein_per_feature,38,Variance,0.36881883338668425,100705,5683,ok,D:\thesis_final\results\attacks\attack_8class_cw_0.npz,39-feature RobustScaler-transformed model space (data/processed/scaler.pkl); no additional feature scaling
Recon,Latent-PGD,wasserstein_per_feature,0,Header_Length,0.08773228249399281,100705,100,ok,D:\thesis_final\outputs\latent_attacks\phase2_20260602_023945_seed42\phase2_latent_pgd_Recon.npz,39-feature RobustScaler-transformed model space (data/processed/scaler.pkl); no additional feature scaling
Recon,Latent-PGD,wasserstein_per_feature,1,Protocol Type,0.0338368142303547,100705,100,ok,D:\thesis_final\outputs\latent_attacks\phase2_20260602_023945_seed42\phase2_latent_pgd_Recon.npz,39-feature RobustScaler-transformed model space (data/processed/scaler.pkl); no additional feature scaling
Recon,Latent-PGD,wasserstein_per_feature,2,Time_To_Live,2.5217442809218977,100705,100,ok,D:\thesis_final\outputs\latent_attacks\phase2_20260602_023945_seed42\phase2_latent_pgd_Recon.npz,39-feature RobustScaler-transformed model space (data/processed/scaler.pkl); no additional feature scaling
Recon,Latent-PGD,wasserstein_per_feature,3,Rate,0.22888852775670981,100705,100,ok,D:\thesis_final\outputs\latent_attacks\phase2_20260602_023945_seed42\phase2_latent_pgd_Recon.npz,39-feature RobustScaler-transformed model space (data/processed/scaler.pkl); no additional feature scaling
Recon,Latent-PGD,wasserstein_per_feature,4,fin_flag_number,0.0005759396256392879,100705,100,ok,D:\thesis_final\outputs\latent_attacks\phase2_20260602_023945_seed42\phase2_latent_pgd_Recon.npz,39-feature RobustScaler-transformed model space (data/processed/scaler.pkl); no additional feature scaling
Recon,Latent-PGD,wasserstein_per_feature,5,syn_flag_number,0.02160319745792172,100705,100,ok,D:\thesis_final\outputs\latent_attacks\phase2_20260602_023945_seed42\phase2_latent_pgd_Recon.npz,39-feature RobustScaler-transformed model space (data/processed/scaler.pkl); no additional feature scaling
Recon,Latent-PGD,wasserstein_per_feature,6,rst_flag_number,0.026547837743905456,100705,100,ok,D:\thesis_final\outputs\latent_attacks\phase2_20260602_023945_seed42\phase2_latent_pgd_Recon.npz,39-feature RobustScaler-transformed model space (data/processed/scaler.pkl); no additional feature scaling
Recon,Latent-PGD,wasserstein_per_feature,7,psh_flag_number,0.012729755225659112,100705,100,ok,D:\thesis_final\outputs\latent_attacks\phase2_20260602_023945_seed42\phase2_latent_pgd_Recon.npz,39-feature RobustScaler-transformed model space (data/processed/scaler.pkl); no additional feature scaling
Recon,Latent-PGD,wasserstein_per_feature,8,ack_flag_number,0.04215874842872129,100705,100,ok,D:\thesis_final\outputs\latent_attacks\phase2_20260602_023945_seed42\phase2_latent_pgd_Recon.npz,39-feature RobustScaler-transformed model space (data/processed/scaler.pkl); no additional feature scaling
Recon,Latent-PGD,wasserstein_per_feature,9,ece_flag_number,0.0,100705,100,ok,D:\thesis_final\outputs\latent_attacks\phase2_20260602_023945_seed42\phase2_latent_pgd_Recon.npz,39-feature RobustScaler-transformed model space (data/processed/scaler.pkl); no additional feature scaling
Recon,Latent-PGD,wasserstein_per_feature,10,cwr_flag_number,0.0,100705,100,ok,D:\thesis_final\outputs\latent_attacks\phase2_20260602_023945_seed42\phase2_latent_pgd_Recon.npz,39-feature RobustScaler-transformed model space (data/processed/scaler.pkl); no additional feature scaling
Recon,Latent-PGD,wasserstein_per_feature,11,ack_count,0.05058169398680799,100705,100,ok,D:\thesis_final\outputs\latent_attacks\phase2_20260602_023945_seed42\phase2_latent_pgd_Recon.npz,39-feature RobustScaler-transformed model space (data/processed/scaler.pkl); no additional feature scaling
Recon,Latent-PGD,wasserstein_per_feature,12,syn_count,0.3474453872681065,100705,100,ok,D:\thesis_final\outputs\latent_attacks\phase2_20260602_023945_seed42\phase2_latent_pgd_Recon.npz,39-feature RobustScaler-transformed model space (data/processed/scaler.pkl); no additional feature scaling
Recon,Latent-PGD,wasserstein_per_feature,13,fin_count,0.15743458616751904,100705,100,ok,D:\thesis_final\outputs\latent_attacks\phase2_20260602_023945_seed42\phase2_latent_pgd_Recon.npz,39-feature RobustScaler-transformed model space (data/processed/scaler.pkl); no additional feature scaling
Recon,Latent-PGD,wasserstein_per_feature,14,rst_count,0.23627859443986948,100705,100,ok,D:\thesis_final\outputs\latent_attacks\phase2_20260602_023945_seed42\phase2_latent_pgd_Recon.npz,39-feature RobustScaler-transformed model space (data/processed/scaler.pkl); no additional feature scaling
Recon,Latent-PGD,wasserstein_per_feature,15,HTTP,0.003761481555036972,100705,100,ok,D:\thesis_final\outputs\latent_attacks\phase2_20260602_023945_seed42\phase2_latent_pgd_Recon.npz,39-feature RobustScaler-transformed model space (data/processed/scaler.pkl); no additional feature scaling
Recon,Latent-PGD,wasserstein_per_feature,16,HTTPS,0.09916439104314578,100705,100,ok,D:\thesis_final\outputs\latent_attacks\phase2_20260602_023945_seed42\phase2_latent_pgd_Recon.npz,39-feature RobustScaler-transformed model space (data/processed/scaler.pkl); no additional feature scaling
Recon,Latent-PGD,wasserstein_per_feature,17,DNS,0.003445707760289962,100705,100,ok,D:\thesis_final\outputs\latent_attacks\phase2_20260602_023945_seed42\phase2_latent_pgd_Recon.npz,39-feature RobustScaler-transformed model space (data/processed/scaler.pkl); no additional feature scaling
Recon,Latent-PGD,wasserstein_per_feature,18,Telnet,0.0,100705,100,ok,D:\thesis_final\outputs\latent_attacks\phase2_20260602_023945_seed42\phase2_latent_pgd_Recon.npz,39-feature RobustScaler-transformed model space (data/processed/scaler.pkl); no additional feature scaling
Recon,Latent-PGD,wasserstein_per_feature,19,SMTP,0.0,100705,100,ok,D:\thesis_final\outputs\latent_attacks\phase2_20260602_023945_seed42\phase2_latent_pgd_Recon.npz,39-feature RobustScaler-transformed model space (data/processed/scaler.pkl); no additional feature scaling
Recon,Latent-PGD,wasserstein_per_feature,20,SSH,0.0,100705,100,ok,D:\thesis_final\outputs\latent_attacks\phase2_20260602_023945_seed42\phase2_latent_pgd_Recon.npz,39-feature RobustScaler-transformed model space (data/processed/scaler.pkl); no additional feature scaling
Recon,Latent-PGD,wasserstein_per_feature,21,IRC,0.0,100705,100,ok,D:\thesis_final\outputs\latent_attacks\phase2_20260602_023945_seed42\phase2_latent_pgd_Recon.npz,39-feature RobustScaler-transformed model space (data/processed/scaler.pkl); no additional feature scaling
Recon,Latent-PGD,wasserstein_per_feature,22,TCP,0.08742018767687804,100705,100,ok,D:\thesis_final\outputs\latent_attacks\phase2_20260602_023945_seed42\phase2_latent_pgd_Recon.npz,39-feature RobustScaler-transformed model space (data/processed/scaler.pkl); no additional feature scaling
Recon,Latent-PGD,wasserstein_per_feature,23,UDP,0.020283501315724095,100705,100,ok,D:\thesis_final\outputs\latent_attacks\phase2_20260602_023945_seed42\phase2_latent_pgd_Recon.npz,39-feature RobustScaler-transformed model space (data/processed/scaler.pkl); no additional feature scaling
Recon,Latent-PGD,wasserstein_per_feature,24,DHCP,0.0,100705,100,ok,D:\thesis_final\outputs\latent_attacks\phase2_20260602_023945_seed42\phase2_latent_pgd_Recon.npz,39-feature RobustScaler-transformed model space (data/processed/scaler.pkl); no additional feature scaling
Recon,Latent-PGD,wasserstein_per_feature,25,ARP,0.002273968521920411,100705,100,ok,D:\thesis_final\outputs\latent_attacks\phase2_20260602_023945_seed42\phase2_latent_pgd_Recon.npz,39-feature RobustScaler-transformed model space (data/processed/scaler.pkl); no additional feature scaling
Recon,Latent-PGD,wasserstein_per_feature,26,ICMP,2.978998063651872e-05,100705,100,ok,D:\thesis_final\outputs\latent_attacks\phase2_20260602_023945_seed42\phase2_latent_pgd_Recon.npz,39-feature RobustScaler-transformed model space (data/processed/scaler.pkl); no additional feature scaling
Recon,Latent-PGD,wasserstein_per_feature,27,IGMP,0.0,100705,100,ok,D:\thesis_final\outputs\latent_attacks\phase2_20260602_023945_seed42\phase2_latent_pgd_Recon.npz,39-feature RobustScaler-transformed model space (data/processed/scaler.pkl); no additional feature scaling
Recon,Latent-PGD,wasserstein_per_feature,28,IPv,0.0044982870761134,100705,100,ok,D:\thesis_final\outputs\latent_attacks\phase2_20260602_023945_seed42\phase2_latent_pgd_Recon.npz,39-feature RobustScaler-transformed model space (data/processed/scaler.pkl); no additional feature scaling
Recon,Latent-PGD,wasserstein_per_feature,29,LLC,0.0044982870761134,100705,100,ok,D:\thesis_final\outputs\latent_attacks\phase2_20260602_023945_seed42\phase2_latent_pgd_Recon.npz,39-feature RobustScaler-transformed model space (data/processed/scaler.pkl); no additional feature scaling
Recon,Latent-PGD,wasserstein_per_feature,30,Tot sum,0.011578821720857503,100705,100,ok,D:\thesis_final\outputs\latent_attacks\phase2_20260602_023945_seed42\phase2_latent_pgd_Recon.npz,39-feature RobustScaler-transformed model space (data/processed/scaler.pkl); no additional feature scaling
Recon,Latent-PGD,wasserstein_per_feature,31,Min,2.655421665220069,100705,100,ok,D:\thesis_final\outputs\latent_attacks\phase2_20260602_023945_seed42\phase2_latent_pgd_Recon.npz,39-feature RobustScaler-transformed model space (data/processed/scaler.pkl); no additional feature scaling
Recon,Latent-PGD,wasserstein_per_feature,32,Max,0.1281737672555303,100705,100,ok,D:\thesis_final\outputs\latent_attacks\phase2_20260602_023945_seed42\phase2_latent_pgd_Recon.npz,39-feature RobustScaler-transformed model space (data/processed/scaler.pkl); no additional feature scaling
Recon,Latent-PGD,wasserstein_per_feature,33,AVG,0.15111383986642646,100705,100,ok,D:\thesis_final\outputs\latent_attacks\phase2_20260602_023945_seed42\phase2_latent_pgd_Recon.npz,39-feature RobustScaler-transformed model space (data/processed/scaler.pkl); no additional feature scaling
Recon,Latent-PGD,wasserstein_per_feature,34,Std,0.1867712008509484,100705,100,ok,D:\thesis_final\outputs\latent_attacks\phase2_20260602_023945_seed42\phase2_latent_pgd_Recon.npz,39-feature RobustScaler-transformed model space (data/processed/scaler.pkl); no additional feature scaling
Recon,Latent-PGD,wasserstein_per_feature,35,Tot size,0.15111383986642646,100705,100,ok,D:\thesis_final\outputs\latent_attacks\phase2_20260602_023945_seed42\phase2_latent_pgd_Recon.npz,39-feature RobustScaler-transformed model space (data/processed/scaler.pkl); no additional feature scaling
Recon,Latent-PGD,wasserstein_per_feature,36,IAT,2.4875882028874154,100705,100,ok,D:\thesis_final\outputs\latent_attacks\phase2_20260602_023945_seed42\phase2_latent_pgd_Recon.npz,39-feature RobustScaler-transformed model space (data/processed/scaler.pkl); no additional feature scaling
Recon,Latent-PGD,wasserstein_per_feature,37,Number,0.007106598940880981,100705,100,ok,D:\thesis_final\outputs\latent_attacks\phase2_20260602_023945_seed42\phase2_latent_pgd_Recon.npz,39-feature RobustScaler-transformed model space (data/processed/scaler.pkl); no additional feature scaling
Recon,Latent-PGD,wasserstein_per_feature,38,Variance,1.237335959948268,100705,100,ok,D:\thesis_final\outputs\latent_attacks\phase2_20260602_023945_seed42\phase2_latent_pgd_Recon.npz,39-feature RobustScaler-transformed model space (data/processed/scaler.pkl); no additional feature scaling
Recon,Latent-CW,wasserstein_per_feature,0,Header_Length,0.08713782949049445,100705,100,ok,D:\thesis_final\outputs\latent_attacks\phase3_20260602_023958_seed42\phase3_latent_cw_Recon.npz,39-feature RobustScaler-transformed model space (data/processed/scaler.pkl); no additional feature scaling
Recon,Latent-CW,wasserstein_per_feature,1,Protocol Type,0.0338368142303547,100705,100,ok,D:\thesis_final\outputs\latent_attacks\phase3_20260602_023958_seed42\phase3_latent_cw_Recon.npz,39-feature RobustScaler-transformed model space (data/processed/scaler.pkl); no additional feature scaling
Recon,Latent-CW,wasserstein_per_feature,2,Time_To_Live,2.5217442809218977,100705,100,ok,D:\thesis_final\outputs\latent_attacks\phase3_20260602_023958_seed42\phase3_latent_cw_Recon.npz,39-feature RobustScaler-transformed model space (data/processed/scaler.pkl); no additional feature scaling
Recon,Latent-CW,wasserstein_per_feature,3,Rate,0.18190989445471645,100705,100,ok,D:\thesis_final\outputs\latent_attacks\phase3_20260602_023958_seed42\phase3_latent_cw_Recon.npz,39-feature RobustScaler-transformed model space (data/processed/scaler.pkl); no additional feature scaling
Recon,Latent-CW,wasserstein_per_feature,4,fin_flag_number,0.0005759396256392879,100705,100,ok,D:\thesis_final\outputs\latent_attacks\phase3_20260602_023958_seed42\phase3_latent_cw_Recon.npz,39-feature RobustScaler-transformed model space (data/processed/scaler.pkl); no additional feature scaling
Recon,Latent-CW,wasserstein_per_feature,5,syn_flag_number,0.02160319745792172,100705,100,ok,D:\thesis_final\outputs\latent_attacks\phase3_20260602_023958_seed42\phase3_latent_cw_Recon.npz,39-feature RobustScaler-transformed model space (data/processed/scaler.pkl); no additional feature scaling
Recon,Latent-CW,wasserstein_per_feature,6,rst_flag_number,0.026547837743905456,100705,100,ok,D:\thesis_final\outputs\latent_attacks\phase3_20260602_023958_seed42\phase3_latent_cw_Recon.npz,39-feature RobustScaler-transformed model space (data/processed/scaler.pkl); no additional feature scaling
Recon,Latent-CW,wasserstein_per_feature,7,psh_flag_number,0.012729755225659112,100705,100,ok,D:\thesis_final\outputs\latent_attacks\phase3_20260602_023958_seed42\phase3_latent_cw_Recon.npz,39-feature RobustScaler-transformed model space (data/processed/scaler.pkl); no additional feature scaling
Recon,Latent-CW,wasserstein_per_feature,8,ack_flag_number,0.027558867256541105,100705,100,ok,D:\thesis_final\outputs\latent_attacks\phase3_20260602_023958_seed42\phase3_latent_cw_Recon.npz,39-feature RobustScaler-transformed model space (data/processed/scaler.pkl); no additional feature scaling
Recon,Latent-CW,wasserstein_per_feature,9,ece_flag_number,0.0,100705,100,ok,D:\thesis_final\outputs\latent_attacks\phase3_20260602_023958_seed42\phase3_latent_cw_Recon.npz,39-feature RobustScaler-transformed model space (data/processed/scaler.pkl); no additional feature scaling
Recon,Latent-CW,wasserstein_per_feature,10,cwr_flag_number,0.0,100705,100,ok,D:\thesis_final\outputs\latent_attacks\phase3_20260602_023958_seed42\phase3_latent_cw_Recon.npz,39-feature RobustScaler-transformed model space (data/processed/scaler.pkl); no additional feature scaling
Recon,Latent-CW,wasserstein_per_feature,11,ack_count,0.05522229768071325,100705,100,ok,D:\thesis_final\outputs\latent_attacks\phase3_20260602_023958_seed42\phase3_latent_cw_Recon.npz,39-feature RobustScaler-transformed model space (data/processed/scaler.pkl); no additional feature scaling
Recon,Latent-CW,wasserstein_per_feature,12,syn_count,0.3247379222056056,100705,100,ok,D:\thesis_final\outputs\latent_attacks\phase3_20260602_023958_seed42\phase3_latent_cw_Recon.npz,39-feature RobustScaler-transformed model space (data/processed/scaler.pkl); no additional feature scaling
Recon,Latent-CW,wasserstein_per_feature,13,fin_count,0.15743458616751904,100705,100,ok,D:\thesis_final\outputs\latent_attacks\phase3_20260602_023958_seed42\phase3_latent_cw_Recon.npz,39-feature RobustScaler-transformed model space (data/processed/scaler.pkl); no additional feature scaling
Recon,Latent-CW,wasserstein_per_feature,14,rst_count,0.20904035931567896,100705,100,ok,D:\thesis_final\outputs\latent_attacks\phase3_20260602_023958_seed42\phase3_latent_cw_Recon.npz,39-feature RobustScaler-transformed model space (data/processed/scaler.pkl); no additional feature scaling
Recon,Latent-CW,wasserstein_per_feature,15,HTTP,0.003761481555036972,100705,100,ok,D:\thesis_final\outputs\latent_attacks\phase3_20260602_023958_seed42\phase3_latent_cw_Recon.npz,39-feature RobustScaler-transformed model space (data/processed/scaler.pkl); no additional feature scaling
Recon,Latent-CW,wasserstein_per_feature,16,HTTPS,0.09916439104314578,100705,100,ok,D:\thesis_final\outputs\latent_attacks\phase3_20260602_023958_seed42\phase3_latent_cw_Recon.npz,39-feature RobustScaler-transformed model space (data/processed/scaler.pkl); no additional feature scaling
Recon,Latent-CW,wasserstein_per_feature,17,DNS,0.003445707760289962,100705,100,ok,D:\thesis_final\outputs\latent_attacks\phase3_20260602_023958_seed42\phase3_latent_cw_Recon.npz,39-feature RobustScaler-transformed model space (data/processed/scaler.pkl); no additional feature scaling
Recon,Latent-CW,wasserstein_per_feature,18,Telnet,0.0,100705,100,ok,D:\thesis_final\outputs\latent_attacks\phase3_20260602_023958_seed42\phase3_latent_cw_Recon.npz,39-feature RobustScaler-transformed model space (data/processed/scaler.pkl); no additional feature scaling
Recon,Latent-CW,wasserstein_per_feature,19,SMTP,0.0,100705,100,ok,D:\thesis_final\outputs\latent_attacks\phase3_20260602_023958_seed42\phase3_latent_cw_Recon.npz,39-feature RobustScaler-transformed model space (data/processed/scaler.pkl); no additional feature scaling
Recon,Latent-CW,wasserstein_per_feature,20,SSH,0.0,100705,100,ok,D:\thesis_final\outputs\latent_attacks\phase3_20260602_023958_seed42\phase3_latent_cw_Recon.npz,39-feature RobustScaler-transformed model space (data/processed/scaler.pkl); no additional feature scaling
Recon,Latent-CW,wasserstein_per_feature,21,IRC,0.0,100705,100,ok,D:\thesis_final\outputs\latent_attacks\phase3_20260602_023958_seed42\phase3_latent_cw_Recon.npz,39-feature RobustScaler-transformed model space (data/processed/scaler.pkl); no additional feature scaling
Recon,Latent-CW,wasserstein_per_feature,22,TCP,0.08742018767687804,100705,100,ok,D:\thesis_final\outputs\latent_attacks\phase3_20260602_023958_seed42\phase3_latent_cw_Recon.npz,39-feature RobustScaler-transformed model space (data/processed/scaler.pkl); no additional feature scaling
Recon,Latent-CW,wasserstein_per_feature,23,UDP,0.020283501315724095,100705,100,ok,D:\thesis_final\outputs\latent_attacks\phase3_20260602_023958_seed42\phase3_latent_cw_Recon.npz,39-feature RobustScaler-transformed model space (data/processed/scaler.pkl); no additional feature scaling
Recon,Latent-CW,wasserstein_per_feature,24,DHCP,0.0,100705,100,ok,D:\thesis_final\outputs\latent_attacks\phase3_20260602_023958_seed42\phase3_latent_cw_Recon.npz,39-feature RobustScaler-transformed model space (data/processed/scaler.pkl); no additional feature scaling
Recon,Latent-CW,wasserstein_per_feature,25,ARP,0.002273968521920411,100705,100,ok,D:\thesis_final\outputs\latent_attacks\phase3_20260602_023958_seed42\phase3_latent_cw_Recon.npz,39-feature RobustScaler-transformed model space (data/processed/scaler.pkl); no additional feature scaling
Recon,Latent-CW,wasserstein_per_feature,26,ICMP,2.978998063651872e-05,100705,100,ok,D:\thesis_final\outputs\latent_attacks\phase3_20260602_023958_seed42\phase3_latent_cw_Recon.npz,39-feature RobustScaler-transformed model space (data/processed/scaler.pkl); no additional feature scaling
Recon,Latent-CW,wasserstein_per_feature,27,IGMP,0.0,100705,100,ok,D:\thesis_final\outputs\latent_attacks\phase3_20260602_023958_seed42\phase3_latent_cw_Recon.npz,39-feature RobustScaler-transformed model space (data/processed/scaler.pkl); no additional feature scaling
Recon,Latent-CW,wasserstein_per_feature,28,IPv,0.0044982870761134,100705,100,ok,D:\thesis_final\outputs\latent_attacks\phase3_20260602_023958_seed42\phase3_latent_cw_Recon.npz,39-feature RobustScaler-transformed model space (data/processed/scaler.pkl); no additional feature scaling
Recon,Latent-CW,wasserstein_per_feature,29,LLC,0.0044982870761134,100705,100,ok,D:\thesis_final\outputs\latent_attacks\phase3_20260602_023958_seed42\phase3_latent_cw_Recon.npz,39-feature RobustScaler-transformed model space (data/processed/scaler.pkl); no additional feature scaling
Recon,Latent-CW,wasserstein_per_feature,30,Tot sum,0.009089783191384482,100705,100,ok,D:\thesis_final\outputs\latent_attacks\phase3_20260602_023958_seed42\phase3_latent_cw_Recon.npz,39-feature RobustScaler-transformed model space (data/processed/scaler.pkl); no additional feature scaling
Recon,Latent-CW,wasserstein_per_feature,31,Min,2.616484708671752,100705,100,ok,D:\thesis_final\outputs\latent_attacks\phase3_20260602_023958_seed42\phase3_latent_cw_Recon.npz,39-feature RobustScaler-transformed model space (data/processed/scaler.pkl); no additional feature scaling
Recon,Latent-CW,wasserstein_per_feature,32,Max,0.14477406728058378,100705,100,ok,D:\thesis_final\outputs\latent_attacks\phase3_20260602_023958_seed42\phase3_latent_cw_Recon.npz,39-feature RobustScaler-transformed model space (data/processed/scaler.pkl); no additional feature scaling
Recon,Latent-CW,wasserstein_per_feature,33,AVG,0.08041432561265865,100705,100,ok,D:\thesis_final\outputs\latent_attacks\phase3_20260602_023958_seed42\phase3_latent_cw_Recon.npz,39-feature RobustScaler-transformed model space (data/processed/scaler.pkl); no additional feature scaling
Recon,Latent-CW,wasserstein_per_feature,34,Std,0.19796956191834347,100705,100,ok,D:\thesis_final\outputs\latent_attacks\phase3_20260602_023958_seed42\phase3_latent_cw_Recon.npz,39-feature RobustScaler-transformed model space (data/processed/scaler.pkl); no additional feature scaling
Recon,Latent-CW,wasserstein_per_feature,35,Tot size,0.08041432561265865,100705,100,ok,D:\thesis_final\outputs\latent_attacks\phase3_20260602_023958_seed42\phase3_latent_cw_Recon.npz,39-feature RobustScaler-transformed model space (data/processed/scaler.pkl); no additional feature scaling
Recon,Latent-CW,wasserstein_per_feature,36,IAT,2.7918506360960755,100705,100,ok,D:\thesis_final\outputs\latent_attacks\phase3_20260602_023958_seed42\phase3_latent_cw_Recon.npz,39-feature RobustScaler-transformed model space (data/processed/scaler.pkl); no additional feature scaling
Recon,Latent-CW,wasserstein_per_feature,37,Number,0.002559422724569313,100705,100,ok,D:\thesis_final\outputs\latent_attacks\phase3_20260602_023958_seed42\phase3_latent_cw_Recon.npz,39-feature RobustScaler-transformed model space (data/processed/scaler.pkl); no additional feature scaling
Recon,Latent-CW,wasserstein_per_feature,38,Variance,1.3993843887425326,100705,100,ok,D:\thesis_final\outputs\latent_attacks\phase3_20260602_023958_seed42\phase3_latent_cw_Recon.npz,39-feature RobustScaler-transformed model space (data/processed/scaler.pkl); no additional feature scaling
Recon,cInput CPGD,wasserstein_per_feature,0,Header_Length,N/A,N/A,N/A,# TODO: canonical cInput run has outcomes but no full 39-feature adversarial vectors; the eight-sample exhibit is not used,D:\thesis_final\outputs\latent_attacks\constrained_input_baselines_20260602_032651_seed42,39-feature RobustScaler-transformed model space (data/processed/scaler.pkl); no additional feature scaling
Recon,cInput CPGD,wasserstein_per_feature,1,Protocol Type,N/A,N/A,N/A,# TODO: canonical cInput run has outcomes but no full 39-feature adversarial vectors; the eight-sample exhibit is not used,D:\thesis_final\outputs\latent_attacks\constrained_input_baselines_20260602_032651_seed42,39-feature RobustScaler-transformed model space (data/processed/scaler.pkl); no additional feature scaling
Recon,cInput CPGD,wasserstein_per_feature,2,Time_To_Live,N/A,N/A,N/A,# TODO: canonical cInput run has outcomes but no full 39-feature adversarial vectors; the eight-sample exhibit is not used,D:\thesis_final\outputs\latent_attacks\constrained_input_baselines_20260602_032651_seed42,39-feature RobustScaler-transformed model space (data/processed/scaler.pkl); no additional feature scaling
Recon,cInput CPGD,wasserstein_per_feature,3,Rate,N/A,N/A,N/A,# TODO: canonical cInput run has outcomes but no full 39-feature adversarial vectors; the eight-sample exhibit is not used,D:\thesis_final\outputs\latent_attacks\constrained_input_baselines_20260602_032651_seed42,39-feature RobustScaler-transformed model space (data/processed/scaler.pkl); no additional feature scaling
Recon,cInput CPGD,wasserstein_per_feature,4,fin_flag_number,N/A,N/A,N/A,# TODO: canonical cInput run has outcomes but no full 39-feature adversarial vectors; the eight-sample exhibit is not used,D:\thesis_final\outputs\latent_attacks\constrained_input_baselines_20260602_032651_seed42,39-feature RobustScaler-transformed model space (data/processed/scaler.pkl); no additional feature scaling
Recon,cInput CPGD,wasserstein_per_feature,5,syn_flag_number,N/A,N/A,N/A,# TODO: canonical cInput run has outcomes but no full 39-feature adversarial vectors; the eight-sample exhibit is not used,D:\thesis_final\outputs\latent_attacks\constrained_input_baselines_20260602_032651_seed42,39-feature RobustScaler-transformed model space (data/processed/scaler.pkl); no additional feature scaling
Recon,cInput CPGD,wasserstein_per_feature,6,rst_flag_number,N/A,N/A,N/A,# TODO: canonical cInput run has outcomes but no full 39-feature adversarial vectors; the eight-sample exhibit is not used,D:\thesis_final\outputs\latent_attacks\constrained_input_baselines_20260602_032651_seed42,39-feature RobustScaler-transformed model space (data/processed/scaler.pkl); no additional feature scaling
Recon,cInput CPGD,wasserstein_per_feature,7,psh_flag_number,N/A,N/A,N/A,# TODO: canonical cInput run has outcomes but no full 39-feature adversarial vectors; the eight-sample exhibit is not used,D:\thesis_final\outputs\latent_attacks\constrained_input_baselines_20260602_032651_seed42,39-feature RobustScaler-transformed model space (data/processed/scaler.pkl); no additional feature scaling
Recon,cInput CPGD,wasserstein_per_feature,8,ack_flag_number,N/A,N/A,N/A,# TODO: canonical cInput run has outcomes but no full 39-feature adversarial vectors; the eight-sample exhibit is not used,D:\thesis_final\outputs\latent_attacks\constrained_input_baselines_20260602_032651_seed42,39-feature RobustScaler-transformed model space (data/processed/scaler.pkl); no additional feature scaling
Recon,cInput CPGD,wasserstein_per_feature,9,ece_flag_number,N/A,N/A,N/A,# TODO: canonical cInput run has outcomes but no full 39-feature adversarial vectors; the eight-sample exhibit is not used,D:\thesis_final\outputs\latent_attacks\constrained_input_baselines_20260602_032651_seed42,39-feature RobustScaler-transformed model space (data/processed/scaler.pkl); no additional feature scaling
Recon,cInput CPGD,wasserstein_per_feature,10,cwr_flag_number,N/A,N/A,N/A,# TODO: canonical cInput run has outcomes but no full 39-feature adversarial vectors; the eight-sample exhibit is not used,D:\thesis_final\outputs\latent_attacks\constrained_input_baselines_20260602_032651_seed42,39-feature RobustScaler-transformed model space (data/processed/scaler.pkl); no additional feature scaling
Recon,cInput CPGD,wasserstein_per_feature,11,ack_count,N/A,N/A,N/A,# TODO: canonical cInput run has outcomes but no full 39-feature adversarial vectors; the eight-sample exhibit is not used,D:\thesis_final\outputs\latent_attacks\constrained_input_baselines_20260602_032651_seed42,39-feature RobustScaler-transformed model space (data/processed/scaler.pkl); no additional feature scaling
Recon,cInput CPGD,wasserstein_per_feature,12,syn_count,N/A,N/A,N/A,# TODO: canonical cInput run has outcomes but no full 39-feature adversarial vectors; the eight-sample exhibit is not used,D:\thesis_final\outputs\latent_attacks\constrained_input_baselines_20260602_032651_seed42,39-feature RobustScaler-transformed model space (data/processed/scaler.pkl); no additional feature scaling
Recon,cInput CPGD,wasserstein_per_feature,13,fin_count,N/A,N/A,N/A,# TODO: canonical cInput run has outcomes but no full 39-feature adversarial vectors; the eight-sample exhibit is not used,D:\thesis_final\outputs\latent_attacks\constrained_input_baselines_20260602_032651_seed42,39-feature RobustScaler-transformed model space (data/processed/scaler.pkl); no additional feature scaling
Recon,cInput CPGD,wasserstein_per_feature,14,rst_count,N/A,N/A,N/A,# TODO: canonical cInput run has outcomes but no full 39-feature adversarial vectors; the eight-sample exhibit is not used,D:\thesis_final\outputs\latent_attacks\constrained_input_baselines_20260602_032651_seed42,39-feature RobustScaler-transformed model space (data/processed/scaler.pkl); no additional feature scaling
Recon,cInput CPGD,wasserstein_per_feature,15,HTTP,N/A,N/A,N/A,# TODO: canonical cInput run has outcomes but no full 39-feature adversarial vectors; the eight-sample exhibit is not used,D:\thesis_final\outputs\latent_attacks\constrained_input_baselines_20260602_032651_seed42,39-feature RobustScaler-transformed model space (data/processed/scaler.pkl); no additional feature scaling
Recon,cInput CPGD,wasserstein_per_feature,16,HTTPS,N/A,N/A,N/A,# TODO: canonical cInput run has outcomes but no full 39-feature adversarial vectors; the eight-sample exhibit is not used,D:\thesis_final\outputs\latent_attacks\constrained_input_baselines_20260602_032651_seed42,39-feature RobustScaler-transformed model space (data/processed/scaler.pkl); no additional feature scaling
Recon,cInput CPGD,wasserstein_per_feature,17,DNS,N/A,N/A,N/A,# TODO: canonical cInput run has outcomes but no full 39-feature adversarial vectors; the eight-sample exhibit is not used,D:\thesis_final\outputs\latent_attacks\constrained_input_baselines_20260602_032651_seed42,39-feature RobustScaler-transformed model space (data/processed/scaler.pkl); no additional feature scaling
Recon,cInput CPGD,wasserstein_per_feature,18,Telnet,N/A,N/A,N/A,# TODO: canonical cInput run has outcomes but no full 39-feature adversarial vectors; the eight-sample exhibit is not used,D:\thesis_final\outputs\latent_attacks\constrained_input_baselines_20260602_032651_seed42,39-feature RobustScaler-transformed model space (data/processed/scaler.pkl); no additional feature scaling
Recon,cInput CPGD,wasserstein_per_feature,19,SMTP,N/A,N/A,N/A,# TODO: canonical cInput run has outcomes but no full 39-feature adversarial vectors; the eight-sample exhibit is not used,D:\thesis_final\outputs\latent_attacks\constrained_input_baselines_20260602_032651_seed42,39-feature RobustScaler-transformed model space (data/processed/scaler.pkl); no additional feature scaling
Recon,cInput CPGD,wasserstein_per_feature,20,SSH,N/A,N/A,N/A,# TODO: canonical cInput run has outcomes but no full 39-feature adversarial vectors; the eight-sample exhibit is not used,D:\thesis_final\outputs\latent_attacks\constrained_input_baselines_20260602_032651_seed42,39-feature RobustScaler-transformed model space (data/processed/scaler.pkl); no additional feature scaling
Recon,cInput CPGD,wasserstein_per_feature,21,IRC,N/A,N/A,N/A,# TODO: canonical cInput run has outcomes but no full 39-feature adversarial vectors; the eight-sample exhibit is not used,D:\thesis_final\outputs\latent_attacks\constrained_input_baselines_20260602_032651_seed42,39-feature RobustScaler-transformed model space (data/processed/scaler.pkl); no additional feature scaling
Recon,cInput CPGD,wasserstein_per_feature,22,TCP,N/A,N/A,N/A,# TODO: canonical cInput run has outcomes but no full 39-feature adversarial vectors; the eight-sample exhibit is not used,D:\thesis_final\outputs\latent_attacks\constrained_input_baselines_20260602_032651_seed42,39-feature RobustScaler-transformed model space (data/processed/scaler.pkl); no additional feature scaling
Recon,cInput CPGD,wasserstein_per_feature,23,UDP,N/A,N/A,N/A,# TODO: canonical cInput run has outcomes but no full 39-feature adversarial vectors; the eight-sample exhibit is not used,D:\thesis_final\outputs\latent_attacks\constrained_input_baselines_20260602_032651_seed42,39-feature RobustScaler-transformed model space (data/processed/scaler.pkl); no additional feature scaling
Recon,cInput CPGD,wasserstein_per_feature,24,DHCP,N/A,N/A,N/A,# TODO: canonical cInput run has outcomes but no full 39-feature adversarial vectors; the eight-sample exhibit is not used,D:\thesis_final\outputs\latent_attacks\constrained_input_baselines_20260602_032651_seed42,39-feature RobustScaler-transformed model space (data/processed/scaler.pkl); no additional feature scaling
Recon,cInput CPGD,wasserstein_per_feature,25,ARP,N/A,N/A,N/A,# TODO: canonical cInput run has outcomes but no full 39-feature adversarial vectors; the eight-sample exhibit is not used,D:\thesis_final\outputs\latent_attacks\constrained_input_baselines_20260602_032651_seed42,39-feature RobustScaler-transformed model space (data/processed/scaler.pkl); no additional feature scaling
Recon,cInput CPGD,wasserstein_per_feature,26,ICMP,N/A,N/A,N/A,# TODO: canonical cInput run has outcomes but no full 39-feature adversarial vectors; the eight-sample exhibit is not used,D:\thesis_final\outputs\latent_attacks\constrained_input_baselines_20260602_032651_seed42,39-feature RobustScaler-transformed model space (data/processed/scaler.pkl); no additional feature scaling
Recon,cInput CPGD,wasserstein_per_feature,27,IGMP,N/A,N/A,N/A,# TODO: canonical cInput run has outcomes but no full 39-feature adversarial vectors; the eight-sample exhibit is not used,D:\thesis_final\outputs\latent_attacks\constrained_input_baselines_20260602_032651_seed42,39-feature RobustScaler-transformed model space (data/processed/scaler.pkl); no additional feature scaling
Recon,cInput CPGD,wasserstein_per_feature,28,IPv,N/A,N/A,N/A,# TODO: canonical cInput run has outcomes but no full 39-feature adversarial vectors; the eight-sample exhibit is not used,D:\thesis_final\outputs\latent_attacks\constrained_input_baselines_20260602_032651_seed42,39-feature RobustScaler-transformed model space (data/processed/scaler.pkl); no additional feature scaling
Recon,cInput CPGD,wasserstein_per_feature,29,LLC,N/A,N/A,N/A,# TODO: canonical cInput run has outcomes but no full 39-feature adversarial vectors; the eight-sample exhibit is not used,D:\thesis_final\outputs\latent_attacks\constrained_input_baselines_20260602_032651_seed42,39-feature RobustScaler-transformed model space (data/processed/scaler.pkl); no additional feature scaling
Recon,cInput CPGD,wasserstein_per_feature,30,Tot sum,N/A,N/A,N/A,# TODO: canonical cInput run has outcomes but no full 39-feature adversarial vectors; the eight-sample exhibit is not used,D:\thesis_final\outputs\latent_attacks\constrained_input_baselines_20260602_032651_seed42,39-feature RobustScaler-transformed model space (data/processed/scaler.pkl); no additional feature scaling
Recon,cInput CPGD,wasserstein_per_feature,31,Min,N/A,N/A,N/A,# TODO: canonical cInput run has outcomes but no full 39-feature adversarial vectors; the eight-sample exhibit is not used,D:\thesis_final\outputs\latent_attacks\constrained_input_baselines_20260602_032651_seed42,39-feature RobustScaler-transformed model space (data/processed/scaler.pkl); no additional feature scaling
Recon,cInput CPGD,wasserstein_per_feature,32,Max,N/A,N/A,N/A,# TODO: canonical cInput run has outcomes but no full 39-feature adversarial vectors; the eight-sample exhibit is not used,D:\thesis_final\outputs\latent_attacks\constrained_input_baselines_20260602_032651_seed42,39-feature RobustScaler-transformed model space (data/processed/scaler.pkl); no additional feature scaling
Recon,cInput CPGD,wasserstein_per_feature,33,AVG,N/A,N/A,N/A,# TODO: canonical cInput run has outcomes but no full 39-feature adversarial vectors; the eight-sample exhibit is not used,D:\thesis_final\outputs\latent_attacks\constrained_input_baselines_20260602_032651_seed42,39-feature RobustScaler-transformed model space (data/processed/scaler.pkl); no additional feature scaling
Recon,cInput CPGD,wasserstein_per_feature,34,Std,N/A,N/A,N/A,# TODO: canonical cInput run has outcomes but no full 39-feature adversarial vectors; the eight-sample exhibit is not used,D:\thesis_final\outputs\latent_attacks\constrained_input_baselines_20260602_032651_seed42,39-feature RobustScaler-transformed model space (data/processed/scaler.pkl); no additional feature scaling
Recon,cInput CPGD,wasserstein_per_feature,35,Tot size,N/A,N/A,N/A,# TODO: canonical cInput run has outcomes but no full 39-feature adversarial vectors; the eight-sample exhibit is not used,D:\thesis_final\outputs\latent_attacks\constrained_input_baselines_20260602_032651_seed42,39-feature RobustScaler-transformed model space (data/processed/scaler.pkl); no additional feature scaling
Recon,cInput CPGD,wasserstein_per_feature,36,IAT,N/A,N/A,N/A,# TODO: canonical cInput run has outcomes but no full 39-feature adversarial vectors; the eight-sample exhibit is not used,D:\thesis_final\outputs\latent_attacks\constrained_input_baselines_20260602_032651_seed42,39-feature RobustScaler-transformed model space (data/processed/scaler.pkl); no additional feature scaling
Recon,cInput CPGD,wasserstein_per_feature,37,Number,N/A,N/A,N/A,# TODO: canonical cInput run has outcomes but no full 39-feature adversarial vectors; the eight-sample exhibit is not used,D:\thesis_final\outputs\latent_attacks\constrained_input_baselines_20260602_032651_seed42,39-feature RobustScaler-transformed model space (data/processed/scaler.pkl); no additional feature scaling
Recon,cInput CPGD,wasserstein_per_feature,38,Variance,N/A,N/A,N/A,# TODO: canonical cInput run has outcomes but no full 39-feature adversarial vectors; the eight-sample exhibit is not used,D:\thesis_final\outputs\latent_attacks\constrained_input_baselines_20260602_032651_seed42,39-feature RobustScaler-transformed model space (data/processed/scaler.pkl); no additional feature scaling
Recon,cInput CCW,wasserstein_per_feature,0,Header_Length,N/A,N/A,N/A,# TODO: canonical cInput run has outcomes but no full 39-feature adversarial vectors; the eight-sample exhibit is not used,D:\thesis_final\outputs\latent_attacks\constrained_input_baselines_20260602_032651_seed42,39-feature RobustScaler-transformed model space (data/processed/scaler.pkl); no additional feature scaling
Recon,cInput CCW,wasserstein_per_feature,1,Protocol Type,N/A,N/A,N/A,# TODO: canonical cInput run has outcomes but no full 39-feature adversarial vectors; the eight-sample exhibit is not used,D:\thesis_final\outputs\latent_attacks\constrained_input_baselines_20260602_032651_seed42,39-feature RobustScaler-transformed model space (data/processed/scaler.pkl); no additional feature scaling
Recon,cInput CCW,wasserstein_per_feature,2,Time_To_Live,N/A,N/A,N/A,# TODO: canonical cInput run has outcomes but no full 39-feature adversarial vectors; the eight-sample exhibit is not used,D:\thesis_final\outputs\latent_attacks\constrained_input_baselines_20260602_032651_seed42,39-feature RobustScaler-transformed model space (data/processed/scaler.pkl); no additional feature scaling
Recon,cInput CCW,wasserstein_per_feature,3,Rate,N/A,N/A,N/A,# TODO: canonical cInput run has outcomes but no full 39-feature adversarial vectors; the eight-sample exhibit is not used,D:\thesis_final\outputs\latent_attacks\constrained_input_baselines_20260602_032651_seed42,39-feature RobustScaler-transformed model space (data/processed/scaler.pkl); no additional feature scaling
Recon,cInput CCW,wasserstein_per_feature,4,fin_flag_number,N/A,N/A,N/A,# TODO: canonical cInput run has outcomes but no full 39-feature adversarial vectors; the eight-sample exhibit is not used,D:\thesis_final\outputs\latent_attacks\constrained_input_baselines_20260602_032651_seed42,39-feature RobustScaler-transformed model space (data/processed/scaler.pkl); no additional feature scaling
Recon,cInput CCW,wasserstein_per_feature,5,syn_flag_number,N/A,N/A,N/A,# TODO: canonical cInput run has outcomes but no full 39-feature adversarial vectors; the eight-sample exhibit is not used,D:\thesis_final\outputs\latent_attacks\constrained_input_baselines_20260602_032651_seed42,39-feature RobustScaler-transformed model space (data/processed/scaler.pkl); no additional feature scaling
Recon,cInput CCW,wasserstein_per_feature,6,rst_flag_number,N/A,N/A,N/A,# TODO: canonical cInput run has outcomes but no full 39-feature adversarial vectors; the eight-sample exhibit is not used,D:\thesis_final\outputs\latent_attacks\constrained_input_baselines_20260602_032651_seed42,39-feature RobustScaler-transformed model space (data/processed/scaler.pkl); no additional feature scaling
Recon,cInput CCW,wasserstein_per_feature,7,psh_flag_number,N/A,N/A,N/A,# TODO: canonical cInput run has outcomes but no full 39-feature adversarial vectors; the eight-sample exhibit is not used,D:\thesis_final\outputs\latent_attacks\constrained_input_baselines_20260602_032651_seed42,39-feature RobustScaler-transformed model space (data/processed/scaler.pkl); no additional feature scaling
Recon,cInput CCW,wasserstein_per_feature,8,ack_flag_number,N/A,N/A,N/A,# TODO: canonical cInput run has outcomes but no full 39-feature adversarial vectors; the eight-sample exhibit is not used,D:\thesis_final\outputs\latent_attacks\constrained_input_baselines_20260602_032651_seed42,39-feature RobustScaler-transformed model space (data/processed/scaler.pkl); no additional feature scaling
Recon,cInput CCW,wasserstein_per_feature,9,ece_flag_number,N/A,N/A,N/A,# TODO: canonical cInput run has outcomes but no full 39-feature adversarial vectors; the eight-sample exhibit is not used,D:\thesis_final\outputs\latent_attacks\constrained_input_baselines_20260602_032651_seed42,39-feature RobustScaler-transformed model space (data/processed/scaler.pkl); no additional feature scaling
Recon,cInput CCW,wasserstein_per_feature,10,cwr_flag_number,N/A,N/A,N/A,# TODO: canonical cInput run has outcomes but no full 39-feature adversarial vectors; the eight-sample exhibit is not used,D:\thesis_final\outputs\latent_attacks\constrained_input_baselines_20260602_032651_seed42,39-feature RobustScaler-transformed model space (data/processed/scaler.pkl); no additional feature scaling
Recon,cInput CCW,wasserstein_per_feature,11,ack_count,N/A,N/A,N/A,# TODO: canonical cInput run has outcomes but no full 39-feature adversarial vectors; the eight-sample exhibit is not used,D:\thesis_final\outputs\latent_attacks\constrained_input_baselines_20260602_032651_seed42,39-feature RobustScaler-transformed model space (data/processed/scaler.pkl); no additional feature scaling
Recon,cInput CCW,wasserstein_per_feature,12,syn_count,N/A,N/A,N/A,# TODO: canonical cInput run has outcomes but no full 39-feature adversarial vectors; the eight-sample exhibit is not used,D:\thesis_final\outputs\latent_attacks\constrained_input_baselines_20260602_032651_seed42,39-feature RobustScaler-transformed model space (data/processed/scaler.pkl); no additional feature scaling
Recon,cInput CCW,wasserstein_per_feature,13,fin_count,N/A,N/A,N/A,# TODO: canonical cInput run has outcomes but no full 39-feature adversarial vectors; the eight-sample exhibit is not used,D:\thesis_final\outputs\latent_attacks\constrained_input_baselines_20260602_032651_seed42,39-feature RobustScaler-transformed model space (data/processed/scaler.pkl); no additional feature scaling
Recon,cInput CCW,wasserstein_per_feature,14,rst_count,N/A,N/A,N/A,# TODO: canonical cInput run has outcomes but no full 39-feature adversarial vectors; the eight-sample exhibit is not used,D:\thesis_final\outputs\latent_attacks\constrained_input_baselines_20260602_032651_seed42,39-feature RobustScaler-transformed model space (data/processed/scaler.pkl); no additional feature scaling
Recon,cInput CCW,wasserstein_per_feature,15,HTTP,N/A,N/A,N/A,# TODO: canonical cInput run has outcomes but no full 39-feature adversarial vectors; the eight-sample exhibit is not used,D:\thesis_final\outputs\latent_attacks\constrained_input_baselines_20260602_032651_seed42,39-feature RobustScaler-transformed model space (data/processed/scaler.pkl); no additional feature scaling
Recon,cInput CCW,wasserstein_per_feature,16,HTTPS,N/A,N/A,N/A,# TODO: canonical cInput run has outcomes but no full 39-feature adversarial vectors; the eight-sample exhibit is not used,D:\thesis_final\outputs\latent_attacks\constrained_input_baselines_20260602_032651_seed42,39-feature RobustScaler-transformed model space (data/processed/scaler.pkl); no additional feature scaling
Recon,cInput CCW,wasserstein_per_feature,17,DNS,N/A,N/A,N/A,# TODO: canonical cInput run has outcomes but no full 39-feature adversarial vectors; the eight-sample exhibit is not used,D:\thesis_final\outputs\latent_attacks\constrained_input_baselines_20260602_032651_seed42,39-feature RobustScaler-transformed model space (data/processed/scaler.pkl); no additional feature scaling
Recon,cInput CCW,wasserstein_per_feature,18,Telnet,N/A,N/A,N/A,# TODO: canonical cInput run has outcomes but no full 39-feature adversarial vectors; the eight-sample exhibit is not used,D:\thesis_final\outputs\latent_attacks\constrained_input_baselines_20260602_032651_seed42,39-feature RobustScaler-transformed model space (data/processed/scaler.pkl); no additional feature scaling
Recon,cInput CCW,wasserstein_per_feature,19,SMTP,N/A,N/A,N/A,# TODO: canonical cInput run has outcomes but no full 39-feature adversarial vectors; the eight-sample exhibit is not used,D:\thesis_final\outputs\latent_attacks\constrained_input_baselines_20260602_032651_seed42,39-feature RobustScaler-transformed model space (data/processed/scaler.pkl); no additional feature scaling
Recon,cInput CCW,wasserstein_per_feature,20,SSH,N/A,N/A,N/A,# TODO: canonical cInput run has outcomes but no full 39-feature adversarial vectors; the eight-sample exhibit is not used,D:\thesis_final\outputs\latent_attacks\constrained_input_baselines_20260602_032651_seed42,39-feature RobustScaler-transformed model space (data/processed/scaler.pkl); no additional feature scaling
Recon,cInput CCW,wasserstein_per_feature,21,IRC,N/A,N/A,N/A,# TODO: canonical cInput run has outcomes but no full 39-feature adversarial vectors; the eight-sample exhibit is not used,D:\thesis_final\outputs\latent_attacks\constrained_input_baselines_20260602_032651_seed42,39-feature RobustScaler-transformed model space (data/processed/scaler.pkl); no additional feature scaling
Recon,cInput CCW,wasserstein_per_feature,22,TCP,N/A,N/A,N/A,# TODO: canonical cInput run has outcomes but no full 39-feature adversarial vectors; the eight-sample exhibit is not used,D:\thesis_final\outputs\latent_attacks\constrained_input_baselines_20260602_032651_seed42,39-feature RobustScaler-transformed model space (data/processed/scaler.pkl); no additional feature scaling
Recon,cInput CCW,wasserstein_per_feature,23,UDP,N/A,N/A,N/A,# TODO: canonical cInput run has outcomes but no full 39-feature adversarial vectors; the eight-sample exhibit is not used,D:\thesis_final\outputs\latent_attacks\constrained_input_baselines_20260602_032651_seed42,39-feature RobustScaler-transformed model space (data/processed/scaler.pkl); no additional feature scaling
Recon,cInput CCW,wasserstein_per_feature,24,DHCP,N/A,N/A,N/A,# TODO: canonical cInput run has outcomes but no full 39-feature adversarial vectors; the eight-sample exhibit is not used,D:\thesis_final\outputs\latent_attacks\constrained_input_baselines_20260602_032651_seed42,39-feature RobustScaler-transformed model space (data/processed/scaler.pkl); no additional feature scaling
Recon,cInput CCW,wasserstein_per_feature,25,ARP,N/A,N/A,N/A,# TODO: canonical cInput run has outcomes but no full 39-feature adversarial vectors; the eight-sample exhibit is not used,D:\thesis_final\outputs\latent_attacks\constrained_input_baselines_20260602_032651_seed42,39-feature RobustScaler-transformed model space (data/processed/scaler.pkl); no additional feature scaling
Recon,cInput CCW,wasserstein_per_feature,26,ICMP,N/A,N/A,N/A,# TODO: canonical cInput run has outcomes but no full 39-feature adversarial vectors; the eight-sample exhibit is not used,D:\thesis_final\outputs\latent_attacks\constrained_input_baselines_20260602_032651_seed42,39-feature RobustScaler-transformed model space (data/processed/scaler.pkl); no additional feature scaling
Recon,cInput CCW,wasserstein_per_feature,27,IGMP,N/A,N/A,N/A,# TODO: canonical cInput run has outcomes but no full 39-feature adversarial vectors; the eight-sample exhibit is not used,D:\thesis_final\outputs\latent_attacks\constrained_input_baselines_20260602_032651_seed42,39-feature RobustScaler-transformed model space (data/processed/scaler.pkl); no additional feature scaling
Recon,cInput CCW,wasserstein_per_feature,28,IPv,N/A,N/A,N/A,# TODO: canonical cInput run has outcomes but no full 39-feature adversarial vectors; the eight-sample exhibit is not used,D:\thesis_final\outputs\latent_attacks\constrained_input_baselines_20260602_032651_seed42,39-feature RobustScaler-transformed model space (data/processed/scaler.pkl); no additional feature scaling
Recon,cInput CCW,wasserstein_per_feature,29,LLC,N/A,N/A,N/A,# TODO: canonical cInput run has outcomes but no full 39-feature adversarial vectors; the eight-sample exhibit is not used,D:\thesis_final\outputs\latent_attacks\constrained_input_baselines_20260602_032651_seed42,39-feature RobustScaler-transformed model space (data/processed/scaler.pkl); no additional feature scaling
Recon,cInput CCW,wasserstein_per_feature,30,Tot sum,N/A,N/A,N/A,# TODO: canonical cInput run has outcomes but no full 39-feature adversarial vectors; the eight-sample exhibit is not used,D:\thesis_final\outputs\latent_attacks\constrained_input_baselines_20260602_032651_seed42,39-feature RobustScaler-transformed model space (data/processed/scaler.pkl); no additional feature scaling
Recon,cInput CCW,wasserstein_per_feature,31,Min,N/A,N/A,N/A,# TODO: canonical cInput run has outcomes but no full 39-feature adversarial vectors; the eight-sample exhibit is not used,D:\thesis_final\outputs\latent_attacks\constrained_input_baselines_20260602_032651_seed42,39-feature RobustScaler-transformed model space (data/processed/scaler.pkl); no additional feature scaling
Recon,cInput CCW,wasserstein_per_feature,32,Max,N/A,N/A,N/A,# TODO: canonical cInput run has outcomes but no full 39-feature adversarial vectors; the eight-sample exhibit is not used,D:\thesis_final\outputs\latent_attacks\constrained_input_baselines_20260602_032651_seed42,39-feature RobustScaler-transformed model space (data/processed/scaler.pkl); no additional feature scaling
Recon,cInput CCW,wasserstein_per_feature,33,AVG,N/A,N/A,N/A,# TODO: canonical cInput run has outcomes but no full 39-feature adversarial vectors; the eight-sample exhibit is not used,D:\thesis_final\outputs\latent_attacks\constrained_input_baselines_20260602_032651_seed42,39-feature RobustScaler-transformed model space (data/processed/scaler.pkl); no additional feature scaling
Recon,cInput CCW,wasserstein_per_feature,34,Std,N/A,N/A,N/A,# TODO: canonical cInput run has outcomes but no full 39-feature adversarial vectors; the eight-sample exhibit is not used,D:\thesis_final\outputs\latent_attacks\constrained_input_baselines_20260602_032651_seed42,39-feature RobustScaler-transformed model space (data/processed/scaler.pkl); no additional feature scaling
Recon,cInput CCW,wasserstein_per_feature,35,Tot size,N/A,N/A,N/A,# TODO: canonical cInput run has outcomes but no full 39-feature adversarial vectors; the eight-sample exhibit is not used,D:\thesis_final\outputs\latent_attacks\constrained_input_baselines_20260602_032651_seed42,39-feature RobustScaler-transformed model space (data/processed/scaler.pkl); no additional feature scaling
Recon,cInput CCW,wasserstein_per_feature,36,IAT,N/A,N/A,N/A,# TODO: canonical cInput run has outcomes but no full 39-feature adversarial vectors; the eight-sample exhibit is not used,D:\thesis_final\outputs\latent_attacks\constrained_input_baselines_20260602_032651_seed42,39-feature RobustScaler-transformed model space (data/processed/scaler.pkl); no additional feature scaling
Recon,cInput CCW,wasserstein_per_feature,37,Number,N/A,N/A,N/A,# TODO: canonical cInput run has outcomes but no full 39-feature adversarial vectors; the eight-sample exhibit is not used,D:\thesis_final\outputs\latent_attacks\constrained_input_baselines_20260602_032651_seed42,39-feature RobustScaler-transformed model space (data/processed/scaler.pkl); no additional feature scaling
Recon,cInput CCW,wasserstein_per_feature,38,Variance,N/A,N/A,N/A,# TODO: canonical cInput run has outcomes but no full 39-feature adversarial vectors; the eight-sample exhibit is not used,D:\thesis_final\outputs\latent_attacks\constrained_input_baselines_20260602_032651_seed42,39-feature RobustScaler-transformed model space (data/processed/scaler.pkl); no additional feature scaling
Web,PGD,wasserstein_per_feature,0,Header_Length,0.09274966596584411,4759,269,ok,D:\thesis_final\results\attacks\attack_8class_pgd_0.30.npz,39-feature RobustScaler-transformed model space (data/processed/scaler.pkl); no additional feature scaling
Web,PGD,wasserstein_per_feature,1,Protocol Type,0.2815611084476812,4759,269,ok,D:\thesis_final\results\attacks\attack_8class_pgd_0.30.npz,39-feature RobustScaler-transformed model space (data/processed/scaler.pkl); no additional feature scaling
Web,PGD,wasserstein_per_feature,2,Time_To_Live,1.682866863491288,4759,269,ok,D:\thesis_final\results\attacks\attack_8class_pgd_0.30.npz,39-feature RobustScaler-transformed model space (data/processed/scaler.pkl); no additional feature scaling
Web,PGD,wasserstein_per_feature,3,Rate,0.2926256497282076,4759,269,ok,D:\thesis_final\results\attacks\attack_8class_pgd_0.30.npz,39-feature RobustScaler-transformed model space (data/processed/scaler.pkl); no additional feature scaling
Web,PGD,wasserstein_per_feature,4,fin_flag_number,0.2791000334857565,4759,269,ok,D:\thesis_final\results\attacks\attack_8class_pgd_0.30.npz,39-feature RobustScaler-transformed model space (data/processed/scaler.pkl); no additional feature scaling
Web,PGD,wasserstein_per_feature,5,syn_flag_number,0.27799375610059074,4759,269,ok,D:\thesis_final\results\attacks\attack_8class_pgd_0.30.npz,39-feature RobustScaler-transformed model space (data/processed/scaler.pkl); no additional feature scaling
Web,PGD,wasserstein_per_feature,6,rst_flag_number,0.2793503247450718,4759,269,ok,D:\thesis_final\results\attacks\attack_8class_pgd_0.30.npz,39-feature RobustScaler-transformed model space (data/processed/scaler.pkl); no additional feature scaling
Web,PGD,wasserstein_per_feature,7,psh_flag_number,0.2743281893940499,4759,269,ok,D:\thesis_final\results\attacks\attack_8class_pgd_0.30.npz,39-feature RobustScaler-transformed model space (data/processed/scaler.pkl); no additional feature scaling
Web,PGD,wasserstein_per_feature,8,ack_flag_number,0.2620364288204865,4759,269,ok,D:\thesis_final\results\attacks\attack_8class_pgd_0.30.npz,39-feature RobustScaler-transformed model space (data/processed/scaler.pkl); no additional feature scaling
Web,PGD,wasserstein_per_feature,9,ece_flag_number,0.26177318554828605,4759,269,ok,D:\thesis_final\results\attacks\attack_8class_pgd_0.30.npz,39-feature RobustScaler-transformed model space (data/processed/scaler.pkl); no additional feature scaling
Web,PGD,wasserstein_per_feature,10,cwr_flag_number,0.2729807323793496,4759,269,ok,D:\thesis_final\results\attacks\attack_8class_pgd_0.30.npz,39-feature RobustScaler-transformed model space (data/processed/scaler.pkl); no additional feature scaling
Web,PGD,wasserstein_per_feature,11,ack_count,0.14460791775319173,4759,269,ok,D:\thesis_final\results\attacks\attack_8class_pgd_0.30.npz,39-feature RobustScaler-transformed model space (data/processed/scaler.pkl); no additional feature scaling
Web,PGD,wasserstein_per_feature,12,syn_count,0.3176567347355791,4759,269,ok,D:\thesis_final\results\attacks\attack_8class_pgd_0.30.npz,39-feature RobustScaler-transformed model space (data/processed/scaler.pkl); no additional feature scaling
Web,PGD,wasserstein_per_feature,13,fin_count,0.2859723087894836,4759,269,ok,D:\thesis_final\results\attacks\attack_8class_pgd_0.30.npz,39-feature RobustScaler-transformed model space (data/processed/scaler.pkl); no additional feature scaling
Web,PGD,wasserstein_per_feature,14,rst_count,0.3013861703834975,4759,269,ok,D:\thesis_final\results\attacks\attack_8class_pgd_0.30.npz,39-feature RobustScaler-transformed model space (data/processed/scaler.pkl); no additional feature scaling
Web,PGD,wasserstein_per_feature,15,HTTP,0.28240786459308403,4759,269,ok,D:\thesis_final\results\attacks\attack_8class_pgd_0.30.npz,39-feature RobustScaler-transformed model space (data/processed/scaler.pkl); no additional feature scaling
Web,PGD,wasserstein_per_feature,16,HTTPS,0.3023734182341856,4759,269,ok,D:\thesis_final\results\attacks\attack_8class_pgd_0.30.npz,39-feature RobustScaler-transformed model space (data/processed/scaler.pkl); no additional feature scaling
Web,PGD,wasserstein_per_feature,17,DNS,0.27915479930782516,4759,269,ok,D:\thesis_final\results\attacks\attack_8class_pgd_0.30.npz,39-feature RobustScaler-transformed model space (data/processed/scaler.pkl); no additional feature scaling
Web,PGD,wasserstein_per_feature,18,Telnet,0.2776129852329488,4759,269,ok,D:\thesis_final\results\attacks\attack_8class_pgd_0.30.npz,39-feature RobustScaler-transformed model space (data/processed/scaler.pkl); no additional feature scaling
Web,PGD,wasserstein_per_feature,19,SMTP,0.2745477107654717,4759,269,ok,D:\thesis_final\results\attacks\attack_8class_pgd_0.30.npz,39-feature RobustScaler-transformed model space (data/processed/scaler.pkl); no additional feature scaling
Web,PGD,wasserstein_per_feature,20,SSH,0.253717500010166,4759,269,ok,D:\thesis_final\results\attacks\attack_8class_pgd_0.30.npz,39-feature RobustScaler-transformed model space (data/processed/scaler.pkl); no additional feature scaling
Web,PGD,wasserstein_per_feature,21,IRC,0.28392147619041813,4759,269,ok,D:\thesis_final\results\attacks\attack_8class_pgd_0.30.npz,39-feature RobustScaler-transformed model space (data/processed/scaler.pkl); no additional feature scaling
Web,PGD,wasserstein_per_feature,22,TCP,0.3080976870653176,4759,269,ok,D:\thesis_final\results\attacks\attack_8class_pgd_0.30.npz,39-feature RobustScaler-transformed model space (data/processed/scaler.pkl); no additional feature scaling
Web,PGD,wasserstein_per_feature,23,UDP,0.2834113721145449,4759,269,ok,D:\thesis_final\results\attacks\attack_8class_pgd_0.30.npz,39-feature RobustScaler-transformed model space (data/processed/scaler.pkl); no additional feature scaling
Web,PGD,wasserstein_per_feature,24,DHCP,0.27507883180140563,4759,269,ok,D:\thesis_final\results\attacks\attack_8class_pgd_0.30.npz,39-feature RobustScaler-transformed model space (data/processed/scaler.pkl); no additional feature scaling
Web,PGD,wasserstein_per_feature,25,ARP,0.2622305764545021,4759,269,ok,D:\thesis_final\results\attacks\attack_8class_pgd_0.30.npz,39-feature RobustScaler-transformed model space (data/processed/scaler.pkl); no additional feature scaling
Web,PGD,wasserstein_per_feature,26,ICMP,0.24417454101228359,4759,269,ok,D:\thesis_final\results\attacks\attack_8class_pgd_0.30.npz,39-feature RobustScaler-transformed model space (data/processed/scaler.pkl); no additional feature scaling
Web,PGD,wasserstein_per_feature,27,IGMP,0.2668104226039688,4759,269,ok,D:\thesis_final\results\attacks\attack_8class_pgd_0.30.npz,39-feature RobustScaler-transformed model space (data/processed/scaler.pkl); no additional feature scaling
Web,PGD,wasserstein_per_feature,28,IPv,0.26112531237871284,4759,269,ok,D:\thesis_final\results\attacks\attack_8class_pgd_0.30.npz,39-feature RobustScaler-transformed model space (data/processed/scaler.pkl); no additional feature scaling
Web,PGD,wasserstein_per_feature,29,LLC,0.2749512499303495,4759,269,ok,D:\thesis_final\results\attacks\attack_8class_pgd_0.30.npz,39-feature RobustScaler-transformed model space (data/processed/scaler.pkl); no additional feature scaling
Web,PGD,wasserstein_per_feature,30,Tot sum,0.22232947722535729,4759,269,ok,D:\thesis_final\results\attacks\attack_8class_pgd_0.30.npz,39-feature RobustScaler-transformed model space (data/processed/scaler.pkl); no additional feature scaling
Web,PGD,wasserstein_per_feature,31,Min,2.759478129228998,4759,269,ok,D:\thesis_final\results\attacks\attack_8class_pgd_0.30.npz,39-feature RobustScaler-transformed model space (data/processed/scaler.pkl); no additional feature scaling
Web,PGD,wasserstein_per_feature,32,Max,0.35836060624754523,4759,269,ok,D:\thesis_final\results\attacks\attack_8class_pgd_0.30.npz,39-feature RobustScaler-transformed model space (data/processed/scaler.pkl); no additional feature scaling
Web,PGD,wasserstein_per_feature,33,AVG,0.2254855290048588,4759,269,ok,D:\thesis_final\results\attacks\attack_8class_pgd_0.30.npz,39-feature RobustScaler-transformed model space (data/processed/scaler.pkl); no additional feature scaling
Web,PGD,wasserstein_per_feature,34,Std,0.1934876293442532,4759,269,ok,D:\thesis_final\results\attacks\attack_8class_pgd_0.30.npz,39-feature RobustScaler-transformed model space (data/processed/scaler.pkl); no additional feature scaling
Web,PGD,wasserstein_per_feature,35,Tot size,0.22960600875939663,4759,269,ok,D:\thesis_final\results\attacks\attack_8class_pgd_0.30.npz,39-feature RobustScaler-transformed model space (data/processed/scaler.pkl); no additional feature scaling
Web,PGD,wasserstein_per_feature,36,IAT,1.9502368265258694,4759,269,ok,D:\thesis_final\results\attacks\attack_8class_pgd_0.30.npz,39-feature RobustScaler-transformed model space (data/processed/scaler.pkl); no additional feature scaling
Web,PGD,wasserstein_per_feature,37,Number,0.27000767611480525,4759,269,ok,D:\thesis_final\results\attacks\attack_8class_pgd_0.30.npz,39-feature RobustScaler-transformed model space (data/processed/scaler.pkl); no additional feature scaling
Web,PGD,wasserstein_per_feature,38,Variance,1.2288747089906324,4759,269,ok,D:\thesis_final\results\attacks\attack_8class_pgd_0.30.npz,39-feature RobustScaler-transformed model space (data/processed/scaler.pkl); no additional feature scaling
Web,CW,wasserstein_per_feature,0,Header_Length,0.05090108547308085,4759,269,ok,D:\thesis_final\results\attacks\attack_8class_cw_0.npz,39-feature RobustScaler-transformed model space (data/processed/scaler.pkl); no additional feature scaling
Web,CW,wasserstein_per_feature,1,Protocol Type,0.04843831972294047,4759,269,ok,D:\thesis_final\results\attacks\attack_8class_cw_0.npz,39-feature RobustScaler-transformed model space (data/processed/scaler.pkl); no additional feature scaling
Web,CW,wasserstein_per_feature,2,Time_To_Live,1.699824160026897,4759,269,ok,D:\thesis_final\results\attacks\attack_8class_cw_0.npz,39-feature RobustScaler-transformed model space (data/processed/scaler.pkl); no additional feature scaling
Web,CW,wasserstein_per_feature,3,Rate,0.060765677200137515,4759,269,ok,D:\thesis_final\results\attacks\attack_8class_cw_0.npz,39-feature RobustScaler-transformed model space (data/processed/scaler.pkl); no additional feature scaling
Web,CW,wasserstein_per_feature,4,fin_flag_number,0.0016246235939816021,4759,269,ok,D:\thesis_final\results\attacks\attack_8class_cw_0.npz,39-feature RobustScaler-transformed model space (data/processed/scaler.pkl); no additional feature scaling
Web,CW,wasserstein_per_feature,5,syn_flag_number,0.0009163466133315767,4759,269,ok,D:\thesis_final\results\attacks\attack_8class_cw_0.npz,39-feature RobustScaler-transformed model space (data/processed/scaler.pkl); no additional feature scaling
Web,CW,wasserstein_per_feature,6,rst_flag_number,0.0020369338460238884,4759,269,ok,D:\thesis_final\results\attacks\attack_8class_cw_0.npz,39-feature RobustScaler-transformed model space (data/processed/scaler.pkl); no additional feature scaling
Web,CW,wasserstein_per_feature,7,psh_flag_number,0.01108500025557355,4759,269,ok,D:\thesis_final\results\attacks\attack_8class_cw_0.npz,39-feature RobustScaler-transformed model space (data/processed/scaler.pkl); no additional feature scaling
Web,CW,wasserstein_per_feature,8,ack_flag_number,0.030104963911908696,4759,269,ok,D:\thesis_final\results\attacks\attack_8class_cw_0.npz,39-feature RobustScaler-transformed model space (data/processed/scaler.pkl); no additional feature scaling
Web,CW,wasserstein_per_feature,9,ece_flag_number,0.00012216946173097495,4759,269,ok,D:\thesis_final\results\attacks\attack_8class_cw_0.npz,39-feature RobustScaler-transformed model space (data/processed/scaler.pkl); no additional feature scaling
Web,CW,wasserstein_per_feature,10,cwr_flag_number,0.0004733798975214971,4759,269,ok,D:\thesis_final\results\attacks\attack_8class_cw_0.npz,39-feature RobustScaler-transformed model space (data/processed/scaler.pkl); no additional feature scaling
Web,CW,wasserstein_per_feature,11,ack_count,0.04049105224955493,4759,269,ok,D:\thesis_final\results\attacks\attack_8class_cw_0.npz,39-feature RobustScaler-transformed model space (data/processed/scaler.pkl); no additional feature scaling
Web,CW,wasserstein_per_feature,12,syn_count,0.06493340981632512,4759,269,ok,D:\thesis_final\results\attacks\attack_8class_cw_0.npz,39-feature RobustScaler-transformed model space (data/processed/scaler.pkl); no additional feature scaling
Web,CW,wasserstein_per_feature,13,fin_count,0.01870850997522872,4759,269,ok,D:\thesis_final\results\attacks\attack_8class_cw_0.npz,39-feature RobustScaler-transformed model space (data/processed/scaler.pkl); no additional feature scaling
Web,CW,wasserstein_per_feature,14,rst_count,0.007984280479031977,4759,269,ok,D:\thesis_final\results\attacks\attack_8class_cw_0.npz,39-feature RobustScaler-transformed model space (data/processed/scaler.pkl); no additional feature scaling
Web,CW,wasserstein_per_feature,15,HTTP,0.018342704429620153,4759,269,ok,D:\thesis_final\results\attacks\attack_8class_cw_0.npz,39-feature RobustScaler-transformed model space (data/processed/scaler.pkl); no additional feature scaling
Web,CW,wasserstein_per_feature,16,HTTPS,0.0154904481852506,4759,269,ok,D:\thesis_final\results\attacks\attack_8class_cw_0.npz,39-feature RobustScaler-transformed model space (data/processed/scaler.pkl); no additional feature scaling
Web,CW,wasserstein_per_feature,17,DNS,0.006769986067210455,4759,269,ok,D:\thesis_final\results\attacks\attack_8class_cw_0.npz,39-feature RobustScaler-transformed model space (data/processed/scaler.pkl); no additional feature scaling
Web,CW,wasserstein_per_feature,18,Telnet,0.00029128056420290287,4759,269,ok,D:\thesis_final\results\attacks\attack_8class_cw_0.npz,39-feature RobustScaler-transformed model space (data/processed/scaler.pkl); no additional feature scaling
Web,CW,wasserstein_per_feature,19,SMTP,5.516836780632355e-05,4759,269,ok,D:\thesis_final\results\attacks\attack_8class_cw_0.npz,39-feature RobustScaler-transformed model space (data/processed/scaler.pkl); no additional feature scaling
Web,CW,wasserstein_per_feature,20,SSH,0.004213229988504298,4759,269,ok,D:\thesis_final\results\attacks\attack_8class_cw_0.npz,39-feature RobustScaler-transformed model space (data/processed/scaler.pkl); no additional feature scaling
Web,CW,wasserstein_per_feature,21,IRC,0.0007705289935848941,4759,269,ok,D:\thesis_final\results\attacks\attack_8class_cw_0.npz,39-feature RobustScaler-transformed model space (data/processed/scaler.pkl); no additional feature scaling
Web,CW,wasserstein_per_feature,22,TCP,0.03689856151312605,4759,269,ok,D:\thesis_final\results\attacks\attack_8class_cw_0.npz,39-feature RobustScaler-transformed model space (data/processed/scaler.pkl); no additional feature scaling
Web,CW,wasserstein_per_feature,23,UDP,0.009205703829879622,4759,269,ok,D:\thesis_final\results\attacks\attack_8class_cw_0.npz,39-feature RobustScaler-transformed model space (data/processed/scaler.pkl); no additional feature scaling
Web,CW,wasserstein_per_feature,24,DHCP,0.00029379411749403273,4759,269,ok,D:\thesis_final\results\attacks\attack_8class_cw_0.npz,39-feature RobustScaler-transformed model space (data/processed/scaler.pkl); no additional feature scaling
Web,CW,wasserstein_per_feature,25,ARP,0.001649216894538983,4759,269,ok,D:\thesis_final\results\attacks\attack_8class_cw_0.npz,39-feature RobustScaler-transformed model space (data/processed/scaler.pkl); no additional feature scaling
Web,CW,wasserstein_per_feature,26,ICMP,0.0002776132576292223,4759,269,ok,D:\thesis_final\results\attacks\attack_8class_cw_0.npz,39-feature RobustScaler-transformed model space (data/processed/scaler.pkl); no additional feature scaling
Web,CW,wasserstein_per_feature,27,IGMP,0.00024522485455574273,4759,269,ok,D:\thesis_final\results\attacks\attack_8class_cw_0.npz,39-feature RobustScaler-transformed model space (data/processed/scaler.pkl); no additional feature scaling
Web,CW,wasserstein_per_feature,28,IPv,0.00205266303757999,4759,269,ok,D:\thesis_final\results\attacks\attack_8class_cw_0.npz,39-feature RobustScaler-transformed model space (data/processed/scaler.pkl); no additional feature scaling
Web,CW,wasserstein_per_feature,29,LLC,0.002315046988694852,4759,269,ok,D:\thesis_final\results\attacks\attack_8class_cw_0.npz,39-feature RobustScaler-transformed model space (data/processed/scaler.pkl); no additional feature scaling
Web,CW,wasserstein_per_feature,30,Tot sum,0.010277986987703117,4759,269,ok,D:\thesis_final\results\attacks\attack_8class_cw_0.npz,39-feature RobustScaler-transformed model space (data/processed/scaler.pkl); no additional feature scaling
Web,CW,wasserstein_per_feature,31,Min,2.543930905505349,4759,269,ok,D:\thesis_final\results\attacks\attack_8class_cw_0.npz,39-feature RobustScaler-transformed model space (data/processed/scaler.pkl); no additional feature scaling
Web,CW,wasserstein_per_feature,32,Max,0.11239481470026973,4759,269,ok,D:\thesis_final\results\attacks\attack_8class_cw_0.npz,39-feature RobustScaler-transformed model space (data/processed/scaler.pkl); no additional feature scaling
Web,CW,wasserstein_per_feature,33,AVG,0.09354376097711853,4759,269,ok,D:\thesis_final\results\attacks\attack_8class_cw_0.npz,39-feature RobustScaler-transformed model space (data/processed/scaler.pkl); no additional feature scaling
Web,CW,wasserstein_per_feature,34,Std,0.18849687895207284,4759,269,ok,D:\thesis_final\results\attacks\attack_8class_cw_0.npz,39-feature RobustScaler-transformed model space (data/processed/scaler.pkl); no additional feature scaling
Web,CW,wasserstein_per_feature,35,Tot size,0.09317125765785177,4759,269,ok,D:\thesis_final\results\attacks\attack_8class_cw_0.npz,39-feature RobustScaler-transformed model space (data/processed/scaler.pkl); no additional feature scaling
Web,CW,wasserstein_per_feature,36,IAT,2.1269769336197846,4759,269,ok,D:\thesis_final\results\attacks\attack_8class_cw_0.npz,39-feature RobustScaler-transformed model space (data/processed/scaler.pkl); no additional feature scaling
Web,CW,wasserstein_per_feature,37,Number,0.0018182374580018301,4759,269,ok,D:\thesis_final\results\attacks\attack_8class_cw_0.npz,39-feature RobustScaler-transformed model space (data/processed/scaler.pkl); no additional feature scaling
Web,CW,wasserstein_per_feature,38,Variance,1.1420592576589934,4759,269,ok,D:\thesis_final\results\attacks\attack_8class_cw_0.npz,39-feature RobustScaler-transformed model space (data/processed/scaler.pkl); no additional feature scaling
Web,Latent-PGD,wasserstein_per_feature,0,Header_Length,0.5725238168359204,4759,100,ok,D:\thesis_final\outputs\latent_attacks\phase2_20260602_023945_seed42\phase2_latent_pgd_Web.npz,39-feature RobustScaler-transformed model space (data/processed/scaler.pkl); no additional feature scaling
Web,Latent-PGD,wasserstein_per_feature,1,Protocol Type,0.23312766262903306,4759,100,ok,D:\thesis_final\outputs\latent_attacks\phase2_20260602_023945_seed42\phase2_latent_pgd_Web.npz,39-feature RobustScaler-transformed model space (data/processed/scaler.pkl); no additional feature scaling
Web,Latent-PGD,wasserstein_per_feature,2,Time_To_Live,24.123990061255775,4759,100,ok,D:\thesis_final\outputs\latent_attacks\phase2_20260602_023945_seed42\phase2_latent_pgd_Web.npz,39-feature RobustScaler-transformed model space (data/processed/scaler.pkl); no additional feature scaling
Web,Latent-PGD,wasserstein_per_feature,3,Rate,0.4398330560035141,4759,100,ok,D:\thesis_final\outputs\latent_attacks\phase2_20260602_023945_seed42\phase2_latent_pgd_Web.npz,39-feature RobustScaler-transformed model space (data/processed/scaler.pkl); no additional feature scaling
Web,Latent-PGD,wasserstein_per_feature,4,fin_flag_number,0.0,4759,100,ok,D:\thesis_final\outputs\latent_attacks\phase2_20260602_023945_seed42\phase2_latent_pgd_Web.npz,39-feature RobustScaler-transformed model space (data/processed/scaler.pkl); no additional feature scaling
Web,Latent-PGD,wasserstein_per_feature,5,syn_flag_number,0.0,4759,100,ok,D:\thesis_final\outputs\latent_attacks\phase2_20260602_023945_seed42\phase2_latent_pgd_Web.npz,39-feature RobustScaler-transformed model space (data/processed/scaler.pkl); no additional feature scaling
Web,Latent-PGD,wasserstein_per_feature,6,rst_flag_number,0.0,4759,100,ok,D:\thesis_final\outputs\latent_attacks\phase2_20260602_023945_seed42\phase2_latent_pgd_Web.npz,39-feature RobustScaler-transformed model space (data/processed/scaler.pkl); no additional feature scaling
Web,Latent-PGD,wasserstein_per_feature,7,psh_flag_number,0.030916158856902687,4759,100,ok,D:\thesis_final\outputs\latent_attacks\phase2_20260602_023945_seed42\phase2_latent_pgd_Web.npz,39-feature RobustScaler-transformed model space (data/processed/scaler.pkl); no additional feature scaling
Web,Latent-PGD,wasserstein_per_feature,8,ack_flag_number,0.403316359648962,4759,100,ok,D:\thesis_final\outputs\latent_attacks\phase2_20260602_023945_seed42\phase2_latent_pgd_Web.npz,39-feature RobustScaler-transformed model space (data/processed/scaler.pkl); no additional feature scaling
Web,Latent-PGD,wasserstein_per_feature,9,ece_flag_number,0.0,4759,100,ok,D:\thesis_final\outputs\latent_attacks\phase2_20260602_023945_seed42\phase2_latent_pgd_Web.npz,39-feature RobustScaler-transformed model space (data/processed/scaler.pkl); no additional feature scaling
Web,Latent-PGD,wasserstein_per_feature,10,cwr_flag_number,0.0,4759,100,ok,D:\thesis_final\outputs\latent_attacks\phase2_20260602_023945_seed42\phase2_latent_pgd_Web.npz,39-feature RobustScaler-transformed model space (data/processed/scaler.pkl); no additional feature scaling
Web,Latent-PGD,wasserstein_per_feature,11,ack_count,0.42052389421127856,4759,100,ok,D:\thesis_final\outputs\latent_attacks\phase2_20260602_023945_seed42\phase2_latent_pgd_Web.npz,39-feature RobustScaler-transformed model space (data/processed/scaler.pkl); no additional feature scaling
Web,Latent-PGD,wasserstein_per_feature,12,syn_count,0.2083063668837991,4759,100,ok,D:\thesis_final\outputs\latent_attacks\phase2_20260602_023945_seed42\phase2_latent_pgd_Web.npz,39-feature RobustScaler-transformed model space (data/processed/scaler.pkl); no additional feature scaling
Web,Latent-PGD,wasserstein_per_feature,13,fin_count,0.15740701828115133,4759,100,ok,D:\thesis_final\outputs\latent_attacks\phase2_20260602_023945_seed42\phase2_latent_pgd_Web.npz,39-feature RobustScaler-transformed model space (data/processed/scaler.pkl); no additional feature scaling
Web,Latent-PGD,wasserstein_per_feature,14,rst_count,0.022693843244378953,4759,100,ok,D:\thesis_final\outputs\latent_attacks\phase2_20260602_023945_seed42\phase2_latent_pgd_Web.npz,39-feature RobustScaler-transformed model space (data/processed/scaler.pkl); no additional feature scaling
Web,Latent-PGD,wasserstein_per_feature,15,HTTP,0.8394347552006725,4759,100,ok,D:\thesis_final\outputs\latent_attacks\phase2_20260602_023945_seed42\phase2_latent_pgd_Web.npz,39-feature RobustScaler-transformed model space (data/processed/scaler.pkl); no additional feature scaling
Web,Latent-PGD,wasserstein_per_feature,16,HTTPS,0.28955662954402184,4759,100,ok,D:\thesis_final\outputs\latent_attacks\phase2_20260602_023945_seed42\phase2_latent_pgd_Web.npz,39-feature RobustScaler-transformed model space (data/processed/scaler.pkl); no additional feature scaling
Web,Latent-PGD,wasserstein_per_feature,17,DNS,0.005883588989283428,4759,100,ok,D:\thesis_final\outputs\latent_attacks\phase2_20260602_023945_seed42\phase2_latent_pgd_Web.npz,39-feature RobustScaler-transformed model space (data/processed/scaler.pkl); no additional feature scaling
Web,Latent-PGD,wasserstein_per_feature,18,Telnet,0.0,4759,100,ok,D:\thesis_final\outputs\latent_attacks\phase2_20260602_023945_seed42\phase2_latent_pgd_Web.npz,39-feature RobustScaler-transformed model space (data/processed/scaler.pkl); no additional feature scaling
Web,Latent-PGD,wasserstein_per_feature,19,SMTP,0.0,4759,100,ok,D:\thesis_final\outputs\latent_attacks\phase2_20260602_023945_seed42\phase2_latent_pgd_Web.npz,39-feature RobustScaler-transformed model space (data/processed/scaler.pkl); no additional feature scaling
Web,Latent-PGD,wasserstein_per_feature,20,SSH,0.0,4759,100,ok,D:\thesis_final\outputs\latent_attacks\phase2_20260602_023945_seed42\phase2_latent_pgd_Web.npz,39-feature RobustScaler-transformed model space (data/processed/scaler.pkl); no additional feature scaling
Web,Latent-PGD,wasserstein_per_feature,21,IRC,0.0,4759,100,ok,D:\thesis_final\outputs\latent_attacks\phase2_20260602_023945_seed42\phase2_latent_pgd_Web.npz,39-feature RobustScaler-transformed model space (data/processed/scaler.pkl); no additional feature scaling
Web,Latent-PGD,wasserstein_per_feature,22,TCP,0.3717167472158016,4759,100,ok,D:\thesis_final\outputs\latent_attacks\phase2_20260602_023945_seed42\phase2_latent_pgd_Web.npz,39-feature RobustScaler-transformed model space (data/processed/scaler.pkl); no additional feature scaling
Web,Latent-PGD,wasserstein_per_feature,23,UDP,0.16495061987812565,4759,100,ok,D:\thesis_final\outputs\latent_attacks\phase2_20260602_023945_seed42\phase2_latent_pgd_Web.npz,39-feature RobustScaler-transformed model space (data/processed/scaler.pkl); no additional feature scaling
Web,Latent-PGD,wasserstein_per_feature,24,DHCP,0.0,4759,100,ok,D:\thesis_final\outputs\latent_attacks\phase2_20260602_023945_seed42\phase2_latent_pgd_Web.npz,39-feature RobustScaler-transformed model space (data/processed/scaler.pkl); no additional feature scaling
Web,Latent-PGD,wasserstein_per_feature,25,ARP,0.0004202563563774353,4759,100,ok,D:\thesis_final\outputs\latent_attacks\phase2_20260602_023945_seed42\phase2_latent_pgd_Web.npz,39-feature RobustScaler-transformed model space (data/processed/scaler.pkl); no additional feature scaling
Web,Latent-PGD,wasserstein_per_feature,26,ICMP,0.0,4759,100,ok,D:\thesis_final\outputs\latent_attacks\phase2_20260602_023945_seed42\phase2_latent_pgd_Web.npz,39-feature RobustScaler-transformed model space (data/processed/scaler.pkl); no additional feature scaling
Web,Latent-PGD,wasserstein_per_feature,27,IGMP,0.0,4759,100,ok,D:\thesis_final\outputs\latent_attacks\phase2_20260602_023945_seed42\phase2_latent_pgd_Web.npz,39-feature RobustScaler-transformed model space (data/processed/scaler.pkl); no additional feature scaling
Web,Latent-PGD,wasserstein_per_feature,28,IPv,0.001891153603698256,4759,100,ok,D:\thesis_final\outputs\latent_attacks\phase2_20260602_023945_seed42\phase2_latent_pgd_Web.npz,39-feature RobustScaler-transformed model space (data/processed/scaler.pkl); no additional feature scaling
Web,Latent-PGD,wasserstein_per_feature,29,LLC,0.001891153603698256,4759,100,ok,D:\thesis_final\outputs\latent_attacks\phase2_20260602_023945_seed42\phase2_latent_pgd_Web.npz,39-feature RobustScaler-transformed model space (data/processed/scaler.pkl); no additional feature scaling
Web,Latent-PGD,wasserstein_per_feature,30,Tot sum,0.21597507225799892,4759,100,ok,D:\thesis_final\outputs\latent_attacks\phase2_20260602_023945_seed42\phase2_latent_pgd_Web.npz,39-feature RobustScaler-transformed model space (data/processed/scaler.pkl); no additional feature scaling
Web,Latent-PGD,wasserstein_per_feature,31,Min,123.28716583656788,4759,100,ok,D:\thesis_final\outputs\latent_attacks\phase2_20260602_023945_seed42\phase2_latent_pgd_Web.npz,39-feature RobustScaler-transformed model space (data/processed/scaler.pkl); no additional feature scaling
Web,Latent-PGD,wasserstein_per_feature,32,Max,0.7434152104611634,4759,100,ok,D:\thesis_final\outputs\latent_attacks\phase2_20260602_023945_seed42\phase2_latent_pgd_Web.npz,39-feature RobustScaler-transformed model space (data/processed/scaler.pkl); no additional feature scaling
Web,Latent-PGD,wasserstein_per_feature,33,AVG,1.7269851304905535,4759,100,ok,D:\thesis_final\outputs\latent_attacks\phase2_20260602_023945_seed42\phase2_latent_pgd_Web.npz,39-feature RobustScaler-transformed model space (data/processed/scaler.pkl); no additional feature scaling
Web,Latent-PGD,wasserstein_per_feature,34,Std,0.5381666823983192,4759,100,ok,D:\thesis_final\outputs\latent_attacks\phase2_20260602_023945_seed42\phase2_latent_pgd_Web.npz,39-feature RobustScaler-transformed model space (data/processed/scaler.pkl); no additional feature scaling
Web,Latent-PGD,wasserstein_per_feature,35,Tot size,1.7269851304905535,4759,100,ok,D:\thesis_final\outputs\latent_attacks\phase2_20260602_023945_seed42\phase2_latent_pgd_Web.npz,39-feature RobustScaler-transformed model space (data/processed/scaler.pkl); no additional feature scaling
Web,Latent-PGD,wasserstein_per_feature,36,IAT,21.276795127910034,4759,100,ok,D:\thesis_final\outputs\latent_attacks\phase2_20260602_023945_seed42\phase2_latent_pgd_Web.npz,39-feature RobustScaler-transformed model space (data/processed/scaler.pkl); no additional feature scaling
Web,Latent-PGD,wasserstein_per_feature,37,Number,3.0351852413785886e-05,4759,100,ok,D:\thesis_final\outputs\latent_attacks\phase2_20260602_023945_seed42\phase2_latent_pgd_Web.npz,39-feature RobustScaler-transformed model space (data/processed/scaler.pkl); no additional feature scaling
Web,Latent-PGD,wasserstein_per_feature,38,Variance,2.840734157215357,4759,100,ok,D:\thesis_final\outputs\latent_attacks\phase2_20260602_023945_seed42\phase2_latent_pgd_Web.npz,39-feature RobustScaler-transformed model space (data/processed/scaler.pkl); no additional feature scaling
Web,Latent-CW,wasserstein_per_feature,0,Header_Length,0.7858158759095509,4759,100,ok,D:\thesis_final\outputs\latent_attacks\phase3_20260602_023958_seed42\phase3_latent_cw_Web.npz,39-feature RobustScaler-transformed model space (data/processed/scaler.pkl); no additional feature scaling
Web,Latent-CW,wasserstein_per_feature,1,Protocol Type,0.23312766262903306,4759,100,ok,D:\thesis_final\outputs\latent_attacks\phase3_20260602_023958_seed42\phase3_latent_cw_Web.npz,39-feature RobustScaler-transformed model space (data/processed/scaler.pkl); no additional feature scaling
Web,Latent-CW,wasserstein_per_feature,2,Time_To_Live,24.123990061255775,4759,100,ok,D:\thesis_final\outputs\latent_attacks\phase3_20260602_023958_seed42\phase3_latent_cw_Web.npz,39-feature RobustScaler-transformed model space (data/processed/scaler.pkl); no additional feature scaling
Web,Latent-CW,wasserstein_per_feature,3,Rate,0.27175129885823407,4759,100,ok,D:\thesis_final\outputs\latent_attacks\phase3_20260602_023958_seed42\phase3_latent_cw_Web.npz,39-feature RobustScaler-transformed model space (data/processed/scaler.pkl); no additional feature scaling
Web,Latent-CW,wasserstein_per_feature,4,fin_flag_number,0.0,4759,100,ok,D:\thesis_final\outputs\latent_attacks\phase3_20260602_023958_seed42\phase3_latent_cw_Web.npz,39-feature RobustScaler-transformed model space (data/processed/scaler.pkl); no additional feature scaling
Web,Latent-CW,wasserstein_per_feature,5,syn_flag_number,0.0,4759,100,ok,D:\thesis_final\outputs\latent_attacks\phase3_20260602_023958_seed42\phase3_latent_cw_Web.npz,39-feature RobustScaler-transformed model space (data/processed/scaler.pkl); no additional feature scaling
Web,Latent-CW,wasserstein_per_feature,6,rst_flag_number,0.0,4759,100,ok,D:\thesis_final\outputs\latent_attacks\phase3_20260602_023958_seed42\phase3_latent_cw_Web.npz,39-feature RobustScaler-transformed model space (data/processed/scaler.pkl); no additional feature scaling
Web,Latent-CW,wasserstein_per_feature,7,psh_flag_number,0.030916158856902687,4759,100,ok,D:\thesis_final\outputs\latent_attacks\phase3_20260602_023958_seed42\phase3_latent_cw_Web.npz,39-feature RobustScaler-transformed model space (data/processed/scaler.pkl); no additional feature scaling
Web,Latent-CW,wasserstein_per_feature,8,ack_flag_number,0.40259632721070515,4759,100,ok,D:\thesis_final\outputs\latent_attacks\phase3_20260602_023958_seed42\phase3_latent_cw_Web.npz,39-feature RobustScaler-transformed model space (data/processed/scaler.pkl); no additional feature scaling
Web,Latent-CW,wasserstein_per_feature,9,ece_flag_number,0.0,4759,100,ok,D:\thesis_final\outputs\latent_attacks\phase3_20260602_023958_seed42\phase3_latent_cw_Web.npz,39-feature RobustScaler-transformed model space (data/processed/scaler.pkl); no additional feature scaling
Web,Latent-CW,wasserstein_per_feature,10,cwr_flag_number,0.0,4759,100,ok,D:\thesis_final\outputs\latent_attacks\phase3_20260602_023958_seed42\phase3_latent_cw_Web.npz,39-feature RobustScaler-transformed model space (data/processed/scaler.pkl); no additional feature scaling
Web,Latent-CW,wasserstein_per_feature,11,ack_count,0.5011022779313574,4759,100,ok,D:\thesis_final\outputs\latent_attacks\phase3_20260602_023958_seed42\phase3_latent_cw_Web.npz,39-feature RobustScaler-transformed model space (data/processed/scaler.pkl); no additional feature scaling
Web,Latent-CW,wasserstein_per_feature,12,syn_count,0.2083063668837991,4759,100,ok,D:\thesis_final\outputs\latent_attacks\phase3_20260602_023958_seed42\phase3_latent_cw_Web.npz,39-feature RobustScaler-transformed model space (data/processed/scaler.pkl); no additional feature scaling
Web,Latent-CW,wasserstein_per_feature,13,fin_count,0.15740701828115133,4759,100,ok,D:\thesis_final\outputs\latent_attacks\phase3_20260602_023958_seed42\phase3_latent_cw_Web.npz,39-feature RobustScaler-transformed model space (data/processed/scaler.pkl); no additional feature scaling
Web,Latent-CW,wasserstein_per_feature,14,rst_count,0.022693843244378953,4759,100,ok,D:\thesis_final\outputs\latent_attacks\phase3_20260602_023958_seed42\phase3_latent_cw_Web.npz,39-feature RobustScaler-transformed model space (data/processed/scaler.pkl); no additional feature scaling
Web,Latent-CW,wasserstein_per_feature,15,HTTP,0.8394347552006725,4759,100,ok,D:\thesis_final\outputs\latent_attacks\phase3_20260602_023958_seed42\phase3_latent_cw_Web.npz,39-feature RobustScaler-transformed model space (data/processed/scaler.pkl); no additional feature scaling
Web,Latent-CW,wasserstein_per_feature,16,HTTPS,0.28955662954402184,4759,100,ok,D:\thesis_final\outputs\latent_attacks\phase3_20260602_023958_seed42\phase3_latent_cw_Web.npz,39-feature RobustScaler-transformed model space (data/processed/scaler.pkl); no additional feature scaling
Web,Latent-CW,wasserstein_per_feature,17,DNS,0.005883588989283428,4759,100,ok,D:\thesis_final\outputs\latent_attacks\phase3_20260602_023958_seed42\phase3_latent_cw_Web.npz,39-feature RobustScaler-transformed model space (data/processed/scaler.pkl); no additional feature scaling
Web,Latent-CW,wasserstein_per_feature,18,Telnet,0.0,4759,100,ok,D:\thesis_final\outputs\latent_attacks\phase3_20260602_023958_seed42\phase3_latent_cw_Web.npz,39-feature RobustScaler-transformed model space (data/processed/scaler.pkl); no additional feature scaling
Web,Latent-CW,wasserstein_per_feature,19,SMTP,0.0,4759,100,ok,D:\thesis_final\outputs\latent_attacks\phase3_20260602_023958_seed42\phase3_latent_cw_Web.npz,39-feature RobustScaler-transformed model space (data/processed/scaler.pkl); no additional feature scaling
Web,Latent-CW,wasserstein_per_feature,20,SSH,0.0,4759,100,ok,D:\thesis_final\outputs\latent_attacks\phase3_20260602_023958_seed42\phase3_latent_cw_Web.npz,39-feature RobustScaler-transformed model space (data/processed/scaler.pkl); no additional feature scaling
Web,Latent-CW,wasserstein_per_feature,21,IRC,0.0,4759,100,ok,D:\thesis_final\outputs\latent_attacks\phase3_20260602_023958_seed42\phase3_latent_cw_Web.npz,39-feature RobustScaler-transformed model space (data/processed/scaler.pkl); no additional feature scaling
Web,Latent-CW,wasserstein_per_feature,22,TCP,0.3717167472158016,4759,100,ok,D:\thesis_final\outputs\latent_attacks\phase3_20260602_023958_seed42\phase3_latent_cw_Web.npz,39-feature RobustScaler-transformed model space (data/processed/scaler.pkl); no additional feature scaling
Web,Latent-CW,wasserstein_per_feature,23,UDP,0.16495061987812565,4759,100,ok,D:\thesis_final\outputs\latent_attacks\phase3_20260602_023958_seed42\phase3_latent_cw_Web.npz,39-feature RobustScaler-transformed model space (data/processed/scaler.pkl); no additional feature scaling
Web,Latent-CW,wasserstein_per_feature,24,DHCP,0.0,4759,100,ok,D:\thesis_final\outputs\latent_attacks\phase3_20260602_023958_seed42\phase3_latent_cw_Web.npz,39-feature RobustScaler-transformed model space (data/processed/scaler.pkl); no additional feature scaling
Web,Latent-CW,wasserstein_per_feature,25,ARP,0.0004202563563774353,4759,100,ok,D:\thesis_final\outputs\latent_attacks\phase3_20260602_023958_seed42\phase3_latent_cw_Web.npz,39-feature RobustScaler-transformed model space (data/processed/scaler.pkl); no additional feature scaling
Web,Latent-CW,wasserstein_per_feature,26,ICMP,0.0,4759,100,ok,D:\thesis_final\outputs\latent_attacks\phase3_20260602_023958_seed42\phase3_latent_cw_Web.npz,39-feature RobustScaler-transformed model space (data/processed/scaler.pkl); no additional feature scaling
Web,Latent-CW,wasserstein_per_feature,27,IGMP,0.0,4759,100,ok,D:\thesis_final\outputs\latent_attacks\phase3_20260602_023958_seed42\phase3_latent_cw_Web.npz,39-feature RobustScaler-transformed model space (data/processed/scaler.pkl); no additional feature scaling
Web,Latent-CW,wasserstein_per_feature,28,IPv,0.001891153603698256,4759,100,ok,D:\thesis_final\outputs\latent_attacks\phase3_20260602_023958_seed42\phase3_latent_cw_Web.npz,39-feature RobustScaler-transformed model space (data/processed/scaler.pkl); no additional feature scaling
Web,Latent-CW,wasserstein_per_feature,29,LLC,0.001891153603698256,4759,100,ok,D:\thesis_final\outputs\latent_attacks\phase3_20260602_023958_seed42\phase3_latent_cw_Web.npz,39-feature RobustScaler-transformed model space (data/processed/scaler.pkl); no additional feature scaling
Web,Latent-CW,wasserstein_per_feature,30,Tot sum,0.21880489209976295,4759,100,ok,D:\thesis_final\outputs\latent_attacks\phase3_20260602_023958_seed42\phase3_latent_cw_Web.npz,39-feature RobustScaler-transformed model space (data/processed/scaler.pkl); no additional feature scaling
Web,Latent-CW,wasserstein_per_feature,31,Min,146.7280021810874,4759,100,ok,D:\thesis_final\outputs\latent_attacks\phase3_20260602_023958_seed42\phase3_latent_cw_Web.npz,39-feature RobustScaler-transformed model space (data/processed/scaler.pkl); no additional feature scaling
Web,Latent-CW,wasserstein_per_feature,32,Max,0.893140125053802,4759,100,ok,D:\thesis_final\outputs\latent_attacks\phase3_20260602_023958_seed42\phase3_latent_cw_Web.npz,39-feature RobustScaler-transformed model space (data/processed/scaler.pkl); no additional feature scaling
Web,Latent-CW,wasserstein_per_feature,33,AVG,2.000414237173606,4759,100,ok,D:\thesis_final\outputs\latent_attacks\phase3_20260602_023958_seed42\phase3_latent_cw_Web.npz,39-feature RobustScaler-transformed model space (data/processed/scaler.pkl); no additional feature scaling
Web,Latent-CW,wasserstein_per_feature,34,Std,0.5381666823983192,4759,100,ok,D:\thesis_final\outputs\latent_attacks\phase3_20260602_023958_seed42\phase3_latent_cw_Web.npz,39-feature RobustScaler-transformed model space (data/processed/scaler.pkl); no additional feature scaling
Web,Latent-CW,wasserstein_per_feature,35,Tot size,2.000414237173606,4759,100,ok,D:\thesis_final\outputs\latent_attacks\phase3_20260602_023958_seed42\phase3_latent_cw_Web.npz,39-feature RobustScaler-transformed model space (data/processed/scaler.pkl); no additional feature scaling
Web,Latent-CW,wasserstein_per_feature,36,IAT,22.445820100744086,4759,100,ok,D:\thesis_final\outputs\latent_attacks\phase3_20260602_023958_seed42\phase3_latent_cw_Web.npz,39-feature RobustScaler-transformed model space (data/processed/scaler.pkl); no additional feature scaling
Web,Latent-CW,wasserstein_per_feature,37,Number,3.0351852413785886e-05,4759,100,ok,D:\thesis_final\outputs\latent_attacks\phase3_20260602_023958_seed42\phase3_latent_cw_Web.npz,39-feature RobustScaler-transformed model space (data/processed/scaler.pkl); no additional feature scaling
Web,Latent-CW,wasserstein_per_feature,38,Variance,2.840734157215357,4759,100,ok,D:\thesis_final\outputs\latent_attacks\phase3_20260602_023958_seed42\phase3_latent_cw_Web.npz,39-feature RobustScaler-transformed model space (data/processed/scaler.pkl); no additional feature scaling
Web,cInput CPGD,wasserstein_per_feature,0,Header_Length,N/A,N/A,N/A,# TODO: canonical cInput run has outcomes but no full 39-feature adversarial vectors; the eight-sample exhibit is not used,D:\thesis_final\outputs\latent_attacks\constrained_input_baselines_20260602_032651_seed42,39-feature RobustScaler-transformed model space (data/processed/scaler.pkl); no additional feature scaling
Web,cInput CPGD,wasserstein_per_feature,1,Protocol Type,N/A,N/A,N/A,# TODO: canonical cInput run has outcomes but no full 39-feature adversarial vectors; the eight-sample exhibit is not used,D:\thesis_final\outputs\latent_attacks\constrained_input_baselines_20260602_032651_seed42,39-feature RobustScaler-transformed model space (data/processed/scaler.pkl); no additional feature scaling
Web,cInput CPGD,wasserstein_per_feature,2,Time_To_Live,N/A,N/A,N/A,# TODO: canonical cInput run has outcomes but no full 39-feature adversarial vectors; the eight-sample exhibit is not used,D:\thesis_final\outputs\latent_attacks\constrained_input_baselines_20260602_032651_seed42,39-feature RobustScaler-transformed model space (data/processed/scaler.pkl); no additional feature scaling
Web,cInput CPGD,wasserstein_per_feature,3,Rate,N/A,N/A,N/A,# TODO: canonical cInput run has outcomes but no full 39-feature adversarial vectors; the eight-sample exhibit is not used,D:\thesis_final\outputs\latent_attacks\constrained_input_baselines_20260602_032651_seed42,39-feature RobustScaler-transformed model space (data/processed/scaler.pkl); no additional feature scaling
Web,cInput CPGD,wasserstein_per_feature,4,fin_flag_number,N/A,N/A,N/A,# TODO: canonical cInput run has outcomes but no full 39-feature adversarial vectors; the eight-sample exhibit is not used,D:\thesis_final\outputs\latent_attacks\constrained_input_baselines_20260602_032651_seed42,39-feature RobustScaler-transformed model space (data/processed/scaler.pkl); no additional feature scaling
Web,cInput CPGD,wasserstein_per_feature,5,syn_flag_number,N/A,N/A,N/A,# TODO: canonical cInput run has outcomes but no full 39-feature adversarial vectors; the eight-sample exhibit is not used,D:\thesis_final\outputs\latent_attacks\constrained_input_baselines_20260602_032651_seed42,39-feature RobustScaler-transformed model space (data/processed/scaler.pkl); no additional feature scaling
Web,cInput CPGD,wasserstein_per_feature,6,rst_flag_number,N/A,N/A,N/A,# TODO: canonical cInput run has outcomes but no full 39-feature adversarial vectors; the eight-sample exhibit is not used,D:\thesis_final\outputs\latent_attacks\constrained_input_baselines_20260602_032651_seed42,39-feature RobustScaler-transformed model space (data/processed/scaler.pkl); no additional feature scaling
Web,cInput CPGD,wasserstein_per_feature,7,psh_flag_number,N/A,N/A,N/A,# TODO: canonical cInput run has outcomes but no full 39-feature adversarial vectors; the eight-sample exhibit is not used,D:\thesis_final\outputs\latent_attacks\constrained_input_baselines_20260602_032651_seed42,39-feature RobustScaler-transformed model space (data/processed/scaler.pkl); no additional feature scaling
Web,cInput CPGD,wasserstein_per_feature,8,ack_flag_number,N/A,N/A,N/A,# TODO: canonical cInput run has outcomes but no full 39-feature adversarial vectors; the eight-sample exhibit is not used,D:\thesis_final\outputs\latent_attacks\constrained_input_baselines_20260602_032651_seed42,39-feature RobustScaler-transformed model space (data/processed/scaler.pkl); no additional feature scaling
Web,cInput CPGD,wasserstein_per_feature,9,ece_flag_number,N/A,N/A,N/A,# TODO: canonical cInput run has outcomes but no full 39-feature adversarial vectors; the eight-sample exhibit is not used,D:\thesis_final\outputs\latent_attacks\constrained_input_baselines_20260602_032651_seed42,39-feature RobustScaler-transformed model space (data/processed/scaler.pkl); no additional feature scaling
Web,cInput CPGD,wasserstein_per_feature,10,cwr_flag_number,N/A,N/A,N/A,# TODO: canonical cInput run has outcomes but no full 39-feature adversarial vectors; the eight-sample exhibit is not used,D:\thesis_final\outputs\latent_attacks\constrained_input_baselines_20260602_032651_seed42,39-feature RobustScaler-transformed model space (data/processed/scaler.pkl); no additional feature scaling
Web,cInput CPGD,wasserstein_per_feature,11,ack_count,N/A,N/A,N/A,# TODO: canonical cInput run has outcomes but no full 39-feature adversarial vectors; the eight-sample exhibit is not used,D:\thesis_final\outputs\latent_attacks\constrained_input_baselines_20260602_032651_seed42,39-feature RobustScaler-transformed model space (data/processed/scaler.pkl); no additional feature scaling
Web,cInput CPGD,wasserstein_per_feature,12,syn_count,N/A,N/A,N/A,# TODO: canonical cInput run has outcomes but no full 39-feature adversarial vectors; the eight-sample exhibit is not used,D:\thesis_final\outputs\latent_attacks\constrained_input_baselines_20260602_032651_seed42,39-feature RobustScaler-transformed model space (data/processed/scaler.pkl); no additional feature scaling
Web,cInput CPGD,wasserstein_per_feature,13,fin_count,N/A,N/A,N/A,# TODO: canonical cInput run has outcomes but no full 39-feature adversarial vectors; the eight-sample exhibit is not used,D:\thesis_final\outputs\latent_attacks\constrained_input_baselines_20260602_032651_seed42,39-feature RobustScaler-transformed model space (data/processed/scaler.pkl); no additional feature scaling
Web,cInput CPGD,wasserstein_per_feature,14,rst_count,N/A,N/A,N/A,# TODO: canonical cInput run has outcomes but no full 39-feature adversarial vectors; the eight-sample exhibit is not used,D:\thesis_final\outputs\latent_attacks\constrained_input_baselines_20260602_032651_seed42,39-feature RobustScaler-transformed model space (data/processed/scaler.pkl); no additional feature scaling
Web,cInput CPGD,wasserstein_per_feature,15,HTTP,N/A,N/A,N/A,# TODO: canonical cInput run has outcomes but no full 39-feature adversarial vectors; the eight-sample exhibit is not used,D:\thesis_final\outputs\latent_attacks\constrained_input_baselines_20260602_032651_seed42,39-feature RobustScaler-transformed model space (data/processed/scaler.pkl); no additional feature scaling
Web,cInput CPGD,wasserstein_per_feature,16,HTTPS,N/A,N/A,N/A,# TODO: canonical cInput run has outcomes but no full 39-feature adversarial vectors; the eight-sample exhibit is not used,D:\thesis_final\outputs\latent_attacks\constrained_input_baselines_20260602_032651_seed42,39-feature RobustScaler-transformed model space (data/processed/scaler.pkl); no additional feature scaling
Web,cInput CPGD,wasserstein_per_feature,17,DNS,N/A,N/A,N/A,# TODO: canonical cInput run has outcomes but no full 39-feature adversarial vectors; the eight-sample exhibit is not used,D:\thesis_final\outputs\latent_attacks\constrained_input_baselines_20260602_032651_seed42,39-feature RobustScaler-transformed model space (data/processed/scaler.pkl); no additional feature scaling
Web,cInput CPGD,wasserstein_per_feature,18,Telnet,N/A,N/A,N/A,# TODO: canonical cInput run has outcomes but no full 39-feature adversarial vectors; the eight-sample exhibit is not used,D:\thesis_final\outputs\latent_attacks\constrained_input_baselines_20260602_032651_seed42,39-feature RobustScaler-transformed model space (data/processed/scaler.pkl); no additional feature scaling
Web,cInput CPGD,wasserstein_per_feature,19,SMTP,N/A,N/A,N/A,# TODO: canonical cInput run has outcomes but no full 39-feature adversarial vectors; the eight-sample exhibit is not used,D:\thesis_final\outputs\latent_attacks\constrained_input_baselines_20260602_032651_seed42,39-feature RobustScaler-transformed model space (data/processed/scaler.pkl); no additional feature scaling
Web,cInput CPGD,wasserstein_per_feature,20,SSH,N/A,N/A,N/A,# TODO: canonical cInput run has outcomes but no full 39-feature adversarial vectors; the eight-sample exhibit is not used,D:\thesis_final\outputs\latent_attacks\constrained_input_baselines_20260602_032651_seed42,39-feature RobustScaler-transformed model space (data/processed/scaler.pkl); no additional feature scaling
Web,cInput CPGD,wasserstein_per_feature,21,IRC,N/A,N/A,N/A,# TODO: canonical cInput run has outcomes but no full 39-feature adversarial vectors; the eight-sample exhibit is not used,D:\thesis_final\outputs\latent_attacks\constrained_input_baselines_20260602_032651_seed42,39-feature RobustScaler-transformed model space (data/processed/scaler.pkl); no additional feature scaling
Web,cInput CPGD,wasserstein_per_feature,22,TCP,N/A,N/A,N/A,# TODO: canonical cInput run has outcomes but no full 39-feature adversarial vectors; the eight-sample exhibit is not used,D:\thesis_final\outputs\latent_attacks\constrained_input_baselines_20260602_032651_seed42,39-feature RobustScaler-transformed model space (data/processed/scaler.pkl); no additional feature scaling
Web,cInput CPGD,wasserstein_per_feature,23,UDP,N/A,N/A,N/A,# TODO: canonical cInput run has outcomes but no full 39-feature adversarial vectors; the eight-sample exhibit is not used,D:\thesis_final\outputs\latent_attacks\constrained_input_baselines_20260602_032651_seed42,39-feature RobustScaler-transformed model space (data/processed/scaler.pkl); no additional feature scaling
Web,cInput CPGD,wasserstein_per_feature,24,DHCP,N/A,N/A,N/A,# TODO: canonical cInput run has outcomes but no full 39-feature adversarial vectors; the eight-sample exhibit is not used,D:\thesis_final\outputs\latent_attacks\constrained_input_baselines_20260602_032651_seed42,39-feature RobustScaler-transformed model space (data/processed/scaler.pkl); no additional feature scaling
Web,cInput CPGD,wasserstein_per_feature,25,ARP,N/A,N/A,N/A,# TODO: canonical cInput run has outcomes but no full 39-feature adversarial vectors; the eight-sample exhibit is not used,D:\thesis_final\outputs\latent_attacks\constrained_input_baselines_20260602_032651_seed42,39-feature RobustScaler-transformed model space (data/processed/scaler.pkl); no additional feature scaling
Web,cInput CPGD,wasserstein_per_feature,26,ICMP,N/A,N/A,N/A,# TODO: canonical cInput run has outcomes but no full 39-feature adversarial vectors; the eight-sample exhibit is not used,D:\thesis_final\outputs\latent_attacks\constrained_input_baselines_20260602_032651_seed42,39-feature RobustScaler-transformed model space (data/processed/scaler.pkl); no additional feature scaling
Web,cInput CPGD,wasserstein_per_feature,27,IGMP,N/A,N/A,N/A,# TODO: canonical cInput run has outcomes but no full 39-feature adversarial vectors; the eight-sample exhibit is not used,D:\thesis_final\outputs\latent_attacks\constrained_input_baselines_20260602_032651_seed42,39-feature RobustScaler-transformed model space (data/processed/scaler.pkl); no additional feature scaling
Web,cInput CPGD,wasserstein_per_feature,28,IPv,N/A,N/A,N/A,# TODO: canonical cInput run has outcomes but no full 39-feature adversarial vectors; the eight-sample exhibit is not used,D:\thesis_final\outputs\latent_attacks\constrained_input_baselines_20260602_032651_seed42,39-feature RobustScaler-transformed model space (data/processed/scaler.pkl); no additional feature scaling
Web,cInput CPGD,wasserstein_per_feature,29,LLC,N/A,N/A,N/A,# TODO: canonical cInput run has outcomes but no full 39-feature adversarial vectors; the eight-sample exhibit is not used,D:\thesis_final\outputs\latent_attacks\constrained_input_baselines_20260602_032651_seed42,39-feature RobustScaler-transformed model space (data/processed/scaler.pkl); no additional feature scaling
Web,cInput CPGD,wasserstein_per_feature,30,Tot sum,N/A,N/A,N/A,# TODO: canonical cInput run has outcomes but no full 39-feature adversarial vectors; the eight-sample exhibit is not used,D:\thesis_final\outputs\latent_attacks\constrained_input_baselines_20260602_032651_seed42,39-feature RobustScaler-transformed model space (data/processed/scaler.pkl); no additional feature scaling
Web,cInput CPGD,wasserstein_per_feature,31,Min,N/A,N/A,N/A,# TODO: canonical cInput run has outcomes but no full 39-feature adversarial vectors; the eight-sample exhibit is not used,D:\thesis_final\outputs\latent_attacks\constrained_input_baselines_20260602_032651_seed42,39-feature RobustScaler-transformed model space (data/processed/scaler.pkl); no additional feature scaling
Web,cInput CPGD,wasserstein_per_feature,32,Max,N/A,N/A,N/A,# TODO: canonical cInput run has outcomes but no full 39-feature adversarial vectors; the eight-sample exhibit is not used,D:\thesis_final\outputs\latent_attacks\constrained_input_baselines_20260602_032651_seed42,39-feature RobustScaler-transformed model space (data/processed/scaler.pkl); no additional feature scaling
Web,cInput CPGD,wasserstein_per_feature,33,AVG,N/A,N/A,N/A,# TODO: canonical cInput run has outcomes but no full 39-feature adversarial vectors; the eight-sample exhibit is not used,D:\thesis_final\outputs\latent_attacks\constrained_input_baselines_20260602_032651_seed42,39-feature RobustScaler-transformed model space (data/processed/scaler.pkl); no additional feature scaling
Web,cInput CPGD,wasserstein_per_feature,34,Std,N/A,N/A,N/A,# TODO: canonical cInput run has outcomes but no full 39-feature adversarial vectors; the eight-sample exhibit is not used,D:\thesis_final\outputs\latent_attacks\constrained_input_baselines_20260602_032651_seed42,39-feature RobustScaler-transformed model space (data/processed/scaler.pkl); no additional feature scaling
Web,cInput CPGD,wasserstein_per_feature,35,Tot size,N/A,N/A,N/A,# TODO: canonical cInput run has outcomes but no full 39-feature adversarial vectors; the eight-sample exhibit is not used,D:\thesis_final\outputs\latent_attacks\constrained_input_baselines_20260602_032651_seed42,39-feature RobustScaler-transformed model space (data/processed/scaler.pkl); no additional feature scaling
Web,cInput CPGD,wasserstein_per_feature,36,IAT,N/A,N/A,N/A,# TODO: canonical cInput run has outcomes but no full 39-feature adversarial vectors; the eight-sample exhibit is not used,D:\thesis_final\outputs\latent_attacks\constrained_input_baselines_20260602_032651_seed42,39-feature RobustScaler-transformed model space (data/processed/scaler.pkl); no additional feature scaling
Web,cInput CPGD,wasserstein_per_feature,37,Number,N/A,N/A,N/A,# TODO: canonical cInput run has outcomes but no full 39-feature adversarial vectors; the eight-sample exhibit is not used,D:\thesis_final\outputs\latent_attacks\constrained_input_baselines_20260602_032651_seed42,39-feature RobustScaler-transformed model space (data/processed/scaler.pkl); no additional feature scaling
Web,cInput CPGD,wasserstein_per_feature,38,Variance,N/A,N/A,N/A,# TODO: canonical cInput run has outcomes but no full 39-feature adversarial vectors; the eight-sample exhibit is not used,D:\thesis_final\outputs\latent_attacks\constrained_input_baselines_20260602_032651_seed42,39-feature RobustScaler-transformed model space (data/processed/scaler.pkl); no additional feature scaling
Web,cInput CCW,wasserstein_per_feature,0,Header_Length,N/A,N/A,N/A,# TODO: canonical cInput run has outcomes but no full 39-feature adversarial vectors; the eight-sample exhibit is not used,D:\thesis_final\outputs\latent_attacks\constrained_input_baselines_20260602_032651_seed42,39-feature RobustScaler-transformed model space (data/processed/scaler.pkl); no additional feature scaling
Web,cInput CCW,wasserstein_per_feature,1,Protocol Type,N/A,N/A,N/A,# TODO: canonical cInput run has outcomes but no full 39-feature adversarial vectors; the eight-sample exhibit is not used,D:\thesis_final\outputs\latent_attacks\constrained_input_baselines_20260602_032651_seed42,39-feature RobustScaler-transformed model space (data/processed/scaler.pkl); no additional feature scaling
Web,cInput CCW,wasserstein_per_feature,2,Time_To_Live,N/A,N/A,N/A,# TODO: canonical cInput run has outcomes but no full 39-feature adversarial vectors; the eight-sample exhibit is not used,D:\thesis_final\outputs\latent_attacks\constrained_input_baselines_20260602_032651_seed42,39-feature RobustScaler-transformed model space (data/processed/scaler.pkl); no additional feature scaling
Web,cInput CCW,wasserstein_per_feature,3,Rate,N/A,N/A,N/A,# TODO: canonical cInput run has outcomes but no full 39-feature adversarial vectors; the eight-sample exhibit is not used,D:\thesis_final\outputs\latent_attacks\constrained_input_baselines_20260602_032651_seed42,39-feature RobustScaler-transformed model space (data/processed/scaler.pkl); no additional feature scaling
Web,cInput CCW,wasserstein_per_feature,4,fin_flag_number,N/A,N/A,N/A,# TODO: canonical cInput run has outcomes but no full 39-feature adversarial vectors; the eight-sample exhibit is not used,D:\thesis_final\outputs\latent_attacks\constrained_input_baselines_20260602_032651_seed42,39-feature RobustScaler-transformed model space (data/processed/scaler.pkl); no additional feature scaling
Web,cInput CCW,wasserstein_per_feature,5,syn_flag_number,N/A,N/A,N/A,# TODO: canonical cInput run has outcomes but no full 39-feature adversarial vectors; the eight-sample exhibit is not used,D:\thesis_final\outputs\latent_attacks\constrained_input_baselines_20260602_032651_seed42,39-feature RobustScaler-transformed model space (data/processed/scaler.pkl); no additional feature scaling
Web,cInput CCW,wasserstein_per_feature,6,rst_flag_number,N/A,N/A,N/A,# TODO: canonical cInput run has outcomes but no full 39-feature adversarial vectors; the eight-sample exhibit is not used,D:\thesis_final\outputs\latent_attacks\constrained_input_baselines_20260602_032651_seed42,39-feature RobustScaler-transformed model space (data/processed/scaler.pkl); no additional feature scaling
Web,cInput CCW,wasserstein_per_feature,7,psh_flag_number,N/A,N/A,N/A,# TODO: canonical cInput run has outcomes but no full 39-feature adversarial vectors; the eight-sample exhibit is not used,D:\thesis_final\outputs\latent_attacks\constrained_input_baselines_20260602_032651_seed42,39-feature RobustScaler-transformed model space (data/processed/scaler.pkl); no additional feature scaling
Web,cInput CCW,wasserstein_per_feature,8,ack_flag_number,N/A,N/A,N/A,# TODO: canonical cInput run has outcomes but no full 39-feature adversarial vectors; the eight-sample exhibit is not used,D:\thesis_final\outputs\latent_attacks\constrained_input_baselines_20260602_032651_seed42,39-feature RobustScaler-transformed model space (data/processed/scaler.pkl); no additional feature scaling
Web,cInput CCW,wasserstein_per_feature,9,ece_flag_number,N/A,N/A,N/A,# TODO: canonical cInput run has outcomes but no full 39-feature adversarial vectors; the eight-sample exhibit is not used,D:\thesis_final\outputs\latent_attacks\constrained_input_baselines_20260602_032651_seed42,39-feature RobustScaler-transformed model space (data/processed/scaler.pkl); no additional feature scaling
Web,cInput CCW,wasserstein_per_feature,10,cwr_flag_number,N/A,N/A,N/A,# TODO: canonical cInput run has outcomes but no full 39-feature adversarial vectors; the eight-sample exhibit is not used,D:\thesis_final\outputs\latent_attacks\constrained_input_baselines_20260602_032651_seed42,39-feature RobustScaler-transformed model space (data/processed/scaler.pkl); no additional feature scaling
Web,cInput CCW,wasserstein_per_feature,11,ack_count,N/A,N/A,N/A,# TODO: canonical cInput run has outcomes but no full 39-feature adversarial vectors; the eight-sample exhibit is not used,D:\thesis_final\outputs\latent_attacks\constrained_input_baselines_20260602_032651_seed42,39-feature RobustScaler-transformed model space (data/processed/scaler.pkl); no additional feature scaling
Web,cInput CCW,wasserstein_per_feature,12,syn_count,N/A,N/A,N/A,# TODO: canonical cInput run has outcomes but no full 39-feature adversarial vectors; the eight-sample exhibit is not used,D:\thesis_final\outputs\latent_attacks\constrained_input_baselines_20260602_032651_seed42,39-feature RobustScaler-transformed model space (data/processed/scaler.pkl); no additional feature scaling
Web,cInput CCW,wasserstein_per_feature,13,fin_count,N/A,N/A,N/A,# TODO: canonical cInput run has outcomes but no full 39-feature adversarial vectors; the eight-sample exhibit is not used,D:\thesis_final\outputs\latent_attacks\constrained_input_baselines_20260602_032651_seed42,39-feature RobustScaler-transformed model space (data/processed/scaler.pkl); no additional feature scaling
Web,cInput CCW,wasserstein_per_feature,14,rst_count,N/A,N/A,N/A,# TODO: canonical cInput run has outcomes but no full 39-feature adversarial vectors; the eight-sample exhibit is not used,D:\thesis_final\outputs\latent_attacks\constrained_input_baselines_20260602_032651_seed42,39-feature RobustScaler-transformed model space (data/processed/scaler.pkl); no additional feature scaling
Web,cInput CCW,wasserstein_per_feature,15,HTTP,N/A,N/A,N/A,# TODO: canonical cInput run has outcomes but no full 39-feature adversarial vectors; the eight-sample exhibit is not used,D:\thesis_final\outputs\latent_attacks\constrained_input_baselines_20260602_032651_seed42,39-feature RobustScaler-transformed model space (data/processed/scaler.pkl); no additional feature scaling
Web,cInput CCW,wasserstein_per_feature,16,HTTPS,N/A,N/A,N/A,# TODO: canonical cInput run has outcomes but no full 39-feature adversarial vectors; the eight-sample exhibit is not used,D:\thesis_final\outputs\latent_attacks\constrained_input_baselines_20260602_032651_seed42,39-feature RobustScaler-transformed model space (data/processed/scaler.pkl); no additional feature scaling
Web,cInput CCW,wasserstein_per_feature,17,DNS,N/A,N/A,N/A,# TODO: canonical cInput run has outcomes but no full 39-feature adversarial vectors; the eight-sample exhibit is not used,D:\thesis_final\outputs\latent_attacks\constrained_input_baselines_20260602_032651_seed42,39-feature RobustScaler-transformed model space (data/processed/scaler.pkl); no additional feature scaling
Web,cInput CCW,wasserstein_per_feature,18,Telnet,N/A,N/A,N/A,# TODO: canonical cInput run has outcomes but no full 39-feature adversarial vectors; the eight-sample exhibit is not used,D:\thesis_final\outputs\latent_attacks\constrained_input_baselines_20260602_032651_seed42,39-feature RobustScaler-transformed model space (data/processed/scaler.pkl); no additional feature scaling
Web,cInput CCW,wasserstein_per_feature,19,SMTP,N/A,N/A,N/A,# TODO: canonical cInput run has outcomes but no full 39-feature adversarial vectors; the eight-sample exhibit is not used,D:\thesis_final\outputs\latent_attacks\constrained_input_baselines_20260602_032651_seed42,39-feature RobustScaler-transformed model space (data/processed/scaler.pkl); no additional feature scaling
Web,cInput CCW,wasserstein_per_feature,20,SSH,N/A,N/A,N/A,# TODO: canonical cInput run has outcomes but no full 39-feature adversarial vectors; the eight-sample exhibit is not used,D:\thesis_final\outputs\latent_attacks\constrained_input_baselines_20260602_032651_seed42,39-feature RobustScaler-transformed model space (data/processed/scaler.pkl); no additional feature scaling
Web,cInput CCW,wasserstein_per_feature,21,IRC,N/A,N/A,N/A,# TODO: canonical cInput run has outcomes but no full 39-feature adversarial vectors; the eight-sample exhibit is not used,D:\thesis_final\outputs\latent_attacks\constrained_input_baselines_20260602_032651_seed42,39-feature RobustScaler-transformed model space (data/processed/scaler.pkl); no additional feature scaling
Web,cInput CCW,wasserstein_per_feature,22,TCP,N/A,N/A,N/A,# TODO: canonical cInput run has outcomes but no full 39-feature adversarial vectors; the eight-sample exhibit is not used,D:\thesis_final\outputs\latent_attacks\constrained_input_baselines_20260602_032651_seed42,39-feature RobustScaler-transformed model space (data/processed/scaler.pkl); no additional feature scaling
Web,cInput CCW,wasserstein_per_feature,23,UDP,N/A,N/A,N/A,# TODO: canonical cInput run has outcomes but no full 39-feature adversarial vectors; the eight-sample exhibit is not used,D:\thesis_final\outputs\latent_attacks\constrained_input_baselines_20260602_032651_seed42,39-feature RobustScaler-transformed model space (data/processed/scaler.pkl); no additional feature scaling
Web,cInput CCW,wasserstein_per_feature,24,DHCP,N/A,N/A,N/A,# TODO: canonical cInput run has outcomes but no full 39-feature adversarial vectors; the eight-sample exhibit is not used,D:\thesis_final\outputs\latent_attacks\constrained_input_baselines_20260602_032651_seed42,39-feature RobustScaler-transformed model space (data/processed/scaler.pkl); no additional feature scaling
Web,cInput CCW,wasserstein_per_feature,25,ARP,N/A,N/A,N/A,# TODO: canonical cInput run has outcomes but no full 39-feature adversarial vectors; the eight-sample exhibit is not used,D:\thesis_final\outputs\latent_attacks\constrained_input_baselines_20260602_032651_seed42,39-feature RobustScaler-transformed model space (data/processed/scaler.pkl); no additional feature scaling
Web,cInput CCW,wasserstein_per_feature,26,ICMP,N/A,N/A,N/A,# TODO: canonical cInput run has outcomes but no full 39-feature adversarial vectors; the eight-sample exhibit is not used,D:\thesis_final\outputs\latent_attacks\constrained_input_baselines_20260602_032651_seed42,39-feature RobustScaler-transformed model space (data/processed/scaler.pkl); no additional feature scaling
Web,cInput CCW,wasserstein_per_feature,27,IGMP,N/A,N/A,N/A,# TODO: canonical cInput run has outcomes but no full 39-feature adversarial vectors; the eight-sample exhibit is not used,D:\thesis_final\outputs\latent_attacks\constrained_input_baselines_20260602_032651_seed42,39-feature RobustScaler-transformed model space (data/processed/scaler.pkl); no additional feature scaling
Web,cInput CCW,wasserstein_per_feature,28,IPv,N/A,N/A,N/A,# TODO: canonical cInput run has outcomes but no full 39-feature adversarial vectors; the eight-sample exhibit is not used,D:\thesis_final\outputs\latent_attacks\constrained_input_baselines_20260602_032651_seed42,39-feature RobustScaler-transformed model space (data/processed/scaler.pkl); no additional feature scaling
Web,cInput CCW,wasserstein_per_feature,29,LLC,N/A,N/A,N/A,# TODO: canonical cInput run has outcomes but no full 39-feature adversarial vectors; the eight-sample exhibit is not used,D:\thesis_final\outputs\latent_attacks\constrained_input_baselines_20260602_032651_seed42,39-feature RobustScaler-transformed model space (data/processed/scaler.pkl); no additional feature scaling
Web,cInput CCW,wasserstein_per_feature,30,Tot sum,N/A,N/A,N/A,# TODO: canonical cInput run has outcomes but no full 39-feature adversarial vectors; the eight-sample exhibit is not used,D:\thesis_final\outputs\latent_attacks\constrained_input_baselines_20260602_032651_seed42,39-feature RobustScaler-transformed model space (data/processed/scaler.pkl); no additional feature scaling
Web,cInput CCW,wasserstein_per_feature,31,Min,N/A,N/A,N/A,# TODO: canonical cInput run has outcomes but no full 39-feature adversarial vectors; the eight-sample exhibit is not used,D:\thesis_final\outputs\latent_attacks\constrained_input_baselines_20260602_032651_seed42,39-feature RobustScaler-transformed model space (data/processed/scaler.pkl); no additional feature scaling
Web,cInput CCW,wasserstein_per_feature,32,Max,N/A,N/A,N/A,# TODO: canonical cInput run has outcomes but no full 39-feature adversarial vectors; the eight-sample exhibit is not used,D:\thesis_final\outputs\latent_attacks\constrained_input_baselines_20260602_032651_seed42,39-feature RobustScaler-transformed model space (data/processed/scaler.pkl); no additional feature scaling
Web,cInput CCW,wasserstein_per_feature,33,AVG,N/A,N/A,N/A,# TODO: canonical cInput run has outcomes but no full 39-feature adversarial vectors; the eight-sample exhibit is not used,D:\thesis_final\outputs\latent_attacks\constrained_input_baselines_20260602_032651_seed42,39-feature RobustScaler-transformed model space (data/processed/scaler.pkl); no additional feature scaling
Web,cInput CCW,wasserstein_per_feature,34,Std,N/A,N/A,N/A,# TODO: canonical cInput run has outcomes but no full 39-feature adversarial vectors; the eight-sample exhibit is not used,D:\thesis_final\outputs\latent_attacks\constrained_input_baselines_20260602_032651_seed42,39-feature RobustScaler-transformed model space (data/processed/scaler.pkl); no additional feature scaling
Web,cInput CCW,wasserstein_per_feature,35,Tot size,N/A,N/A,N/A,# TODO: canonical cInput run has outcomes but no full 39-feature adversarial vectors; the eight-sample exhibit is not used,D:\thesis_final\outputs\latent_attacks\constrained_input_baselines_20260602_032651_seed42,39-feature RobustScaler-transformed model space (data/processed/scaler.pkl); no additional feature scaling
Web,cInput CCW,wasserstein_per_feature,36,IAT,N/A,N/A,N/A,# TODO: canonical cInput run has outcomes but no full 39-feature adversarial vectors; the eight-sample exhibit is not used,D:\thesis_final\outputs\latent_attacks\constrained_input_baselines_20260602_032651_seed42,39-feature RobustScaler-transformed model space (data/processed/scaler.pkl); no additional feature scaling
Web,cInput CCW,wasserstein_per_feature,37,Number,N/A,N/A,N/A,# TODO: canonical cInput run has outcomes but no full 39-feature adversarial vectors; the eight-sample exhibit is not used,D:\thesis_final\outputs\latent_attacks\constrained_input_baselines_20260602_032651_seed42,39-feature RobustScaler-transformed model space (data/processed/scaler.pkl); no additional feature scaling
Web,cInput CCW,wasserstein_per_feature,38,Variance,N/A,N/A,N/A,# TODO: canonical cInput run has outcomes but no full 39-feature adversarial vectors; the eight-sample exhibit is not used,D:\thesis_final\outputs\latent_attacks\constrained_input_baselines_20260602_032651_seed42,39-feature RobustScaler-transformed model space (data/processed/scaler.pkl); no additional feature scaling
Spoofing,PGD,wasserstein_per_feature,0,Header_Length,0.18706028459222632,74291,4193,ok,D:\thesis_final\results\attacks\attack_8class_pgd_0.30.npz,39-feature RobustScaler-transformed model space (data/processed/scaler.pkl); no additional feature scaling
Spoofing,PGD,wasserstein_per_feature,1,Protocol Type,0.27244292280821525,74291,4193,ok,D:\thesis_final\results\attacks\attack_8class_pgd_0.30.npz,39-feature RobustScaler-transformed model space (data/processed/scaler.pkl); no additional feature scaling
Spoofing,PGD,wasserstein_per_feature,2,Time_To_Live,0.600595025536803,74291,4193,ok,D:\thesis_final\results\attacks\attack_8class_pgd_0.30.npz,39-feature RobustScaler-transformed model space (data/processed/scaler.pkl); no additional feature scaling
Spoofing,PGD,wasserstein_per_feature,3,Rate,0.2269319083744034,74291,4193,ok,D:\thesis_final\results\attacks\attack_8class_pgd_0.30.npz,39-feature RobustScaler-transformed model space (data/processed/scaler.pkl); no additional feature scaling
Spoofing,PGD,wasserstein_per_feature,4,fin_flag_number,0.25744902527122304,74291,4193,ok,D:\thesis_final\results\attacks\attack_8class_pgd_0.30.npz,39-feature RobustScaler-transformed model space (data/processed/scaler.pkl); no additional feature scaling
Spoofing,PGD,wasserstein_per_feature,5,syn_flag_number,0.29019333703126415,74291,4193,ok,D:\thesis_final\results\attacks\attack_8class_pgd_0.30.npz,39-feature RobustScaler-transformed model space (data/processed/scaler.pkl); no additional feature scaling
Spoofing,PGD,wasserstein_per_feature,6,rst_flag_number,0.2850294600460434,74291,4193,ok,D:\thesis_final\results\attacks\attack_8class_pgd_0.30.npz,39-feature RobustScaler-transformed model space (data/processed/scaler.pkl); no additional feature scaling
Spoofing,PGD,wasserstein_per_feature,7,psh_flag_number,0.2389814916296995,74291,4193,ok,D:\thesis_final\results\attacks\attack_8class_pgd_0.30.npz,39-feature RobustScaler-transformed model space (data/processed/scaler.pkl); no additional feature scaling
Spoofing,PGD,wasserstein_per_feature,8,ack_flag_number,0.281193486131217,74291,4193,ok,D:\thesis_final\results\attacks\attack_8class_pgd_0.30.npz,39-feature RobustScaler-transformed model space (data/processed/scaler.pkl); no additional feature scaling
Spoofing,PGD,wasserstein_per_feature,9,ece_flag_number,0.2637795549043317,74291,4193,ok,D:\thesis_final\results\attacks\attack_8class_pgd_0.30.npz,39-feature RobustScaler-transformed model space (data/processed/scaler.pkl); no additional feature scaling
Spoofing,PGD,wasserstein_per_feature,10,cwr_flag_number,0.26239854712710015,74291,4193,ok,D:\thesis_final\results\attacks\attack_8class_pgd_0.30.npz,39-feature RobustScaler-transformed model space (data/processed/scaler.pkl); no additional feature scaling
Spoofing,PGD,wasserstein_per_feature,11,ack_count,0.2065910121390922,74291,4193,ok,D:\thesis_final\results\attacks\attack_8class_pgd_0.30.npz,39-feature RobustScaler-transformed model space (data/processed/scaler.pkl); no additional feature scaling
Spoofing,PGD,wasserstein_per_feature,12,syn_count,0.27617225549338065,74291,4193,ok,D:\thesis_final\results\attacks\attack_8class_pgd_0.30.npz,39-feature RobustScaler-transformed model space (data/processed/scaler.pkl); no additional feature scaling
Spoofing,PGD,wasserstein_per_feature,13,fin_count,0.24974250379415747,74291,4193,ok,D:\thesis_final\results\attacks\attack_8class_pgd_0.30.npz,39-feature RobustScaler-transformed model space (data/processed/scaler.pkl); no additional feature scaling
Spoofing,PGD,wasserstein_per_feature,14,rst_count,0.2632301269125179,74291,4193,ok,D:\thesis_final\results\attacks\attack_8class_pgd_0.30.npz,39-feature RobustScaler-transformed model space (data/processed/scaler.pkl); no additional feature scaling
Spoofing,PGD,wasserstein_per_feature,15,HTTP,0.24491984894955723,74291,4193,ok,D:\thesis_final\results\attacks\attack_8class_pgd_0.30.npz,39-feature RobustScaler-transformed model space (data/processed/scaler.pkl); no additional feature scaling
Spoofing,PGD,wasserstein_per_feature,16,HTTPS,0.2626006168575482,74291,4193,ok,D:\thesis_final\results\attacks\attack_8class_pgd_0.30.npz,39-feature RobustScaler-transformed model space (data/processed/scaler.pkl); no additional feature scaling
Spoofing,PGD,wasserstein_per_feature,17,DNS,0.27871762139932954,74291,4193,ok,D:\thesis_final\results\attacks\attack_8class_pgd_0.30.npz,39-feature RobustScaler-transformed model space (data/processed/scaler.pkl); no additional feature scaling
Spoofing,PGD,wasserstein_per_feature,18,Telnet,0.27604864781507865,74291,4193,ok,D:\thesis_final\results\attacks\attack_8class_pgd_0.30.npz,39-feature RobustScaler-transformed model space (data/processed/scaler.pkl); no additional feature scaling
Spoofing,PGD,wasserstein_per_feature,19,SMTP,0.27236200361953494,74291,4193,ok,D:\thesis_final\results\attacks\attack_8class_pgd_0.30.npz,39-feature RobustScaler-transformed model space (data/processed/scaler.pkl); no additional feature scaling
Spoofing,PGD,wasserstein_per_feature,20,SSH,0.24566605302618255,74291,4193,ok,D:\thesis_final\results\attacks\attack_8class_pgd_0.30.npz,39-feature RobustScaler-transformed model space (data/processed/scaler.pkl); no additional feature scaling
Spoofing,PGD,wasserstein_per_feature,21,IRC,0.2661808137816346,74291,4193,ok,D:\thesis_final\results\attacks\attack_8class_pgd_0.30.npz,39-feature RobustScaler-transformed model space (data/processed/scaler.pkl); no additional feature scaling
Spoofing,PGD,wasserstein_per_feature,22,TCP,0.2625399799613132,74291,4193,ok,D:\thesis_final\results\attacks\attack_8class_pgd_0.30.npz,39-feature RobustScaler-transformed model space (data/processed/scaler.pkl); no additional feature scaling
Spoofing,PGD,wasserstein_per_feature,23,UDP,0.2773964823508611,74291,4193,ok,D:\thesis_final\results\attacks\attack_8class_pgd_0.30.npz,39-feature RobustScaler-transformed model space (data/processed/scaler.pkl); no additional feature scaling
Spoofing,PGD,wasserstein_per_feature,24,DHCP,0.271683440858002,74291,4193,ok,D:\thesis_final\results\attacks\attack_8class_pgd_0.30.npz,39-feature RobustScaler-transformed model space (data/processed/scaler.pkl); no additional feature scaling
Spoofing,PGD,wasserstein_per_feature,25,ARP,0.2746310915496711,74291,4193,ok,D:\thesis_final\results\attacks\attack_8class_pgd_0.30.npz,39-feature RobustScaler-transformed model space (data/processed/scaler.pkl); no additional feature scaling
Spoofing,PGD,wasserstein_per_feature,26,ICMP,0.2609919653732753,74291,4193,ok,D:\thesis_final\results\attacks\attack_8class_pgd_0.30.npz,39-feature RobustScaler-transformed model space (data/processed/scaler.pkl); no additional feature scaling
Spoofing,PGD,wasserstein_per_feature,27,IGMP,0.25906903411675086,74291,4193,ok,D:\thesis_final\results\attacks\attack_8class_pgd_0.30.npz,39-feature RobustScaler-transformed model space (data/processed/scaler.pkl); no additional feature scaling
Spoofing,PGD,wasserstein_per_feature,28,IPv,0.2532021404720977,74291,4193,ok,D:\thesis_final\results\attacks\attack_8class_pgd_0.30.npz,39-feature RobustScaler-transformed model space (data/processed/scaler.pkl); no additional feature scaling
Spoofing,PGD,wasserstein_per_feature,29,LLC,0.24927527674837024,74291,4193,ok,D:\thesis_final\results\attacks\attack_8class_pgd_0.30.npz,39-feature RobustScaler-transformed model space (data/processed/scaler.pkl); no additional feature scaling
Spoofing,PGD,wasserstein_per_feature,30,Tot sum,0.2149551464844255,74291,4193,ok,D:\thesis_final\results\attacks\attack_8class_pgd_0.30.npz,39-feature RobustScaler-transformed model space (data/processed/scaler.pkl); no additional feature scaling
Spoofing,PGD,wasserstein_per_feature,31,Min,1.8645303075834636,74291,4193,ok,D:\thesis_final\results\attacks\attack_8class_pgd_0.30.npz,39-feature RobustScaler-transformed model space (data/processed/scaler.pkl); no additional feature scaling
Spoofing,PGD,wasserstein_per_feature,32,Max,0.238197883996358,74291,4193,ok,D:\thesis_final\results\attacks\attack_8class_pgd_0.30.npz,39-feature RobustScaler-transformed model space (data/processed/scaler.pkl); no additional feature scaling
Spoofing,PGD,wasserstein_per_feature,33,AVG,0.14370097495202572,74291,4193,ok,D:\thesis_final\results\attacks\attack_8class_pgd_0.30.npz,39-feature RobustScaler-transformed model space (data/processed/scaler.pkl); no additional feature scaling
Spoofing,PGD,wasserstein_per_feature,34,Std,0.12340057792775314,74291,4193,ok,D:\thesis_final\results\attacks\attack_8class_pgd_0.30.npz,39-feature RobustScaler-transformed model space (data/processed/scaler.pkl); no additional feature scaling
Spoofing,PGD,wasserstein_per_feature,35,Tot size,0.140693997726944,74291,4193,ok,D:\thesis_final\results\attacks\attack_8class_pgd_0.30.npz,39-feature RobustScaler-transformed model space (data/processed/scaler.pkl); no additional feature scaling
Spoofing,PGD,wasserstein_per_feature,36,IAT,0.1711040753291045,74291,4193,ok,D:\thesis_final\results\attacks\attack_8class_pgd_0.30.npz,39-feature RobustScaler-transformed model space (data/processed/scaler.pkl); no additional feature scaling
Spoofing,PGD,wasserstein_per_feature,37,Number,0.2823032694310981,74291,4193,ok,D:\thesis_final\results\attacks\attack_8class_pgd_0.30.npz,39-feature RobustScaler-transformed model space (data/processed/scaler.pkl); no additional feature scaling
Spoofing,PGD,wasserstein_per_feature,38,Variance,0.34557189929864024,74291,4193,ok,D:\thesis_final\results\attacks\attack_8class_pgd_0.30.npz,39-feature RobustScaler-transformed model space (data/processed/scaler.pkl); no additional feature scaling
Spoofing,CW,wasserstein_per_feature,0,Header_Length,0.0827838940344292,74291,4193,ok,D:\thesis_final\results\attacks\attack_8class_cw_0.npz,39-feature RobustScaler-transformed model space (data/processed/scaler.pkl); no additional feature scaling
Spoofing,CW,wasserstein_per_feature,1,Protocol Type,0.04697294358609252,74291,4193,ok,D:\thesis_final\results\attacks\attack_8class_cw_0.npz,39-feature RobustScaler-transformed model space (data/processed/scaler.pkl); no additional feature scaling
Spoofing,CW,wasserstein_per_feature,2,Time_To_Live,0.4801508017744096,74291,4193,ok,D:\thesis_final\results\attacks\attack_8class_cw_0.npz,39-feature RobustScaler-transformed model space (data/processed/scaler.pkl); no additional feature scaling
Spoofing,CW,wasserstein_per_feature,3,Rate,0.05522836336998064,74291,4193,ok,D:\thesis_final\results\attacks\attack_8class_cw_0.npz,39-feature RobustScaler-transformed model space (data/processed/scaler.pkl); no additional feature scaling
Spoofing,CW,wasserstein_per_feature,4,fin_flag_number,0.02355151108097311,74291,4193,ok,D:\thesis_final\results\attacks\attack_8class_cw_0.npz,39-feature RobustScaler-transformed model space (data/processed/scaler.pkl); no additional feature scaling
Spoofing,CW,wasserstein_per_feature,5,syn_flag_number,0.08919471490691913,74291,4193,ok,D:\thesis_final\results\attacks\attack_8class_cw_0.npz,39-feature RobustScaler-transformed model space (data/processed/scaler.pkl); no additional feature scaling
Spoofing,CW,wasserstein_per_feature,6,rst_flag_number,0.09931961200847701,74291,4193,ok,D:\thesis_final\results\attacks\attack_8class_cw_0.npz,39-feature RobustScaler-transformed model space (data/processed/scaler.pkl); no additional feature scaling
Spoofing,CW,wasserstein_per_feature,7,psh_flag_number,0.0565563870832847,74291,4193,ok,D:\thesis_final\results\attacks\attack_8class_cw_0.npz,39-feature RobustScaler-transformed model space (data/processed/scaler.pkl); no additional feature scaling
Spoofing,CW,wasserstein_per_feature,8,ack_flag_number,0.06664497449510477,74291,4193,ok,D:\thesis_final\results\attacks\attack_8class_cw_0.npz,39-feature RobustScaler-transformed model space (data/processed/scaler.pkl); no additional feature scaling
Spoofing,CW,wasserstein_per_feature,9,ece_flag_number,0.00714510457048333,74291,4193,ok,D:\thesis_final\results\attacks\attack_8class_cw_0.npz,39-feature RobustScaler-transformed model space (data/processed/scaler.pkl); no additional feature scaling
Spoofing,CW,wasserstein_per_feature,10,cwr_flag_number,0.005655504910334319,74291,4193,ok,D:\thesis_final\results\attacks\attack_8class_cw_0.npz,39-feature RobustScaler-transformed model space (data/processed/scaler.pkl); no additional feature scaling
Spoofing,CW,wasserstein_per_feature,11,ack_count,0.07788061802992348,74291,4193,ok,D:\thesis_final\results\attacks\attack_8class_cw_0.npz,39-feature RobustScaler-transformed model space (data/processed/scaler.pkl); no additional feature scaling
Spoofing,CW,wasserstein_per_feature,12,syn_count,0.061544495436976716,74291,4193,ok,D:\thesis_final\results\attacks\attack_8class_cw_0.npz,39-feature RobustScaler-transformed model space (data/processed/scaler.pkl); no additional feature scaling
Spoofing,CW,wasserstein_per_feature,13,fin_count,0.047684198967639445,74291,4193,ok,D:\thesis_final\results\attacks\attack_8class_cw_0.npz,39-feature RobustScaler-transformed model space (data/processed/scaler.pkl); no additional feature scaling
Spoofing,CW,wasserstein_per_feature,14,rst_count,0.07026882858399461,74291,4193,ok,D:\thesis_final\results\attacks\attack_8class_cw_0.npz,39-feature RobustScaler-transformed model space (data/processed/scaler.pkl); no additional feature scaling
Spoofing,CW,wasserstein_per_feature,15,HTTP,0.05258816289107296,74291,4193,ok,D:\thesis_final\results\attacks\attack_8class_cw_0.npz,39-feature RobustScaler-transformed model space (data/processed/scaler.pkl); no additional feature scaling
Spoofing,CW,wasserstein_per_feature,16,HTTPS,0.0910468112147193,74291,4193,ok,D:\thesis_final\results\attacks\attack_8class_cw_0.npz,39-feature RobustScaler-transformed model space (data/processed/scaler.pkl); no additional feature scaling
Spoofing,CW,wasserstein_per_feature,17,DNS,0.04138949438225468,74291,4193,ok,D:\thesis_final\results\attacks\attack_8class_cw_0.npz,39-feature RobustScaler-transformed model space (data/processed/scaler.pkl); no additional feature scaling
Spoofing,CW,wasserstein_per_feature,18,Telnet,0.0060247991654742575,74291,4193,ok,D:\thesis_final\results\attacks\attack_8class_cw_0.npz,39-feature RobustScaler-transformed model space (data/processed/scaler.pkl); no additional feature scaling
Spoofing,CW,wasserstein_per_feature,19,SMTP,0.005061579860626882,74291,4193,ok,D:\thesis_final\results\attacks\attack_8class_cw_0.npz,39-feature RobustScaler-transformed model space (data/processed/scaler.pkl); no additional feature scaling
Spoofing,CW,wasserstein_per_feature,20,SSH,0.16387690913828026,74291,4193,ok,D:\thesis_final\results\attacks\attack_8class_cw_0.npz,39-feature RobustScaler-transformed model space (data/processed/scaler.pkl); no additional feature scaling
Spoofing,CW,wasserstein_per_feature,21,IRC,0.005282464604551477,74291,4193,ok,D:\thesis_final\results\attacks\attack_8class_cw_0.npz,39-feature RobustScaler-transformed model space (data/processed/scaler.pkl); no additional feature scaling
Spoofing,CW,wasserstein_per_feature,22,TCP,0.054026958806369915,74291,4193,ok,D:\thesis_final\results\attacks\attack_8class_cw_0.npz,39-feature RobustScaler-transformed model space (data/processed/scaler.pkl); no additional feature scaling
Spoofing,CW,wasserstein_per_feature,23,UDP,0.056408841242898765,74291,4193,ok,D:\thesis_final\results\attacks\attack_8class_cw_0.npz,39-feature RobustScaler-transformed model space (data/processed/scaler.pkl); no additional feature scaling
Spoofing,CW,wasserstein_per_feature,24,DHCP,0.007009259115073558,74291,4193,ok,D:\thesis_final\results\attacks\attack_8class_cw_0.npz,39-feature RobustScaler-transformed model space (data/processed/scaler.pkl); no additional feature scaling
Spoofing,CW,wasserstein_per_feature,25,ARP,0.043891759691572954,74291,4193,ok,D:\thesis_final\results\attacks\attack_8class_cw_0.npz,39-feature RobustScaler-transformed model space (data/processed/scaler.pkl); no additional feature scaling
Spoofing,CW,wasserstein_per_feature,26,ICMP,0.051099993068151064,74291,4193,ok,D:\thesis_final\results\attacks\attack_8class_cw_0.npz,39-feature RobustScaler-transformed model space (data/processed/scaler.pkl); no additional feature scaling
Spoofing,CW,wasserstein_per_feature,27,IGMP,0.004692918699247395,74291,4193,ok,D:\thesis_final\results\attacks\attack_8class_cw_0.npz,39-feature RobustScaler-transformed model space (data/processed/scaler.pkl); no additional feature scaling
Spoofing,CW,wasserstein_per_feature,28,IPv,0.024231222274992446,74291,4193,ok,D:\thesis_final\results\attacks\attack_8class_cw_0.npz,39-feature RobustScaler-transformed model space (data/processed/scaler.pkl); no additional feature scaling
Spoofing,CW,wasserstein_per_feature,29,LLC,0.02284201554624478,74291,4193,ok,D:\thesis_final\results\attacks\attack_8class_cw_0.npz,39-feature RobustScaler-transformed model space (data/processed/scaler.pkl); no additional feature scaling
Spoofing,CW,wasserstein_per_feature,30,Tot sum,0.10994865568666415,74291,4193,ok,D:\thesis_final\results\attacks\attack_8class_cw_0.npz,39-feature RobustScaler-transformed model space (data/processed/scaler.pkl); no additional feature scaling
Spoofing,CW,wasserstein_per_feature,31,Min,1.74278152460498,74291,4193,ok,D:\thesis_final\results\attacks\attack_8class_cw_0.npz,39-feature RobustScaler-transformed model space (data/processed/scaler.pkl); no additional feature scaling
Spoofing,CW,wasserstein_per_feature,32,Max,0.09998805179811177,74291,4193,ok,D:\thesis_final\results\attacks\attack_8class_cw_0.npz,39-feature RobustScaler-transformed model space (data/processed/scaler.pkl); no additional feature scaling
Spoofing,CW,wasserstein_per_feature,33,AVG,0.04037207588723581,74291,4193,ok,D:\thesis_final\results\attacks\attack_8class_cw_0.npz,39-feature RobustScaler-transformed model space (data/processed/scaler.pkl); no additional feature scaling
Spoofing,CW,wasserstein_per_feature,34,Std,0.03142022835172249,74291,4193,ok,D:\thesis_final\results\attacks\attack_8class_cw_0.npz,39-feature RobustScaler-transformed model space (data/processed/scaler.pkl); no additional feature scaling
Spoofing,CW,wasserstein_per_feature,35,Tot size,0.03993722037224305,74291,4193,ok,D:\thesis_final\results\attacks\attack_8class_cw_0.npz,39-feature RobustScaler-transformed model space (data/processed/scaler.pkl); no additional feature scaling
Spoofing,CW,wasserstein_per_feature,36,IAT,0.1539057873002344,74291,4193,ok,D:\thesis_final\results\attacks\attack_8class_cw_0.npz,39-feature RobustScaler-transformed model space (data/processed/scaler.pkl); no additional feature scaling
Spoofing,CW,wasserstein_per_feature,37,Number,0.14790601289894947,74291,4193,ok,D:\thesis_final\results\attacks\attack_8class_cw_0.npz,39-feature RobustScaler-transformed model space (data/processed/scaler.pkl); no additional feature scaling
Spoofing,CW,wasserstein_per_feature,38,Variance,0.2056095353293534,74291,4193,ok,D:\thesis_final\results\attacks\attack_8class_cw_0.npz,39-feature RobustScaler-transformed model space (data/processed/scaler.pkl); no additional feature scaling
Spoofing,Latent-PGD,wasserstein_per_feature,0,Header_Length,0.1801431038553739,74291,100,ok,D:\thesis_final\outputs\latent_attacks\phase2_20260602_023945_seed42\phase2_latent_pgd_Spoofing.npz,39-feature RobustScaler-transformed model space (data/processed/scaler.pkl); no additional feature scaling
Spoofing,Latent-PGD,wasserstein_per_feature,1,Protocol Type,0.07210267744308421,74291,100,ok,D:\thesis_final\outputs\latent_attacks\phase2_20260602_023945_seed42\phase2_latent_pgd_Spoofing.npz,39-feature RobustScaler-transformed model space (data/processed/scaler.pkl); no additional feature scaling
Spoofing,Latent-PGD,wasserstein_per_feature,2,Time_To_Live,4.530333661660628,74291,100,ok,D:\thesis_final\outputs\latent_attacks\phase2_20260602_023945_seed42\phase2_latent_pgd_Spoofing.npz,39-feature RobustScaler-transformed model space (data/processed/scaler.pkl); no additional feature scaling
Spoofing,Latent-PGD,wasserstein_per_feature,3,Rate,0.6367746735784915,74291,100,ok,D:\thesis_final\outputs\latent_attacks\phase2_20260602_023945_seed42\phase2_latent_pgd_Spoofing.npz,39-feature RobustScaler-transformed model space (data/processed/scaler.pkl); no additional feature scaling
Spoofing,Latent-PGD,wasserstein_per_feature,4,fin_flag_number,8.07634841366589e-05,74291,100,ok,D:\thesis_final\outputs\latent_attacks\phase2_20260602_023945_seed42\phase2_latent_pgd_Spoofing.npz,39-feature RobustScaler-transformed model space (data/processed/scaler.pkl); no additional feature scaling
Spoofing,Latent-PGD,wasserstein_per_feature,5,syn_flag_number,0.0006999501958514509,74291,100,ok,D:\thesis_final\outputs\latent_attacks\phase2_20260602_023945_seed42\phase2_latent_pgd_Spoofing.npz,39-feature RobustScaler-transformed model space (data/processed/scaler.pkl); no additional feature scaling
Spoofing,Latent-PGD,wasserstein_per_feature,6,rst_flag_number,0.0004845809048202865,74291,100,ok,D:\thesis_final\outputs\latent_attacks\phase2_20260602_023945_seed42\phase2_latent_pgd_Spoofing.npz,39-feature RobustScaler-transformed model space (data/processed/scaler.pkl); no additional feature scaling
Spoofing,Latent-PGD,wasserstein_per_feature,7,psh_flag_number,0.029297974416967645,74291,100,ok,D:\thesis_final\outputs\latent_attacks\phase2_20260602_023945_seed42\phase2_latent_pgd_Spoofing.npz,39-feature RobustScaler-transformed model space (data/processed/scaler.pkl); no additional feature scaling
Spoofing,Latent-PGD,wasserstein_per_feature,8,ack_flag_number,0.05897373909783599,74291,100,ok,D:\thesis_final\outputs\latent_attacks\phase2_20260602_023945_seed42\phase2_latent_pgd_Spoofing.npz,39-feature RobustScaler-transformed model space (data/processed/scaler.pkl); no additional feature scaling
Spoofing,Latent-PGD,wasserstein_per_feature,9,ece_flag_number,0.0,74291,100,ok,D:\thesis_final\outputs\latent_attacks\phase2_20260602_023945_seed42\phase2_latent_pgd_Spoofing.npz,39-feature RobustScaler-transformed model space (data/processed/scaler.pkl); no additional feature scaling
Spoofing,Latent-PGD,wasserstein_per_feature,10,cwr_flag_number,0.0,74291,100,ok,D:\thesis_final\outputs\latent_attacks\phase2_20260602_023945_seed42\phase2_latent_pgd_Spoofing.npz,39-feature RobustScaler-transformed model space (data/processed/scaler.pkl); no additional feature scaling
Spoofing,Latent-PGD,wasserstein_per_feature,11,ack_count,0.10029588656210572,74291,100,ok,D:\thesis_final\outputs\latent_attacks\phase2_20260602_023945_seed42\phase2_latent_pgd_Spoofing.npz,39-feature RobustScaler-transformed model space (data/processed/scaler.pkl); no additional feature scaling
Spoofing,Latent-PGD,wasserstein_per_feature,12,syn_count,0.06853266209904285,74291,100,ok,D:\thesis_final\outputs\latent_attacks\phase2_20260602_023945_seed42\phase2_latent_pgd_Spoofing.npz,39-feature RobustScaler-transformed model space (data/processed/scaler.pkl); no additional feature scaling
Spoofing,Latent-PGD,wasserstein_per_feature,13,fin_count,0.013278189821108843,74291,100,ok,D:\thesis_final\outputs\latent_attacks\phase2_20260602_023945_seed42\phase2_latent_pgd_Spoofing.npz,39-feature RobustScaler-transformed model space (data/processed/scaler.pkl); no additional feature scaling
Spoofing,Latent-PGD,wasserstein_per_feature,14,rst_count,0.017243003863186668,74291,100,ok,D:\thesis_final\outputs\latent_attacks\phase2_20260602_023945_seed42\phase2_latent_pgd_Spoofing.npz,39-feature RobustScaler-transformed model space (data/processed/scaler.pkl); no additional feature scaling
Spoofing,Latent-PGD,wasserstein_per_feature,15,HTTP,0.021301907364283612,74291,100,ok,D:\thesis_final\outputs\latent_attacks\phase2_20260602_023945_seed42\phase2_latent_pgd_Spoofing.npz,39-feature RobustScaler-transformed model space (data/processed/scaler.pkl); no additional feature scaling
Spoofing,Latent-PGD,wasserstein_per_feature,16,HTTPS,0.01650940221561159,74291,100,ok,D:\thesis_final\outputs\latent_attacks\phase2_20260602_023945_seed42\phase2_latent_pgd_Spoofing.npz,39-feature RobustScaler-transformed model space (data/processed/scaler.pkl); no additional feature scaling
Spoofing,Latent-PGD,wasserstein_per_feature,17,DNS,0.001507585037218484,74291,100,ok,D:\thesis_final\outputs\latent_attacks\phase2_20260602_023945_seed42\phase2_latent_pgd_Spoofing.npz,39-feature RobustScaler-transformed model space (data/processed/scaler.pkl); no additional feature scaling
Spoofing,Latent-PGD,wasserstein_per_feature,18,Telnet,0.0,74291,100,ok,D:\thesis_final\outputs\latent_attacks\phase2_20260602_023945_seed42\phase2_latent_pgd_Spoofing.npz,39-feature RobustScaler-transformed model space (data/processed/scaler.pkl); no additional feature scaling
Spoofing,Latent-PGD,wasserstein_per_feature,19,SMTP,0.0,74291,100,ok,D:\thesis_final\outputs\latent_attacks\phase2_20260602_023945_seed42\phase2_latent_pgd_Spoofing.npz,39-feature RobustScaler-transformed model space (data/processed/scaler.pkl); no additional feature scaling
Spoofing,Latent-PGD,wasserstein_per_feature,20,SSH,0.0,74291,100,ok,D:\thesis_final\outputs\latent_attacks\phase2_20260602_023945_seed42\phase2_latent_pgd_Spoofing.npz,39-feature RobustScaler-transformed model space (data/processed/scaler.pkl); no additional feature scaling
Spoofing,Latent-PGD,wasserstein_per_feature,21,IRC,0.0,74291,100,ok,D:\thesis_final\outputs\latent_attacks\phase2_20260602_023945_seed42\phase2_latent_pgd_Spoofing.npz,39-feature RobustScaler-transformed model space (data/processed/scaler.pkl); no additional feature scaling
Spoofing,Latent-PGD,wasserstein_per_feature,22,TCP,0.05399335047313941,74291,100,ok,D:\thesis_final\outputs\latent_attacks\phase2_20260602_023945_seed42\phase2_latent_pgd_Spoofing.npz,39-feature RobustScaler-transformed model space (data/processed/scaler.pkl); no additional feature scaling
Spoofing,Latent-PGD,wasserstein_per_feature,23,UDP,0.08575170612860239,74291,100,ok,D:\thesis_final\outputs\latent_attacks\phase2_20260602_023945_seed42\phase2_latent_pgd_Spoofing.npz,39-feature RobustScaler-transformed model space (data/processed/scaler.pkl); no additional feature scaling
Spoofing,Latent-PGD,wasserstein_per_feature,24,DHCP,0.0,74291,100,ok,D:\thesis_final\outputs\latent_attacks\phase2_20260602_023945_seed42\phase2_latent_pgd_Spoofing.npz,39-feature RobustScaler-transformed model space (data/processed/scaler.pkl); no additional feature scaling
Spoofing,Latent-PGD,wasserstein_per_feature,25,ARP,0.0023286804592750343,74291,100,ok,D:\thesis_final\outputs\latent_attacks\phase2_20260602_023945_seed42\phase2_latent_pgd_Spoofing.npz,39-feature RobustScaler-transformed model space (data/processed/scaler.pkl); no additional feature scaling
Spoofing,Latent-PGD,wasserstein_per_feature,26,ICMP,0.00012114522620509938,74291,100,ok,D:\thesis_final\outputs\latent_attacks\phase2_20260602_023945_seed42\phase2_latent_pgd_Spoofing.npz,39-feature RobustScaler-transformed model space (data/processed/scaler.pkl); no additional feature scaling
Spoofing,Latent-PGD,wasserstein_per_feature,27,IGMP,0.0,74291,100,ok,D:\thesis_final\outputs\latent_attacks\phase2_20260602_023945_seed42\phase2_latent_pgd_Spoofing.npz,39-feature RobustScaler-transformed model space (data/processed/scaler.pkl); no additional feature scaling
Spoofing,Latent-PGD,wasserstein_per_feature,28,IPv,0.0038766472385618716,74291,100,ok,D:\thesis_final\outputs\latent_attacks\phase2_20260602_023945_seed42\phase2_latent_pgd_Spoofing.npz,39-feature RobustScaler-transformed model space (data/processed/scaler.pkl); no additional feature scaling
Spoofing,Latent-PGD,wasserstein_per_feature,29,LLC,0.0038766472385618716,74291,100,ok,D:\thesis_final\outputs\latent_attacks\phase2_20260602_023945_seed42\phase2_latent_pgd_Spoofing.npz,39-feature RobustScaler-transformed model space (data/processed/scaler.pkl); no additional feature scaling
Spoofing,Latent-PGD,wasserstein_per_feature,30,Tot sum,0.021621740022375168,74291,100,ok,D:\thesis_final\outputs\latent_attacks\phase2_20260602_023945_seed42\phase2_latent_pgd_Spoofing.npz,39-feature RobustScaler-transformed model space (data/processed/scaler.pkl); no additional feature scaling
Spoofing,Latent-PGD,wasserstein_per_feature,31,Min,20.40199916388226,74291,100,ok,D:\thesis_final\outputs\latent_attacks\phase2_20260602_023945_seed42\phase2_latent_pgd_Spoofing.npz,39-feature RobustScaler-transformed model space (data/processed/scaler.pkl); no additional feature scaling
Spoofing,Latent-PGD,wasserstein_per_feature,32,Max,0.15169825319051766,74291,100,ok,D:\thesis_final\outputs\latent_attacks\phase2_20260602_023945_seed42\phase2_latent_pgd_Spoofing.npz,39-feature RobustScaler-transformed model space (data/processed/scaler.pkl); no additional feature scaling
Spoofing,Latent-PGD,wasserstein_per_feature,33,AVG,0.25441868158503195,74291,100,ok,D:\thesis_final\outputs\latent_attacks\phase2_20260602_023945_seed42\phase2_latent_pgd_Spoofing.npz,39-feature RobustScaler-transformed model space (data/processed/scaler.pkl); no additional feature scaling
Spoofing,Latent-PGD,wasserstein_per_feature,34,Std,0.26797626939970526,74291,100,ok,D:\thesis_final\outputs\latent_attacks\phase2_20260602_023945_seed42\phase2_latent_pgd_Spoofing.npz,39-feature RobustScaler-transformed model space (data/processed/scaler.pkl); no additional feature scaling
Spoofing,Latent-PGD,wasserstein_per_feature,35,Tot size,0.25441868158503195,74291,100,ok,D:\thesis_final\outputs\latent_attacks\phase2_20260602_023945_seed42\phase2_latent_pgd_Spoofing.npz,39-feature RobustScaler-transformed model space (data/processed/scaler.pkl); no additional feature scaling
Spoofing,Latent-PGD,wasserstein_per_feature,36,IAT,1.927564579222476,74291,100,ok,D:\thesis_final\outputs\latent_attacks\phase2_20260602_023945_seed42\phase2_latent_pgd_Spoofing.npz,39-feature RobustScaler-transformed model space (data/processed/scaler.pkl); no additional feature scaling
Spoofing,Latent-PGD,wasserstein_per_feature,37,Number,2.093868303368912e-05,74291,100,ok,D:\thesis_final\outputs\latent_attacks\phase2_20260602_023945_seed42\phase2_latent_pgd_Spoofing.npz,39-feature RobustScaler-transformed model space (data/processed/scaler.pkl); no additional feature scaling
Spoofing,Latent-PGD,wasserstein_per_feature,38,Variance,1.6603551818187354,74291,100,ok,D:\thesis_final\outputs\latent_attacks\phase2_20260602_023945_seed42\phase2_latent_pgd_Spoofing.npz,39-feature RobustScaler-transformed model space (data/processed/scaler.pkl); no additional feature scaling
Spoofing,Latent-CW,wasserstein_per_feature,0,Header_Length,0.14444394346760442,74291,100,ok,D:\thesis_final\outputs\latent_attacks\phase3_20260602_023958_seed42\phase3_latent_cw_Spoofing.npz,39-feature RobustScaler-transformed model space (data/processed/scaler.pkl); no additional feature scaling
Spoofing,Latent-CW,wasserstein_per_feature,1,Protocol Type,0.07210267744308421,74291,100,ok,D:\thesis_final\outputs\latent_attacks\phase3_20260602_023958_seed42\phase3_latent_cw_Spoofing.npz,39-feature RobustScaler-transformed model space (data/processed/scaler.pkl); no additional feature scaling
Spoofing,Latent-CW,wasserstein_per_feature,2,Time_To_Live,4.530333661660628,74291,100,ok,D:\thesis_final\outputs\latent_attacks\phase3_20260602_023958_seed42\phase3_latent_cw_Spoofing.npz,39-feature RobustScaler-transformed model space (data/processed/scaler.pkl); no additional feature scaling
Spoofing,Latent-CW,wasserstein_per_feature,3,Rate,0.5380189139980069,74291,100,ok,D:\thesis_final\outputs\latent_attacks\phase3_20260602_023958_seed42\phase3_latent_cw_Spoofing.npz,39-feature RobustScaler-transformed model space (data/processed/scaler.pkl); no additional feature scaling
Spoofing,Latent-CW,wasserstein_per_feature,4,fin_flag_number,8.07634841366589e-05,74291,100,ok,D:\thesis_final\outputs\latent_attacks\phase3_20260602_023958_seed42\phase3_latent_cw_Spoofing.npz,39-feature RobustScaler-transformed model space (data/processed/scaler.pkl); no additional feature scaling
Spoofing,Latent-CW,wasserstein_per_feature,5,syn_flag_number,0.0006999501958514509,74291,100,ok,D:\thesis_final\outputs\latent_attacks\phase3_20260602_023958_seed42\phase3_latent_cw_Spoofing.npz,39-feature RobustScaler-transformed model space (data/processed/scaler.pkl); no additional feature scaling
Spoofing,Latent-CW,wasserstein_per_feature,6,rst_flag_number,0.0004845809048202865,74291,100,ok,D:\thesis_final\outputs\latent_attacks\phase3_20260602_023958_seed42\phase3_latent_cw_Spoofing.npz,39-feature RobustScaler-transformed model space (data/processed/scaler.pkl); no additional feature scaling
Spoofing,Latent-CW,wasserstein_per_feature,7,psh_flag_number,0.012872084763552252,74291,100,ok,D:\thesis_final\outputs\latent_attacks\phase3_20260602_023958_seed42\phase3_latent_cw_Spoofing.npz,39-feature RobustScaler-transformed model space (data/processed/scaler.pkl); no additional feature scaling
Spoofing,Latent-CW,wasserstein_per_feature,8,ack_flag_number,0.055993234465839835,74291,100,ok,D:\thesis_final\outputs\latent_attacks\phase3_20260602_023958_seed42\phase3_latent_cw_Spoofing.npz,39-feature RobustScaler-transformed model space (data/processed/scaler.pkl); no additional feature scaling
Spoofing,Latent-CW,wasserstein_per_feature,9,ece_flag_number,0.0,74291,100,ok,D:\thesis_final\outputs\latent_attacks\phase3_20260602_023958_seed42\phase3_latent_cw_Spoofing.npz,39-feature RobustScaler-transformed model space (data/processed/scaler.pkl); no additional feature scaling
Spoofing,Latent-CW,wasserstein_per_feature,10,cwr_flag_number,0.0,74291,100,ok,D:\thesis_final\outputs\latent_attacks\phase3_20260602_023958_seed42\phase3_latent_cw_Spoofing.npz,39-feature RobustScaler-transformed model space (data/processed/scaler.pkl); no additional feature scaling
Spoofing,Latent-CW,wasserstein_per_feature,11,ack_count,0.059688076840911715,74291,100,ok,D:\thesis_final\outputs\latent_attacks\phase3_20260602_023958_seed42\phase3_latent_cw_Spoofing.npz,39-feature RobustScaler-transformed model space (data/processed/scaler.pkl); no additional feature scaling
Spoofing,Latent-CW,wasserstein_per_feature,12,syn_count,0.06853266209904285,74291,100,ok,D:\thesis_final\outputs\latent_attacks\phase3_20260602_023958_seed42\phase3_latent_cw_Spoofing.npz,39-feature RobustScaler-transformed model space (data/processed/scaler.pkl); no additional feature scaling
Spoofing,Latent-CW,wasserstein_per_feature,13,fin_count,0.013278189821108843,74291,100,ok,D:\thesis_final\outputs\latent_attacks\phase3_20260602_023958_seed42\phase3_latent_cw_Spoofing.npz,39-feature RobustScaler-transformed model space (data/processed/scaler.pkl); no additional feature scaling
Spoofing,Latent-CW,wasserstein_per_feature,14,rst_count,0.017243003863186668,74291,100,ok,D:\thesis_final\outputs\latent_attacks\phase3_20260602_023958_seed42\phase3_latent_cw_Spoofing.npz,39-feature RobustScaler-transformed model space (data/processed/scaler.pkl); no additional feature scaling
Spoofing,Latent-CW,wasserstein_per_feature,15,HTTP,0.021301907364283612,74291,100,ok,D:\thesis_final\outputs\latent_attacks\phase3_20260602_023958_seed42\phase3_latent_cw_Spoofing.npz,39-feature RobustScaler-transformed model space (data/processed/scaler.pkl); no additional feature scaling
Spoofing,Latent-CW,wasserstein_per_feature,16,HTTPS,0.01650940221561159,74291,100,ok,D:\thesis_final\outputs\latent_attacks\phase3_20260602_023958_seed42\phase3_latent_cw_Spoofing.npz,39-feature RobustScaler-transformed model space (data/processed/scaler.pkl); no additional feature scaling
Spoofing,Latent-CW,wasserstein_per_feature,17,DNS,0.001507585037218484,74291,100,ok,D:\thesis_final\outputs\latent_attacks\phase3_20260602_023958_seed42\phase3_latent_cw_Spoofing.npz,39-feature RobustScaler-transformed model space (data/processed/scaler.pkl); no additional feature scaling
Spoofing,Latent-CW,wasserstein_per_feature,18,Telnet,0.0,74291,100,ok,D:\thesis_final\outputs\latent_attacks\phase3_20260602_023958_seed42\phase3_latent_cw_Spoofing.npz,39-feature RobustScaler-transformed model space (data/processed/scaler.pkl); no additional feature scaling
Spoofing,Latent-CW,wasserstein_per_feature,19,SMTP,0.0,74291,100,ok,D:\thesis_final\outputs\latent_attacks\phase3_20260602_023958_seed42\phase3_latent_cw_Spoofing.npz,39-feature RobustScaler-transformed model space (data/processed/scaler.pkl); no additional feature scaling
Spoofing,Latent-CW,wasserstein_per_feature,20,SSH,0.0,74291,100,ok,D:\thesis_final\outputs\latent_attacks\phase3_20260602_023958_seed42\phase3_latent_cw_Spoofing.npz,39-feature RobustScaler-transformed model space (data/processed/scaler.pkl); no additional feature scaling
Spoofing,Latent-CW,wasserstein_per_feature,21,IRC,0.0,74291,100,ok,D:\thesis_final\outputs\latent_attacks\phase3_20260602_023958_seed42\phase3_latent_cw_Spoofing.npz,39-feature RobustScaler-transformed model space (data/processed/scaler.pkl); no additional feature scaling
Spoofing,Latent-CW,wasserstein_per_feature,22,TCP,0.05399335047313941,74291,100,ok,D:\thesis_final\outputs\latent_attacks\phase3_20260602_023958_seed42\phase3_latent_cw_Spoofing.npz,39-feature RobustScaler-transformed model space (data/processed/scaler.pkl); no additional feature scaling
Spoofing,Latent-CW,wasserstein_per_feature,23,UDP,0.08575170612860239,74291,100,ok,D:\thesis_final\outputs\latent_attacks\phase3_20260602_023958_seed42\phase3_latent_cw_Spoofing.npz,39-feature RobustScaler-transformed model space (data/processed/scaler.pkl); no additional feature scaling
Spoofing,Latent-CW,wasserstein_per_feature,24,DHCP,0.0,74291,100,ok,D:\thesis_final\outputs\latent_attacks\phase3_20260602_023958_seed42\phase3_latent_cw_Spoofing.npz,39-feature RobustScaler-transformed model space (data/processed/scaler.pkl); no additional feature scaling
Spoofing,Latent-CW,wasserstein_per_feature,25,ARP,0.0023286804592750343,74291,100,ok,D:\thesis_final\outputs\latent_attacks\phase3_20260602_023958_seed42\phase3_latent_cw_Spoofing.npz,39-feature RobustScaler-transformed model space (data/processed/scaler.pkl); no additional feature scaling
Spoofing,Latent-CW,wasserstein_per_feature,26,ICMP,0.00012114522620509938,74291,100,ok,D:\thesis_final\outputs\latent_attacks\phase3_20260602_023958_seed42\phase3_latent_cw_Spoofing.npz,39-feature RobustScaler-transformed model space (data/processed/scaler.pkl); no additional feature scaling
Spoofing,Latent-CW,wasserstein_per_feature,27,IGMP,0.0,74291,100,ok,D:\thesis_final\outputs\latent_attacks\phase3_20260602_023958_seed42\phase3_latent_cw_Spoofing.npz,39-feature RobustScaler-transformed model space (data/processed/scaler.pkl); no additional feature scaling
Spoofing,Latent-CW,wasserstein_per_feature,28,IPv,0.0038766472385618716,74291,100,ok,D:\thesis_final\outputs\latent_attacks\phase3_20260602_023958_seed42\phase3_latent_cw_Spoofing.npz,39-feature RobustScaler-transformed model space (data/processed/scaler.pkl); no additional feature scaling
Spoofing,Latent-CW,wasserstein_per_feature,29,LLC,0.0038766472385618716,74291,100,ok,D:\thesis_final\outputs\latent_attacks\phase3_20260602_023958_seed42\phase3_latent_cw_Spoofing.npz,39-feature RobustScaler-transformed model space (data/processed/scaler.pkl); no additional feature scaling
Spoofing,Latent-CW,wasserstein_per_feature,30,Tot sum,0.021406198924076383,74291,100,ok,D:\thesis_final\outputs\latent_attacks\phase3_20260602_023958_seed42\phase3_latent_cw_Spoofing.npz,39-feature RobustScaler-transformed model space (data/processed/scaler.pkl); no additional feature scaling
Spoofing,Latent-CW,wasserstein_per_feature,31,Min,17.38983614993483,74291,100,ok,D:\thesis_final\outputs\latent_attacks\phase3_20260602_023958_seed42\phase3_latent_cw_Spoofing.npz,39-feature RobustScaler-transformed model space (data/processed/scaler.pkl); no additional feature scaling
Spoofing,Latent-CW,wasserstein_per_feature,32,Max,0.13772646993595572,74291,100,ok,D:\thesis_final\outputs\latent_attacks\phase3_20260602_023958_seed42\phase3_latent_cw_Spoofing.npz,39-feature RobustScaler-transformed model space (data/processed/scaler.pkl); no additional feature scaling
Spoofing,Latent-CW,wasserstein_per_feature,33,AVG,0.22846546663765271,74291,100,ok,D:\thesis_final\outputs\latent_attacks\phase3_20260602_023958_seed42\phase3_latent_cw_Spoofing.npz,39-feature RobustScaler-transformed model space (data/processed/scaler.pkl); no additional feature scaling
Spoofing,Latent-CW,wasserstein_per_feature,34,Std,0.26797626939970526,74291,100,ok,D:\thesis_final\outputs\latent_attacks\phase3_20260602_023958_seed42\phase3_latent_cw_Spoofing.npz,39-feature RobustScaler-transformed model space (data/processed/scaler.pkl); no additional feature scaling
Spoofing,Latent-CW,wasserstein_per_feature,35,Tot size,0.22846546663765271,74291,100,ok,D:\thesis_final\outputs\latent_attacks\phase3_20260602_023958_seed42\phase3_latent_cw_Spoofing.npz,39-feature RobustScaler-transformed model space (data/processed/scaler.pkl); no additional feature scaling
Spoofing,Latent-CW,wasserstein_per_feature,36,IAT,1.561949399740264,74291,100,ok,D:\thesis_final\outputs\latent_attacks\phase3_20260602_023958_seed42\phase3_latent_cw_Spoofing.npz,39-feature RobustScaler-transformed model space (data/processed/scaler.pkl); no additional feature scaling
Spoofing,Latent-CW,wasserstein_per_feature,37,Number,2.093868303368912e-05,74291,100,ok,D:\thesis_final\outputs\latent_attacks\phase3_20260602_023958_seed42\phase3_latent_cw_Spoofing.npz,39-feature RobustScaler-transformed model space (data/processed/scaler.pkl); no additional feature scaling
Spoofing,Latent-CW,wasserstein_per_feature,38,Variance,1.6603551818187354,74291,100,ok,D:\thesis_final\outputs\latent_attacks\phase3_20260602_023958_seed42\phase3_latent_cw_Spoofing.npz,39-feature RobustScaler-transformed model space (data/processed/scaler.pkl); no additional feature scaling
Spoofing,cInput CPGD,wasserstein_per_feature,0,Header_Length,N/A,N/A,N/A,# TODO: canonical cInput run has outcomes but no full 39-feature adversarial vectors; the eight-sample exhibit is not used,D:\thesis_final\outputs\latent_attacks\constrained_input_baselines_20260602_032651_seed42,39-feature RobustScaler-transformed model space (data/processed/scaler.pkl); no additional feature scaling
Spoofing,cInput CPGD,wasserstein_per_feature,1,Protocol Type,N/A,N/A,N/A,# TODO: canonical cInput run has outcomes but no full 39-feature adversarial vectors; the eight-sample exhibit is not used,D:\thesis_final\outputs\latent_attacks\constrained_input_baselines_20260602_032651_seed42,39-feature RobustScaler-transformed model space (data/processed/scaler.pkl); no additional feature scaling
Spoofing,cInput CPGD,wasserstein_per_feature,2,Time_To_Live,N/A,N/A,N/A,# TODO: canonical cInput run has outcomes but no full 39-feature adversarial vectors; the eight-sample exhibit is not used,D:\thesis_final\outputs\latent_attacks\constrained_input_baselines_20260602_032651_seed42,39-feature RobustScaler-transformed model space (data/processed/scaler.pkl); no additional feature scaling
Spoofing,cInput CPGD,wasserstein_per_feature,3,Rate,N/A,N/A,N/A,# TODO: canonical cInput run has outcomes but no full 39-feature adversarial vectors; the eight-sample exhibit is not used,D:\thesis_final\outputs\latent_attacks\constrained_input_baselines_20260602_032651_seed42,39-feature RobustScaler-transformed model space (data/processed/scaler.pkl); no additional feature scaling
Spoofing,cInput CPGD,wasserstein_per_feature,4,fin_flag_number,N/A,N/A,N/A,# TODO: canonical cInput run has outcomes but no full 39-feature adversarial vectors; the eight-sample exhibit is not used,D:\thesis_final\outputs\latent_attacks\constrained_input_baselines_20260602_032651_seed42,39-feature RobustScaler-transformed model space (data/processed/scaler.pkl); no additional feature scaling
Spoofing,cInput CPGD,wasserstein_per_feature,5,syn_flag_number,N/A,N/A,N/A,# TODO: canonical cInput run has outcomes but no full 39-feature adversarial vectors; the eight-sample exhibit is not used,D:\thesis_final\outputs\latent_attacks\constrained_input_baselines_20260602_032651_seed42,39-feature RobustScaler-transformed model space (data/processed/scaler.pkl); no additional feature scaling
Spoofing,cInput CPGD,wasserstein_per_feature,6,rst_flag_number,N/A,N/A,N/A,# TODO: canonical cInput run has outcomes but no full 39-feature adversarial vectors; the eight-sample exhibit is not used,D:\thesis_final\outputs\latent_attacks\constrained_input_baselines_20260602_032651_seed42,39-feature RobustScaler-transformed model space (data/processed/scaler.pkl); no additional feature scaling
Spoofing,cInput CPGD,wasserstein_per_feature,7,psh_flag_number,N/A,N/A,N/A,# TODO: canonical cInput run has outcomes but no full 39-feature adversarial vectors; the eight-sample exhibit is not used,D:\thesis_final\outputs\latent_attacks\constrained_input_baselines_20260602_032651_seed42,39-feature RobustScaler-transformed model space (data/processed/scaler.pkl); no additional feature scaling
Spoofing,cInput CPGD,wasserstein_per_feature,8,ack_flag_number,N/A,N/A,N/A,# TODO: canonical cInput run has outcomes but no full 39-feature adversarial vectors; the eight-sample exhibit is not used,D:\thesis_final\outputs\latent_attacks\constrained_input_baselines_20260602_032651_seed42,39-feature RobustScaler-transformed model space (data/processed/scaler.pkl); no additional feature scaling
Spoofing,cInput CPGD,wasserstein_per_feature,9,ece_flag_number,N/A,N/A,N/A,# TODO: canonical cInput run has outcomes but no full 39-feature adversarial vectors; the eight-sample exhibit is not used,D:\thesis_final\outputs\latent_attacks\constrained_input_baselines_20260602_032651_seed42,39-feature RobustScaler-transformed model space (data/processed/scaler.pkl); no additional feature scaling
Spoofing,cInput CPGD,wasserstein_per_feature,10,cwr_flag_number,N/A,N/A,N/A,# TODO: canonical cInput run has outcomes but no full 39-feature adversarial vectors; the eight-sample exhibit is not used,D:\thesis_final\outputs\latent_attacks\constrained_input_baselines_20260602_032651_seed42,39-feature RobustScaler-transformed model space (data/processed/scaler.pkl); no additional feature scaling
Spoofing,cInput CPGD,wasserstein_per_feature,11,ack_count,N/A,N/A,N/A,# TODO: canonical cInput run has outcomes but no full 39-feature adversarial vectors; the eight-sample exhibit is not used,D:\thesis_final\outputs\latent_attacks\constrained_input_baselines_20260602_032651_seed42,39-feature RobustScaler-transformed model space (data/processed/scaler.pkl); no additional feature scaling
Spoofing,cInput CPGD,wasserstein_per_feature,12,syn_count,N/A,N/A,N/A,# TODO: canonical cInput run has outcomes but no full 39-feature adversarial vectors; the eight-sample exhibit is not used,D:\thesis_final\outputs\latent_attacks\constrained_input_baselines_20260602_032651_seed42,39-feature RobustScaler-transformed model space (data/processed/scaler.pkl); no additional feature scaling
Spoofing,cInput CPGD,wasserstein_per_feature,13,fin_count,N/A,N/A,N/A,# TODO: canonical cInput run has outcomes but no full 39-feature adversarial vectors; the eight-sample exhibit is not used,D:\thesis_final\outputs\latent_attacks\constrained_input_baselines_20260602_032651_seed42,39-feature RobustScaler-transformed model space (data/processed/scaler.pkl); no additional feature scaling
Spoofing,cInput CPGD,wasserstein_per_feature,14,rst_count,N/A,N/A,N/A,# TODO: canonical cInput run has outcomes but no full 39-feature adversarial vectors; the eight-sample exhibit is not used,D:\thesis_final\outputs\latent_attacks\constrained_input_baselines_20260602_032651_seed42,39-feature RobustScaler-transformed model space (data/processed/scaler.pkl); no additional feature scaling
Spoofing,cInput CPGD,wasserstein_per_feature,15,HTTP,N/A,N/A,N/A,# TODO: canonical cInput run has outcomes but no full 39-feature adversarial vectors; the eight-sample exhibit is not used,D:\thesis_final\outputs\latent_attacks\constrained_input_baselines_20260602_032651_seed42,39-feature RobustScaler-transformed model space (data/processed/scaler.pkl); no additional feature scaling
Spoofing,cInput CPGD,wasserstein_per_feature,16,HTTPS,N/A,N/A,N/A,# TODO: canonical cInput run has outcomes but no full 39-feature adversarial vectors; the eight-sample exhibit is not used,D:\thesis_final\outputs\latent_attacks\constrained_input_baselines_20260602_032651_seed42,39-feature RobustScaler-transformed model space (data/processed/scaler.pkl); no additional feature scaling
Spoofing,cInput CPGD,wasserstein_per_feature,17,DNS,N/A,N/A,N/A,# TODO: canonical cInput run has outcomes but no full 39-feature adversarial vectors; the eight-sample exhibit is not used,D:\thesis_final\outputs\latent_attacks\constrained_input_baselines_20260602_032651_seed42,39-feature RobustScaler-transformed model space (data/processed/scaler.pkl); no additional feature scaling
Spoofing,cInput CPGD,wasserstein_per_feature,18,Telnet,N/A,N/A,N/A,# TODO: canonical cInput run has outcomes but no full 39-feature adversarial vectors; the eight-sample exhibit is not used,D:\thesis_final\outputs\latent_attacks\constrained_input_baselines_20260602_032651_seed42,39-feature RobustScaler-transformed model space (data/processed/scaler.pkl); no additional feature scaling
Spoofing,cInput CPGD,wasserstein_per_feature,19,SMTP,N/A,N/A,N/A,# TODO: canonical cInput run has outcomes but no full 39-feature adversarial vectors; the eight-sample exhibit is not used,D:\thesis_final\outputs\latent_attacks\constrained_input_baselines_20260602_032651_seed42,39-feature RobustScaler-transformed model space (data/processed/scaler.pkl); no additional feature scaling
Spoofing,cInput CPGD,wasserstein_per_feature,20,SSH,N/A,N/A,N/A,# TODO: canonical cInput run has outcomes but no full 39-feature adversarial vectors; the eight-sample exhibit is not used,D:\thesis_final\outputs\latent_attacks\constrained_input_baselines_20260602_032651_seed42,39-feature RobustScaler-transformed model space (data/processed/scaler.pkl); no additional feature scaling
Spoofing,cInput CPGD,wasserstein_per_feature,21,IRC,N/A,N/A,N/A,# TODO: canonical cInput run has outcomes but no full 39-feature adversarial vectors; the eight-sample exhibit is not used,D:\thesis_final\outputs\latent_attacks\constrained_input_baselines_20260602_032651_seed42,39-feature RobustScaler-transformed model space (data/processed/scaler.pkl); no additional feature scaling
Spoofing,cInput CPGD,wasserstein_per_feature,22,TCP,N/A,N/A,N/A,# TODO: canonical cInput run has outcomes but no full 39-feature adversarial vectors; the eight-sample exhibit is not used,D:\thesis_final\outputs\latent_attacks\constrained_input_baselines_20260602_032651_seed42,39-feature RobustScaler-transformed model space (data/processed/scaler.pkl); no additional feature scaling
Spoofing,cInput CPGD,wasserstein_per_feature,23,UDP,N/A,N/A,N/A,# TODO: canonical cInput run has outcomes but no full 39-feature adversarial vectors; the eight-sample exhibit is not used,D:\thesis_final\outputs\latent_attacks\constrained_input_baselines_20260602_032651_seed42,39-feature RobustScaler-transformed model space (data/processed/scaler.pkl); no additional feature scaling
Spoofing,cInput CPGD,wasserstein_per_feature,24,DHCP,N/A,N/A,N/A,# TODO: canonical cInput run has outcomes but no full 39-feature adversarial vectors; the eight-sample exhibit is not used,D:\thesis_final\outputs\latent_attacks\constrained_input_baselines_20260602_032651_seed42,39-feature RobustScaler-transformed model space (data/processed/scaler.pkl); no additional feature scaling
Spoofing,cInput CPGD,wasserstein_per_feature,25,ARP,N/A,N/A,N/A,# TODO: canonical cInput run has outcomes but no full 39-feature adversarial vectors; the eight-sample exhibit is not used,D:\thesis_final\outputs\latent_attacks\constrained_input_baselines_20260602_032651_seed42,39-feature RobustScaler-transformed model space (data/processed/scaler.pkl); no additional feature scaling
Spoofing,cInput CPGD,wasserstein_per_feature,26,ICMP,N/A,N/A,N/A,# TODO: canonical cInput run has outcomes but no full 39-feature adversarial vectors; the eight-sample exhibit is not used,D:\thesis_final\outputs\latent_attacks\constrained_input_baselines_20260602_032651_seed42,39-feature RobustScaler-transformed model space (data/processed/scaler.pkl); no additional feature scaling
Spoofing,cInput CPGD,wasserstein_per_feature,27,IGMP,N/A,N/A,N/A,# TODO: canonical cInput run has outcomes but no full 39-feature adversarial vectors; the eight-sample exhibit is not used,D:\thesis_final\outputs\latent_attacks\constrained_input_baselines_20260602_032651_seed42,39-feature RobustScaler-transformed model space (data/processed/scaler.pkl); no additional feature scaling
Spoofing,cInput CPGD,wasserstein_per_feature,28,IPv,N/A,N/A,N/A,# TODO: canonical cInput run has outcomes but no full 39-feature adversarial vectors; the eight-sample exhibit is not used,D:\thesis_final\outputs\latent_attacks\constrained_input_baselines_20260602_032651_seed42,39-feature RobustScaler-transformed model space (data/processed/scaler.pkl); no additional feature scaling
Spoofing,cInput CPGD,wasserstein_per_feature,29,LLC,N/A,N/A,N/A,# TODO: canonical cInput run has outcomes but no full 39-feature adversarial vectors; the eight-sample exhibit is not used,D:\thesis_final\outputs\latent_attacks\constrained_input_baselines_20260602_032651_seed42,39-feature RobustScaler-transformed model space (data/processed/scaler.pkl); no additional feature scaling
Spoofing,cInput CPGD,wasserstein_per_feature,30,Tot sum,N/A,N/A,N/A,# TODO: canonical cInput run has outcomes but no full 39-feature adversarial vectors; the eight-sample exhibit is not used,D:\thesis_final\outputs\latent_attacks\constrained_input_baselines_20260602_032651_seed42,39-feature RobustScaler-transformed model space (data/processed/scaler.pkl); no additional feature scaling
Spoofing,cInput CPGD,wasserstein_per_feature,31,Min,N/A,N/A,N/A,# TODO: canonical cInput run has outcomes but no full 39-feature adversarial vectors; the eight-sample exhibit is not used,D:\thesis_final\outputs\latent_attacks\constrained_input_baselines_20260602_032651_seed42,39-feature RobustScaler-transformed model space (data/processed/scaler.pkl); no additional feature scaling
Spoofing,cInput CPGD,wasserstein_per_feature,32,Max,N/A,N/A,N/A,# TODO: canonical cInput run has outcomes but no full 39-feature adversarial vectors; the eight-sample exhibit is not used,D:\thesis_final\outputs\latent_attacks\constrained_input_baselines_20260602_032651_seed42,39-feature RobustScaler-transformed model space (data/processed/scaler.pkl); no additional feature scaling
Spoofing,cInput CPGD,wasserstein_per_feature,33,AVG,N/A,N/A,N/A,# TODO: canonical cInput run has outcomes but no full 39-feature adversarial vectors; the eight-sample exhibit is not used,D:\thesis_final\outputs\latent_attacks\constrained_input_baselines_20260602_032651_seed42,39-feature RobustScaler-transformed model space (data/processed/scaler.pkl); no additional feature scaling
Spoofing,cInput CPGD,wasserstein_per_feature,34,Std,N/A,N/A,N/A,# TODO: canonical cInput run has outcomes but no full 39-feature adversarial vectors; the eight-sample exhibit is not used,D:\thesis_final\outputs\latent_attacks\constrained_input_baselines_20260602_032651_seed42,39-feature RobustScaler-transformed model space (data/processed/scaler.pkl); no additional feature scaling
Spoofing,cInput CPGD,wasserstein_per_feature,35,Tot size,N/A,N/A,N/A,# TODO: canonical cInput run has outcomes but no full 39-feature adversarial vectors; the eight-sample exhibit is not used,D:\thesis_final\outputs\latent_attacks\constrained_input_baselines_20260602_032651_seed42,39-feature RobustScaler-transformed model space (data/processed/scaler.pkl); no additional feature scaling
Spoofing,cInput CPGD,wasserstein_per_feature,36,IAT,N/A,N/A,N/A,# TODO: canonical cInput run has outcomes but no full 39-feature adversarial vectors; the eight-sample exhibit is not used,D:\thesis_final\outputs\latent_attacks\constrained_input_baselines_20260602_032651_seed42,39-feature RobustScaler-transformed model space (data/processed/scaler.pkl); no additional feature scaling
Spoofing,cInput CPGD,wasserstein_per_feature,37,Number,N/A,N/A,N/A,# TODO: canonical cInput run has outcomes but no full 39-feature adversarial vectors; the eight-sample exhibit is not used,D:\thesis_final\outputs\latent_attacks\constrained_input_baselines_20260602_032651_seed42,39-feature RobustScaler-transformed model space (data/processed/scaler.pkl); no additional feature scaling
Spoofing,cInput CPGD,wasserstein_per_feature,38,Variance,N/A,N/A,N/A,# TODO: canonical cInput run has outcomes but no full 39-feature adversarial vectors; the eight-sample exhibit is not used,D:\thesis_final\outputs\latent_attacks\constrained_input_baselines_20260602_032651_seed42,39-feature RobustScaler-transformed model space (data/processed/scaler.pkl); no additional feature scaling
Spoofing,cInput CCW,wasserstein_per_feature,0,Header_Length,N/A,N/A,N/A,# TODO: canonical cInput run has outcomes but no full 39-feature adversarial vectors; the eight-sample exhibit is not used,D:\thesis_final\outputs\latent_attacks\constrained_input_baselines_20260602_032651_seed42,39-feature RobustScaler-transformed model space (data/processed/scaler.pkl); no additional feature scaling
Spoofing,cInput CCW,wasserstein_per_feature,1,Protocol Type,N/A,N/A,N/A,# TODO: canonical cInput run has outcomes but no full 39-feature adversarial vectors; the eight-sample exhibit is not used,D:\thesis_final\outputs\latent_attacks\constrained_input_baselines_20260602_032651_seed42,39-feature RobustScaler-transformed model space (data/processed/scaler.pkl); no additional feature scaling
Spoofing,cInput CCW,wasserstein_per_feature,2,Time_To_Live,N/A,N/A,N/A,# TODO: canonical cInput run has outcomes but no full 39-feature adversarial vectors; the eight-sample exhibit is not used,D:\thesis_final\outputs\latent_attacks\constrained_input_baselines_20260602_032651_seed42,39-feature RobustScaler-transformed model space (data/processed/scaler.pkl); no additional feature scaling
Spoofing,cInput CCW,wasserstein_per_feature,3,Rate,N/A,N/A,N/A,# TODO: canonical cInput run has outcomes but no full 39-feature adversarial vectors; the eight-sample exhibit is not used,D:\thesis_final\outputs\latent_attacks\constrained_input_baselines_20260602_032651_seed42,39-feature RobustScaler-transformed model space (data/processed/scaler.pkl); no additional feature scaling
Spoofing,cInput CCW,wasserstein_per_feature,4,fin_flag_number,N/A,N/A,N/A,# TODO: canonical cInput run has outcomes but no full 39-feature adversarial vectors; the eight-sample exhibit is not used,D:\thesis_final\outputs\latent_attacks\constrained_input_baselines_20260602_032651_seed42,39-feature RobustScaler-transformed model space (data/processed/scaler.pkl); no additional feature scaling
Spoofing,cInput CCW,wasserstein_per_feature,5,syn_flag_number,N/A,N/A,N/A,# TODO: canonical cInput run has outcomes but no full 39-feature adversarial vectors; the eight-sample exhibit is not used,D:\thesis_final\outputs\latent_attacks\constrained_input_baselines_20260602_032651_seed42,39-feature RobustScaler-transformed model space (data/processed/scaler.pkl); no additional feature scaling
Spoofing,cInput CCW,wasserstein_per_feature,6,rst_flag_number,N/A,N/A,N/A,# TODO: canonical cInput run has outcomes but no full 39-feature adversarial vectors; the eight-sample exhibit is not used,D:\thesis_final\outputs\latent_attacks\constrained_input_baselines_20260602_032651_seed42,39-feature RobustScaler-transformed model space (data/processed/scaler.pkl); no additional feature scaling
Spoofing,cInput CCW,wasserstein_per_feature,7,psh_flag_number,N/A,N/A,N/A,# TODO: canonical cInput run has outcomes but no full 39-feature adversarial vectors; the eight-sample exhibit is not used,D:\thesis_final\outputs\latent_attacks\constrained_input_baselines_20260602_032651_seed42,39-feature RobustScaler-transformed model space (data/processed/scaler.pkl); no additional feature scaling
Spoofing,cInput CCW,wasserstein_per_feature,8,ack_flag_number,N/A,N/A,N/A,# TODO: canonical cInput run has outcomes but no full 39-feature adversarial vectors; the eight-sample exhibit is not used,D:\thesis_final\outputs\latent_attacks\constrained_input_baselines_20260602_032651_seed42,39-feature RobustScaler-transformed model space (data/processed/scaler.pkl); no additional feature scaling
Spoofing,cInput CCW,wasserstein_per_feature,9,ece_flag_number,N/A,N/A,N/A,# TODO: canonical cInput run has outcomes but no full 39-feature adversarial vectors; the eight-sample exhibit is not used,D:\thesis_final\outputs\latent_attacks\constrained_input_baselines_20260602_032651_seed42,39-feature RobustScaler-transformed model space (data/processed/scaler.pkl); no additional feature scaling
Spoofing,cInput CCW,wasserstein_per_feature,10,cwr_flag_number,N/A,N/A,N/A,# TODO: canonical cInput run has outcomes but no full 39-feature adversarial vectors; the eight-sample exhibit is not used,D:\thesis_final\outputs\latent_attacks\constrained_input_baselines_20260602_032651_seed42,39-feature RobustScaler-transformed model space (data/processed/scaler.pkl); no additional feature scaling
Spoofing,cInput CCW,wasserstein_per_feature,11,ack_count,N/A,N/A,N/A,# TODO: canonical cInput run has outcomes but no full 39-feature adversarial vectors; the eight-sample exhibit is not used,D:\thesis_final\outputs\latent_attacks\constrained_input_baselines_20260602_032651_seed42,39-feature RobustScaler-transformed model space (data/processed/scaler.pkl); no additional feature scaling
Spoofing,cInput CCW,wasserstein_per_feature,12,syn_count,N/A,N/A,N/A,# TODO: canonical cInput run has outcomes but no full 39-feature adversarial vectors; the eight-sample exhibit is not used,D:\thesis_final\outputs\latent_attacks\constrained_input_baselines_20260602_032651_seed42,39-feature RobustScaler-transformed model space (data/processed/scaler.pkl); no additional feature scaling
Spoofing,cInput CCW,wasserstein_per_feature,13,fin_count,N/A,N/A,N/A,# TODO: canonical cInput run has outcomes but no full 39-feature adversarial vectors; the eight-sample exhibit is not used,D:\thesis_final\outputs\latent_attacks\constrained_input_baselines_20260602_032651_seed42,39-feature RobustScaler-transformed model space (data/processed/scaler.pkl); no additional feature scaling
Spoofing,cInput CCW,wasserstein_per_feature,14,rst_count,N/A,N/A,N/A,# TODO: canonical cInput run has outcomes but no full 39-feature adversarial vectors; the eight-sample exhibit is not used,D:\thesis_final\outputs\latent_attacks\constrained_input_baselines_20260602_032651_seed42,39-feature RobustScaler-transformed model space (data/processed/scaler.pkl); no additional feature scaling
Spoofing,cInput CCW,wasserstein_per_feature,15,HTTP,N/A,N/A,N/A,# TODO: canonical cInput run has outcomes but no full 39-feature adversarial vectors; the eight-sample exhibit is not used,D:\thesis_final\outputs\latent_attacks\constrained_input_baselines_20260602_032651_seed42,39-feature RobustScaler-transformed model space (data/processed/scaler.pkl); no additional feature scaling
Spoofing,cInput CCW,wasserstein_per_feature,16,HTTPS,N/A,N/A,N/A,# TODO: canonical cInput run has outcomes but no full 39-feature adversarial vectors; the eight-sample exhibit is not used,D:\thesis_final\outputs\latent_attacks\constrained_input_baselines_20260602_032651_seed42,39-feature RobustScaler-transformed model space (data/processed/scaler.pkl); no additional feature scaling
Spoofing,cInput CCW,wasserstein_per_feature,17,DNS,N/A,N/A,N/A,# TODO: canonical cInput run has outcomes but no full 39-feature adversarial vectors; the eight-sample exhibit is not used,D:\thesis_final\outputs\latent_attacks\constrained_input_baselines_20260602_032651_seed42,39-feature RobustScaler-transformed model space (data/processed/scaler.pkl); no additional feature scaling
Spoofing,cInput CCW,wasserstein_per_feature,18,Telnet,N/A,N/A,N/A,# TODO: canonical cInput run has outcomes but no full 39-feature adversarial vectors; the eight-sample exhibit is not used,D:\thesis_final\outputs\latent_attacks\constrained_input_baselines_20260602_032651_seed42,39-feature RobustScaler-transformed model space (data/processed/scaler.pkl); no additional feature scaling
Spoofing,cInput CCW,wasserstein_per_feature,19,SMTP,N/A,N/A,N/A,# TODO: canonical cInput run has outcomes but no full 39-feature adversarial vectors; the eight-sample exhibit is not used,D:\thesis_final\outputs\latent_attacks\constrained_input_baselines_20260602_032651_seed42,39-feature RobustScaler-transformed model space (data/processed/scaler.pkl); no additional feature scaling
Spoofing,cInput CCW,wasserstein_per_feature,20,SSH,N/A,N/A,N/A,# TODO: canonical cInput run has outcomes but no full 39-feature adversarial vectors; the eight-sample exhibit is not used,D:\thesis_final\outputs\latent_attacks\constrained_input_baselines_20260602_032651_seed42,39-feature RobustScaler-transformed model space (data/processed/scaler.pkl); no additional feature scaling
Spoofing,cInput CCW,wasserstein_per_feature,21,IRC,N/A,N/A,N/A,# TODO: canonical cInput run has outcomes but no full 39-feature adversarial vectors; the eight-sample exhibit is not used,D:\thesis_final\outputs\latent_attacks\constrained_input_baselines_20260602_032651_seed42,39-feature RobustScaler-transformed model space (data/processed/scaler.pkl); no additional feature scaling
Spoofing,cInput CCW,wasserstein_per_feature,22,TCP,N/A,N/A,N/A,# TODO: canonical cInput run has outcomes but no full 39-feature adversarial vectors; the eight-sample exhibit is not used,D:\thesis_final\outputs\latent_attacks\constrained_input_baselines_20260602_032651_seed42,39-feature RobustScaler-transformed model space (data/processed/scaler.pkl); no additional feature scaling
Spoofing,cInput CCW,wasserstein_per_feature,23,UDP,N/A,N/A,N/A,# TODO: canonical cInput run has outcomes but no full 39-feature adversarial vectors; the eight-sample exhibit is not used,D:\thesis_final\outputs\latent_attacks\constrained_input_baselines_20260602_032651_seed42,39-feature RobustScaler-transformed model space (data/processed/scaler.pkl); no additional feature scaling
Spoofing,cInput CCW,wasserstein_per_feature,24,DHCP,N/A,N/A,N/A,# TODO: canonical cInput run has outcomes but no full 39-feature adversarial vectors; the eight-sample exhibit is not used,D:\thesis_final\outputs\latent_attacks\constrained_input_baselines_20260602_032651_seed42,39-feature RobustScaler-transformed model space (data/processed/scaler.pkl); no additional feature scaling
Spoofing,cInput CCW,wasserstein_per_feature,25,ARP,N/A,N/A,N/A,# TODO: canonical cInput run has outcomes but no full 39-feature adversarial vectors; the eight-sample exhibit is not used,D:\thesis_final\outputs\latent_attacks\constrained_input_baselines_20260602_032651_seed42,39-feature RobustScaler-transformed model space (data/processed/scaler.pkl); no additional feature scaling
Spoofing,cInput CCW,wasserstein_per_feature,26,ICMP,N/A,N/A,N/A,# TODO: canonical cInput run has outcomes but no full 39-feature adversarial vectors; the eight-sample exhibit is not used,D:\thesis_final\outputs\latent_attacks\constrained_input_baselines_20260602_032651_seed42,39-feature RobustScaler-transformed model space (data/processed/scaler.pkl); no additional feature scaling
Spoofing,cInput CCW,wasserstein_per_feature,27,IGMP,N/A,N/A,N/A,# TODO: canonical cInput run has outcomes but no full 39-feature adversarial vectors; the eight-sample exhibit is not used,D:\thesis_final\outputs\latent_attacks\constrained_input_baselines_20260602_032651_seed42,39-feature RobustScaler-transformed model space (data/processed/scaler.pkl); no additional feature scaling
Spoofing,cInput CCW,wasserstein_per_feature,28,IPv,N/A,N/A,N/A,# TODO: canonical cInput run has outcomes but no full 39-feature adversarial vectors; the eight-sample exhibit is not used,D:\thesis_final\outputs\latent_attacks\constrained_input_baselines_20260602_032651_seed42,39-feature RobustScaler-transformed model space (data/processed/scaler.pkl); no additional feature scaling
Spoofing,cInput CCW,wasserstein_per_feature,29,LLC,N/A,N/A,N/A,# TODO: canonical cInput run has outcomes but no full 39-feature adversarial vectors; the eight-sample exhibit is not used,D:\thesis_final\outputs\latent_attacks\constrained_input_baselines_20260602_032651_seed42,39-feature RobustScaler-transformed model space (data/processed/scaler.pkl); no additional feature scaling
Spoofing,cInput CCW,wasserstein_per_feature,30,Tot sum,N/A,N/A,N/A,# TODO: canonical cInput run has outcomes but no full 39-feature adversarial vectors; the eight-sample exhibit is not used,D:\thesis_final\outputs\latent_attacks\constrained_input_baselines_20260602_032651_seed42,39-feature RobustScaler-transformed model space (data/processed/scaler.pkl); no additional feature scaling
Spoofing,cInput CCW,wasserstein_per_feature,31,Min,N/A,N/A,N/A,# TODO: canonical cInput run has outcomes but no full 39-feature adversarial vectors; the eight-sample exhibit is not used,D:\thesis_final\outputs\latent_attacks\constrained_input_baselines_20260602_032651_seed42,39-feature RobustScaler-transformed model space (data/processed/scaler.pkl); no additional feature scaling
Spoofing,cInput CCW,wasserstein_per_feature,32,Max,N/A,N/A,N/A,# TODO: canonical cInput run has outcomes but no full 39-feature adversarial vectors; the eight-sample exhibit is not used,D:\thesis_final\outputs\latent_attacks\constrained_input_baselines_20260602_032651_seed42,39-feature RobustScaler-transformed model space (data/processed/scaler.pkl); no additional feature scaling
Spoofing,cInput CCW,wasserstein_per_feature,33,AVG,N/A,N/A,N/A,# TODO: canonical cInput run has outcomes but no full 39-feature adversarial vectors; the eight-sample exhibit is not used,D:\thesis_final\outputs\latent_attacks\constrained_input_baselines_20260602_032651_seed42,39-feature RobustScaler-transformed model space (data/processed/scaler.pkl); no additional feature scaling
Spoofing,cInput CCW,wasserstein_per_feature,34,Std,N/A,N/A,N/A,# TODO: canonical cInput run has outcomes but no full 39-feature adversarial vectors; the eight-sample exhibit is not used,D:\thesis_final\outputs\latent_attacks\constrained_input_baselines_20260602_032651_seed42,39-feature RobustScaler-transformed model space (data/processed/scaler.pkl); no additional feature scaling
Spoofing,cInput CCW,wasserstein_per_feature,35,Tot size,N/A,N/A,N/A,# TODO: canonical cInput run has outcomes but no full 39-feature adversarial vectors; the eight-sample exhibit is not used,D:\thesis_final\outputs\latent_attacks\constrained_input_baselines_20260602_032651_seed42,39-feature RobustScaler-transformed model space (data/processed/scaler.pkl); no additional feature scaling
Spoofing,cInput CCW,wasserstein_per_feature,36,IAT,N/A,N/A,N/A,# TODO: canonical cInput run has outcomes but no full 39-feature adversarial vectors; the eight-sample exhibit is not used,D:\thesis_final\outputs\latent_attacks\constrained_input_baselines_20260602_032651_seed42,39-feature RobustScaler-transformed model space (data/processed/scaler.pkl); no additional feature scaling
Spoofing,cInput CCW,wasserstein_per_feature,37,Number,N/A,N/A,N/A,# TODO: canonical cInput run has outcomes but no full 39-feature adversarial vectors; the eight-sample exhibit is not used,D:\thesis_final\outputs\latent_attacks\constrained_input_baselines_20260602_032651_seed42,39-feature RobustScaler-transformed model space (data/processed/scaler.pkl); no additional feature scaling
Spoofing,cInput CCW,wasserstein_per_feature,38,Variance,N/A,N/A,N/A,# TODO: canonical cInput run has outcomes but no full 39-feature adversarial vectors; the eight-sample exhibit is not used,D:\thesis_final\outputs\latent_attacks\constrained_input_baselines_20260602_032651_seed42,39-feature RobustScaler-transformed model space (data/processed/scaler.pkl); no additional feature scaling
