sample_key,run_label,vae_run_tag,model,model_tag,attack,rank_in_combo,sample_id,source_class,true_label,pred_before,pred_after,target_class,target_success,protocol_valid,mask_valid,raw_g1g8_valid,joint_valid,selected_restart,input_l2_scaled,latent_l2,top_feature_changes,feature_index,feature,original_raw,adversarial_raw,delta_raw,original_scaled,adversarial_scaled,delta_scaled
gaussian|dualpath|targeted_benign|1|1077,gaussian,gaussian_anticollapse_beta05_freebits01_20260529_173512,DualPath,dualpath,targeted-benign-latent-pgd,1,1077,Spoofing,Spoofing,Spoofing,Benign,Benign,True,True,True,True,True,0,1.3795643770630581,1.9467922421189812,`IAT` 0.00096856; `Min` -4.20552; `Variance` 14813.9; `Header_Length` -3.37359; `AVG` 115.003,0,Header_Length,31.99999930356512,28.62640700538327,-3.3735922981818476,1.003311276435852,0.7240403890609741,-0.27927088737487793
gaussian|dualpath|targeted_benign|1|1077,gaussian,gaussian_anticollapse_beta05_freebits01_20260529_173512,DualPath,dualpath,targeted-benign-latent-pgd,1,1077,Spoofing,Spoofing,Spoofing,Benign,Benign,True,True,True,True,True,0,1.3795643770630581,1.9467922421189812,`IAT` 0.00096856; `Min` -4.20552; `Variance` 14813.9; `Header_Length` -3.37359; `AVG` 115.003,1,Protocol Type,6.0,6.0,0.0,0.0,0.0,0.0
gaussian|dualpath|targeted_benign|1|1077,gaussian,gaussian_anticollapse_beta05_freebits01_20260529_173512,DualPath,dualpath,targeted-benign-latent-pgd,1,1077,Spoofing,Spoofing,Spoofing,Benign,Benign,True,True,True,True,True,0,1.3795643770630581,1.9467922421189812,`IAT` 0.00096856; `Min` -4.20552; `Variance` 14813.9; `Header_Length` -3.37359; `AVG` 115.003,2,Time_To_Live,60.7999991824654,60.7999991824654,0.0,-1.6753898859024048,-1.6753898859024048,0.0
gaussian|dualpath|targeted_benign|1|1077,gaussian,gaussian_anticollapse_beta05_freebits01_20260529_173512,DualPath,dualpath,targeted-benign-latent-pgd,1,1077,Spoofing,Spoofing,Spoofing,Benign,Benign,True,True,True,True,True,0,1.3795643770630581,1.9467922421189812,`IAT` 0.00096856; `Min` -4.20552; `Variance` 14813.9; `Header_Length` -3.37359; `AVG` 115.003,3,Rate,1373.0659936749298,640.5865088498767,-732.4794848250531,-0.20755596458911896,-0.23714883625507355,-0.02959287166595459
gaussian|dualpath|targeted_benign|1|1077,gaussian,gaussian_anticollapse_beta05_freebits01_20260529_173512,DualPath,dualpath,targeted-benign-latent-pgd,1,1077,Spoofing,Spoofing,Spoofing,Benign,Benign,True,True,True,True,True,0,1.3795643770630581,1.9467922421189812,`IAT` 0.00096856; `Min` -4.20552; `Variance` 14813.9; `Header_Length` -3.37359; `AVG` 115.003,4,fin_flag_number,0.0,0.0,0.0,0.0,0.0,0.0
gaussian|dualpath|targeted_benign|1|1077,gaussian,gaussian_anticollapse_beta05_freebits01_20260529_173512,DualPath,dualpath,targeted-benign-latent-pgd,1,1077,Spoofing,Spoofing,Spoofing,Benign,Benign,True,True,True,True,True,0,1.3795643770630581,1.9467922421189812,`IAT` 0.00096856; `Min` -4.20552; `Variance` 14813.9; `Header_Length` -3.37359; `AVG` 115.003,5,syn_flag_number,0.0,0.0,0.0,0.0,0.0,0.0
gaussian|dualpath|targeted_benign|1|1077,gaussian,gaussian_anticollapse_beta05_freebits01_20260529_173512,DualPath,dualpath,targeted-benign-latent-pgd,1,1077,Spoofing,Spoofing,Spoofing,Benign,Benign,True,True,True,True,True,0,1.3795643770630581,1.9467922421189812,`IAT` 0.00096856; `Min` -4.20552; `Variance` 14813.9; `Header_Length` -3.37359; `AVG` 115.003,6,rst_flag_number,0.0,0.0,0.0,0.0,0.0,0.0
gaussian|dualpath|targeted_benign|1|1077,gaussian,gaussian_anticollapse_beta05_freebits01_20260529_173512,DualPath,dualpath,targeted-benign-latent-pgd,1,1077,Spoofing,Spoofing,Spoofing,Benign,Benign,True,True,True,True,True,0,1.3795643770630581,1.9467922421189812,`IAT` 0.00096856; `Min` -4.20552; `Variance` 14813.9; `Header_Length` -3.37359; `AVG` 115.003,7,psh_flag_number,0.0,0.0,0.0,0.0,0.0,0.0
gaussian|dualpath|targeted_benign|1|1077,gaussian,gaussian_anticollapse_beta05_freebits01_20260529_173512,DualPath,dualpath,targeted-benign-latent-pgd,1,1077,Spoofing,Spoofing,Spoofing,Benign,Benign,True,True,True,True,True,0,1.3795643770630581,1.9467922421189812,`IAT` 0.00096856; `Min` -4.20552; `Variance` 14813.9; `Header_Length` -3.37359; `AVG` 115.003,8,ack_flag_number,1.0,0.9969154596328735,-0.003084540367126465,1.0,0.9969154596328735,-0.003084540367126465
gaussian|dualpath|targeted_benign|1|1077,gaussian,gaussian_anticollapse_beta05_freebits01_20260529_173512,DualPath,dualpath,targeted-benign-latent-pgd,1,1077,Spoofing,Spoofing,Spoofing,Benign,Benign,True,True,True,True,True,0,1.3795643770630581,1.9467922421189812,`IAT` 0.00096856; `Min` -4.20552; `Variance` 14813.9; `Header_Length` -3.37359; `AVG` 115.003,9,ece_flag_number,0.0,0.0,0.0,0.0,0.0,0.0
gaussian|dualpath|targeted_benign|1|1077,gaussian,gaussian_anticollapse_beta05_freebits01_20260529_173512,DualPath,dualpath,targeted-benign-latent-pgd,1,1077,Spoofing,Spoofing,Spoofing,Benign,Benign,True,True,True,True,True,0,1.3795643770630581,1.9467922421189812,`IAT` 0.00096856; `Min` -4.20552; `Variance` 14813.9; `Header_Length` -3.37359; `AVG` 115.003,10,cwr_flag_number,0.0,0.0,0.0,0.0,0.0,0.0
gaussian|dualpath|targeted_benign|1|1077,gaussian,gaussian_anticollapse_beta05_freebits01_20260529_173512,DualPath,dualpath,targeted-benign-latent-pgd,1,1077,Spoofing,Spoofing,Spoofing,Benign,Benign,True,True,True,True,True,0,1.3795643770630581,1.9467922421189812,`IAT` 0.00096856; `Min` -4.20552; `Variance` 14813.9; `Header_Length` -3.37359; `AVG` 115.003,11,ack_count,10.000000238418579,9.10616135597229,-0.8938388824462891,1.4285714626312256,1.3008801937103271,-0.12769126892089844
gaussian|dualpath|targeted_benign|1|1077,gaussian,gaussian_anticollapse_beta05_freebits01_20260529_173512,DualPath,dualpath,targeted-benign-latent-pgd,1,1077,Spoofing,Spoofing,Spoofing,Benign,Benign,True,True,True,True,True,0,1.3795643770630581,1.9467922421189812,`IAT` 0.00096856; `Min` -4.20552; `Variance` 14813.9; `Header_Length` -3.37359; `AVG` 115.003,12,syn_count,0.0,0.0,0.0,0.0,0.0,0.0
gaussian|dualpath|targeted_benign|1|1077,gaussian,gaussian_anticollapse_beta05_freebits01_20260529_173512,DualPath,dualpath,targeted-benign-latent-pgd,1,1077,Spoofing,Spoofing,Spoofing,Benign,Benign,True,True,True,True,True,0,1.3795643770630581,1.9467922421189812,`IAT` 0.00096856; `Min` -4.20552; `Variance` 14813.9; `Header_Length` -3.37359; `AVG` 115.003,13,fin_count,0.0,0.0,0.0,0.0,0.0,0.0
gaussian|dualpath|targeted_benign|1|1077,gaussian,gaussian_anticollapse_beta05_freebits01_20260529_173512,DualPath,dualpath,targeted-benign-latent-pgd,1,1077,Spoofing,Spoofing,Spoofing,Benign,Benign,True,True,True,True,True,0,1.3795643770630581,1.9467922421189812,`IAT` 0.00096856; `Min` -4.20552; `Variance` 14813.9; `Header_Length` -3.37359; `AVG` 115.003,14,rst_count,0.0,0.0,0.0,0.0,0.0,0.0
gaussian|dualpath|targeted_benign|1|1077,gaussian,gaussian_anticollapse_beta05_freebits01_20260529_173512,DualPath,dualpath,targeted-benign-latent-pgd,1,1077,Spoofing,Spoofing,Spoofing,Benign,Benign,True,True,True,True,True,0,1.3795643770630581,1.9467922421189812,`IAT` 0.00096856; `Min` -4.20552; `Variance` 14813.9; `Header_Length` -3.37359; `AVG` 115.003,15,HTTP,0.0,0.0,0.0,0.0,0.0,0.0
gaussian|dualpath|targeted_benign|1|1077,gaussian,gaussian_anticollapse_beta05_freebits01_20260529_173512,DualPath,dualpath,targeted-benign-latent-pgd,1,1077,Spoofing,Spoofing,Spoofing,Benign,Benign,True,True,True,True,True,0,1.3795643770630581,1.9467922421189812,`IAT` 0.00096856; `Min` -4.20552; `Variance` 14813.9; `Header_Length` -3.37359; `AVG` 115.003,16,HTTPS,1.0,1.0,0.0,1.0,1.0,0.0
gaussian|dualpath|targeted_benign|1|1077,gaussian,gaussian_anticollapse_beta05_freebits01_20260529_173512,DualPath,dualpath,targeted-benign-latent-pgd,1,1077,Spoofing,Spoofing,Spoofing,Benign,Benign,True,True,True,True,True,0,1.3795643770630581,1.9467922421189812,`IAT` 0.00096856; `Min` -4.20552; `Variance` 14813.9; `Header_Length` -3.37359; `AVG` 115.003,17,DNS,0.0,0.0,0.0,0.0,0.0,0.0
gaussian|dualpath|targeted_benign|1|1077,gaussian,gaussian_anticollapse_beta05_freebits01_20260529_173512,DualPath,dualpath,targeted-benign-latent-pgd,1,1077,Spoofing,Spoofing,Spoofing,Benign,Benign,True,True,True,True,True,0,1.3795643770630581,1.9467922421189812,`IAT` 0.00096856; `Min` -4.20552; `Variance` 14813.9; `Header_Length` -3.37359; `AVG` 115.003,18,Telnet,0.0,0.0,0.0,0.0,0.0,0.0
gaussian|dualpath|targeted_benign|1|1077,gaussian,gaussian_anticollapse_beta05_freebits01_20260529_173512,DualPath,dualpath,targeted-benign-latent-pgd,1,1077,Spoofing,Spoofing,Spoofing,Benign,Benign,True,True,True,True,True,0,1.3795643770630581,1.9467922421189812,`IAT` 0.00096856; `Min` -4.20552; `Variance` 14813.9; `Header_Length` -3.37359; `AVG` 115.003,19,SMTP,0.0,0.0,0.0,0.0,0.0,0.0
gaussian|dualpath|targeted_benign|1|1077,gaussian,gaussian_anticollapse_beta05_freebits01_20260529_173512,DualPath,dualpath,targeted-benign-latent-pgd,1,1077,Spoofing,Spoofing,Spoofing,Benign,Benign,True,True,True,True,True,0,1.3795643770630581,1.9467922421189812,`IAT` 0.00096856; `Min` -4.20552; `Variance` 14813.9; `Header_Length` -3.37359; `AVG` 115.003,20,SSH,0.0,0.0,0.0,0.0,0.0,0.0
gaussian|dualpath|targeted_benign|1|1077,gaussian,gaussian_anticollapse_beta05_freebits01_20260529_173512,DualPath,dualpath,targeted-benign-latent-pgd,1,1077,Spoofing,Spoofing,Spoofing,Benign,Benign,True,True,True,True,True,0,1.3795643770630581,1.9467922421189812,`IAT` 0.00096856; `Min` -4.20552; `Variance` 14813.9; `Header_Length` -3.37359; `AVG` 115.003,21,IRC,0.0,0.0,0.0,0.0,0.0,0.0
gaussian|dualpath|targeted_benign|1|1077,gaussian,gaussian_anticollapse_beta05_freebits01_20260529_173512,DualPath,dualpath,targeted-benign-latent-pgd,1,1077,Spoofing,Spoofing,Spoofing,Benign,Benign,True,True,True,True,True,0,1.3795643770630581,1.9467922421189812,`IAT` 0.00096856; `Min` -4.20552; `Variance` 14813.9; `Header_Length` -3.37359; `AVG` 115.003,22,TCP,1.0,1.0,0.0,0.0,0.0,0.0
gaussian|dualpath|targeted_benign|1|1077,gaussian,gaussian_anticollapse_beta05_freebits01_20260529_173512,DualPath,dualpath,targeted-benign-latent-pgd,1,1077,Spoofing,Spoofing,Spoofing,Benign,Benign,True,True,True,True,True,0,1.3795643770630581,1.9467922421189812,`IAT` 0.00096856; `Min` -4.20552; `Variance` 14813.9; `Header_Length` -3.37359; `AVG` 115.003,23,UDP,0.0,0.0,0.0,0.0,0.0,0.0
gaussian|dualpath|targeted_benign|1|1077,gaussian,gaussian_anticollapse_beta05_freebits01_20260529_173512,DualPath,dualpath,targeted-benign-latent-pgd,1,1077,Spoofing,Spoofing,Spoofing,Benign,Benign,True,True,True,True,True,0,1.3795643770630581,1.9467922421189812,`IAT` 0.00096856; `Min` -4.20552; `Variance` 14813.9; `Header_Length` -3.37359; `AVG` 115.003,24,DHCP,0.0,0.0,0.0,0.0,0.0,0.0
gaussian|dualpath|targeted_benign|1|1077,gaussian,gaussian_anticollapse_beta05_freebits01_20260529_173512,DualPath,dualpath,targeted-benign-latent-pgd,1,1077,Spoofing,Spoofing,Spoofing,Benign,Benign,True,True,True,True,True,0,1.3795643770630581,1.9467922421189812,`IAT` 0.00096856; `Min` -4.20552; `Variance` 14813.9; `Header_Length` -3.37359; `AVG` 115.003,25,ARP,0.0,0.0,0.0,0.0,0.0,0.0
gaussian|dualpath|targeted_benign|1|1077,gaussian,gaussian_anticollapse_beta05_freebits01_20260529_173512,DualPath,dualpath,targeted-benign-latent-pgd,1,1077,Spoofing,Spoofing,Spoofing,Benign,Benign,True,True,True,True,True,0,1.3795643770630581,1.9467922421189812,`IAT` 0.00096856; `Min` -4.20552; `Variance` 14813.9; `Header_Length` -3.37359; `AVG` 115.003,26,ICMP,0.0,0.0,0.0,0.0,0.0,0.0
gaussian|dualpath|targeted_benign|1|1077,gaussian,gaussian_anticollapse_beta05_freebits01_20260529_173512,DualPath,dualpath,targeted-benign-latent-pgd,1,1077,Spoofing,Spoofing,Spoofing,Benign,Benign,True,True,True,True,True,0,1.3795643770630581,1.9467922421189812,`IAT` 0.00096856; `Min` -4.20552; `Variance` 14813.9; `Header_Length` -3.37359; `AVG` 115.003,27,IGMP,0.0,0.0,0.0,0.0,0.0,0.0
gaussian|dualpath|targeted_benign|1|1077,gaussian,gaussian_anticollapse_beta05_freebits01_20260529_173512,DualPath,dualpath,targeted-benign-latent-pgd,1,1077,Spoofing,Spoofing,Spoofing,Benign,Benign,True,True,True,True,True,0,1.3795643770630581,1.9467922421189812,`IAT` 0.00096856; `Min` -4.20552; `Variance` 14813.9; `Header_Length` -3.37359; `AVG` 115.003,28,IPv,1.0,1.0,0.0,0.0,0.0,0.0
gaussian|dualpath|targeted_benign|1|1077,gaussian,gaussian_anticollapse_beta05_freebits01_20260529_173512,DualPath,dualpath,targeted-benign-latent-pgd,1,1077,Spoofing,Spoofing,Spoofing,Benign,Benign,True,True,True,True,True,0,1.3795643770630581,1.9467922421189812,`IAT` 0.00096856; `Min` -4.20552; `Variance` 14813.9; `Header_Length` -3.37359; `AVG` 115.003,29,LLC,1.0,1.0,0.0,0.0,0.0,0.0
gaussian|dualpath|targeted_benign|1|1077,gaussian,gaussian_anticollapse_beta05_freebits01_20260529_173512,DualPath,dualpath,targeted-benign-latent-pgd,1,1077,Spoofing,Spoofing,Spoofing,Benign,Benign,True,True,True,True,True,0,1.3795643770630581,1.9467922421189812,`IAT` 0.00096856; `Min` -4.20552; `Variance` 14813.9; `Header_Length` -3.37359; `AVG` 115.003,30,Tot sum,12090.00012666732,12090.00012666732,0.0,0.12444063276052475,0.12444063276052475,0.0
gaussian|dualpath|targeted_benign|1|1077,gaussian,gaussian_anticollapse_beta05_freebits01_20260529_173512,DualPath,dualpath,targeted-benign-latent-pgd,1,1077,Spoofing,Spoofing,Spoofing,Benign,Benign,True,True,True,True,True,0,1.3795643770630581,1.9467922421189812,`IAT` 0.00096856; `Min` -4.20552; `Variance` 14813.9; `Header_Length` -3.37359; `AVG` 115.003,31,Min,66.0,61.79447937011719,-4.2055206298828125,1.0,0.29907989501953125,-0.7009201049804688
gaussian|dualpath|targeted_benign|1|1077,gaussian,gaussian_anticollapse_beta05_freebits01_20260529_173512,DualPath,dualpath,targeted-benign-latent-pgd,1,1077,Spoofing,Spoofing,Spoofing,Benign,Benign,True,True,True,True,True,0,1.3795643770630581,1.9467922421189812,`IAT` 0.00096856; `Min` -4.20552; `Variance` 14813.9; `Header_Length` -3.37359; `AVG` 115.003,32,Max,1500.0000488758087,1615.003466129303,115.00341725349426,1.2682446241378784,1.3816602230072021,0.11341559886932373
gaussian|dualpath|targeted_benign|1|1077,gaussian,gaussian_anticollapse_beta05_freebits01_20260529_173512,DualPath,dualpath,targeted-benign-latent-pgd,1,1077,Spoofing,Spoofing,Spoofing,Benign,Benign,True,True,True,True,True,0,1.3795643770630581,1.9467922421189812,`IAT` 0.00096856; `Min` -4.20552; `Variance` 14813.9; `Header_Length` -3.37359; `AVG` 115.003,33,AVG,1208.9999413490295,1324.00341463089,115.00347328186035,2.174131155014038,2.3961455821990967,0.2220144271850586
gaussian|dualpath|targeted_benign|1|1077,gaussian,gaussian_anticollapse_beta05_freebits01_20260529_173512,DualPath,dualpath,targeted-benign-latent-pgd,1,1077,Spoofing,Spoofing,Spoofing,Benign,Benign,True,True,True,True,True,0,1.3795643770630581,1.9467922421189812,`IAT` 0.00096856; `Min` -4.20552; `Variance` 14813.9; `Header_Length` -3.37359; `AVG` 115.003,34,Std,602.4168391897874,614.5837958321899,12.16695664240251,2.8459975719451904,2.903794527053833,0.05779695510864258
gaussian|dualpath|targeted_benign|1|1077,gaussian,gaussian_anticollapse_beta05_freebits01_20260529_173512,DualPath,dualpath,targeted-benign-latent-pgd,1,1077,Spoofing,Spoofing,Spoofing,Benign,Benign,True,True,True,True,True,0,1.3795643770630581,1.9467922421189812,`IAT` 0.00096856; `Min` -4.20552; `Variance` 14813.9; `Header_Length` -3.37359; `AVG` 115.003,35,Tot size,1208.9999413490295,1322.6877603530884,113.68781900405884,2.174131155014038,2.3936057090759277,0.21947455406188965
gaussian|dualpath|targeted_benign|1|1077,gaussian,gaussian_anticollapse_beta05_freebits01_20260529_173512,DualPath,dualpath,targeted-benign-latent-pgd,1,1077,Spoofing,Spoofing,Spoofing,Benign,Benign,True,True,True,True,True,0,1.3795643770630581,1.9467922421189812,`IAT` 0.00096856; `Min` -4.20552; `Variance` 14813.9; `Header_Length` -3.37359; `AVG` 115.003,36,IAT,0.0007581949907886246,0.0017267553543775889,0.0009685603635889643,0.647311806678772,1.6919729709625244,1.0446611642837524
gaussian|dualpath|targeted_benign|1|1077,gaussian,gaussian_anticollapse_beta05_freebits01_20260529_173512,DualPath,dualpath,targeted-benign-latent-pgd,1,1077,Spoofing,Spoofing,Spoofing,Benign,Benign,True,True,True,True,True,0,1.3795643770630581,1.9467922421189812,`IAT` 0.00096856; `Min` -4.20552; `Variance` 14813.9; `Header_Length` -3.37359; `AVG` 115.003,37,Number,10.0,10.0,0.0,-1.0,-1.0,0.0
gaussian|dualpath|targeted_benign|1|1077,gaussian,gaussian_anticollapse_beta05_freebits01_20260529_173512,DualPath,dualpath,targeted-benign-latent-pgd,1,1077,Spoofing,Spoofing,Spoofing,Benign,Benign,True,True,True,True,True,0,1.3795643770630581,1.9467922421189812,`IAT` 0.00096856; `Min` -4.20552; `Variance` 14813.9; `Header_Length` -3.37359; `AVG` 115.003,38,Variance,362906.02233478054,377719.96346025914,14813.941125478595,8.188929557800293,8.523214340209961,0.33428478240966797
gaussian|lstm|targeted_benign|1|940,gaussian,gaussian_anticollapse_beta05_freebits01_20260529_173512,LSTM,lstm,targeted-benign-latent-pgd,1,940,Recon,Recon,Recon,Benign,Benign,True,True,True,True,True,4,1.340011790077795,1.905911890593752,`Rate` -18303.6; `IAT` 0.000671636; `Tot size` 334.728; `Variance` -22309.7; `Min` 1.22102,0,Header_Length,47.20000047595295,47.75326123753439,0.5532607615814413,2.261589527130127,2.307389259338379,0.04579973220825195
gaussian|lstm|targeted_benign|1|940,gaussian,gaussian_anticollapse_beta05_freebits01_20260529_173512,LSTM,lstm,targeted-benign-latent-pgd,1,940,Recon,Recon,Recon,Benign,Benign,True,True,True,True,True,4,1.340011790077795,1.905911890593752,`Rate` -18303.6; `IAT` 0.000671636; `Tot size` 334.728; `Variance` -22309.7; `Min` 1.22102,1,Protocol Type,6.0,6.0,0.0,0.0,0.0,0.0
gaussian|lstm|targeted_benign|1|940,gaussian,gaussian_anticollapse_beta05_freebits01_20260529_173512,LSTM,lstm,targeted-benign-latent-pgd,1,940,Recon,Recon,Recon,Benign,Benign,True,True,True,True,True,4,1.340011790077795,1.905911890593752,`Rate` -18303.6; `IAT` 0.000671636; `Tot size` 334.728; `Variance` -22309.7; `Min` 1.22102,2,Time_To_Live,87.59999786093249,87.59999786093249,0.0,12.355996131896973,12.355996131896973,0.0
gaussian|lstm|targeted_benign|1|940,gaussian,gaussian_anticollapse_beta05_freebits01_20260529_173512,LSTM,lstm,targeted-benign-latent-pgd,1,940,Recon,Recon,Recon,Benign,Benign,True,True,True,True,True,4,1.340011790077795,1.905911890593752,`Rate` -18303.6; `IAT` 0.000671636; `Tot size` 334.728; `Variance` -22309.7; `Min` 1.22102,3,Rate,19526.554616109286,1222.9547327287837,-18303.599883380502,0.5258623361587524,-0.2136206030845642,-0.7394829392433167
gaussian|lstm|targeted_benign|1|940,gaussian,gaussian_anticollapse_beta05_freebits01_20260529_173512,LSTM,lstm,targeted-benign-latent-pgd,1,940,Recon,Recon,Recon,Benign,Benign,True,True,True,True,True,4,1.340011790077795,1.905911890593752,`Rate` -18303.6; `IAT` 0.000671636; `Tot size` 334.728; `Variance` -22309.7; `Min` 1.22102,4,fin_flag_number,0.0,0.0,0.0,0.0,0.0,0.0
gaussian|lstm|targeted_benign|1|940,gaussian,gaussian_anticollapse_beta05_freebits01_20260529_173512,LSTM,lstm,targeted-benign-latent-pgd,1,940,Recon,Recon,Recon,Benign,Benign,True,True,True,True,True,4,1.340011790077795,1.905911890593752,`Rate` -18303.6; `IAT` 0.000671636; `Tot size` 334.728; `Variance` -22309.7; `Min` 1.22102,5,syn_flag_number,0.0,0.0,0.0,0.0,0.0,0.0
gaussian|lstm|targeted_benign|1|940,gaussian,gaussian_anticollapse_beta05_freebits01_20260529_173512,LSTM,lstm,targeted-benign-latent-pgd,1,940,Recon,Recon,Recon,Benign,Benign,True,True,True,True,True,4,1.340011790077795,1.905911890593752,`Rate` -18303.6; `IAT` 0.000671636; `Tot size` 334.728; `Variance` -22309.7; `Min` 1.22102,6,rst_flag_number,0.0,0.0,0.0,0.0,0.0,0.0
gaussian|lstm|targeted_benign|1|940,gaussian,gaussian_anticollapse_beta05_freebits01_20260529_173512,LSTM,lstm,targeted-benign-latent-pgd,1,940,Recon,Recon,Recon,Benign,Benign,True,True,True,True,True,4,1.340011790077795,1.905911890593752,`Rate` -18303.6; `IAT` 0.000671636; `Tot size` 334.728; `Variance` -22309.7; `Min` 1.22102,7,psh_flag_number,0.0,0.0,0.0,0.0,0.0,0.0
gaussian|lstm|targeted_benign|1|940,gaussian,gaussian_anticollapse_beta05_freebits01_20260529_173512,LSTM,lstm,targeted-benign-latent-pgd,1,940,Recon,Recon,Recon,Benign,Benign,True,True,True,True,True,4,1.340011790077795,1.905911890593752,`Rate` -18303.6; `IAT` 0.000671636; `Tot size` 334.728; `Variance` -22309.7; `Min` 1.22102,8,ack_flag_number,1.0,0.9969295263290405,-0.0030704736709594727,1.0,0.9969295263290405,-0.0030704736709594727
gaussian|lstm|targeted_benign|1|940,gaussian,gaussian_anticollapse_beta05_freebits01_20260529_173512,LSTM,lstm,targeted-benign-latent-pgd,1,940,Recon,Recon,Recon,Benign,Benign,True,True,True,True,True,4,1.340011790077795,1.905911890593752,`Rate` -18303.6; `IAT` 0.000671636; `Tot size` 334.728; `Variance` -22309.7; `Min` 1.22102,9,ece_flag_number,0.0,0.0,0.0,0.0,0.0,0.0
gaussian|lstm|targeted_benign|1|940,gaussian,gaussian_anticollapse_beta05_freebits01_20260529_173512,LSTM,lstm,targeted-benign-latent-pgd,1,940,Recon,Recon,Recon,Benign,Benign,True,True,True,True,True,4,1.340011790077795,1.905911890593752,`Rate` -18303.6; `IAT` 0.000671636; `Tot size` 334.728; `Variance` -22309.7; `Min` 1.22102,10,cwr_flag_number,0.0,0.0,0.0,0.0,0.0,0.0
gaussian|lstm|targeted_benign|1|940,gaussian,gaussian_anticollapse_beta05_freebits01_20260529_173512,LSTM,lstm,targeted-benign-latent-pgd,1,940,Recon,Recon,Recon,Benign,Benign,True,True,True,True,True,4,1.340011790077795,1.905911890593752,`Rate` -18303.6; `IAT` 0.000671636; `Tot size` 334.728; `Variance` -22309.7; `Min` 1.22102,11,ack_count,10.000000238418579,10.145051121711731,0.14505088329315186,1.4285714626312256,1.4492930173873901,0.02072155475616455
gaussian|lstm|targeted_benign|1|940,gaussian,gaussian_anticollapse_beta05_freebits01_20260529_173512,LSTM,lstm,targeted-benign-latent-pgd,1,940,Recon,Recon,Recon,Benign,Benign,True,True,True,True,True,4,1.340011790077795,1.905911890593752,`Rate` -18303.6; `IAT` 0.000671636; `Tot size` 334.728; `Variance` -22309.7; `Min` 1.22102,12,syn_count,0.0,0.0,0.0,0.0,0.0,0.0
gaussian|lstm|targeted_benign|1|940,gaussian,gaussian_anticollapse_beta05_freebits01_20260529_173512,LSTM,lstm,targeted-benign-latent-pgd,1,940,Recon,Recon,Recon,Benign,Benign,True,True,True,True,True,4,1.340011790077795,1.905911890593752,`Rate` -18303.6; `IAT` 0.000671636; `Tot size` 334.728; `Variance` -22309.7; `Min` 1.22102,13,fin_count,0.0,0.0,0.0,0.0,0.0,0.0
gaussian|lstm|targeted_benign|1|940,gaussian,gaussian_anticollapse_beta05_freebits01_20260529_173512,LSTM,lstm,targeted-benign-latent-pgd,1,940,Recon,Recon,Recon,Benign,Benign,True,True,True,True,True,4,1.340011790077795,1.905911890593752,`Rate` -18303.6; `IAT` 0.000671636; `Tot size` 334.728; `Variance` -22309.7; `Min` 1.22102,14,rst_count,0.0,0.0,0.0,0.0,0.0,0.0
gaussian|lstm|targeted_benign|1|940,gaussian,gaussian_anticollapse_beta05_freebits01_20260529_173512,LSTM,lstm,targeted-benign-latent-pgd,1,940,Recon,Recon,Recon,Benign,Benign,True,True,True,True,True,4,1.340011790077795,1.905911890593752,`Rate` -18303.6; `IAT` 0.000671636; `Tot size` 334.728; `Variance` -22309.7; `Min` 1.22102,15,HTTP,1.0,1.0,0.0,1.0,1.0,0.0
gaussian|lstm|targeted_benign|1|940,gaussian,gaussian_anticollapse_beta05_freebits01_20260529_173512,LSTM,lstm,targeted-benign-latent-pgd,1,940,Recon,Recon,Recon,Benign,Benign,True,True,True,True,True,4,1.340011790077795,1.905911890593752,`Rate` -18303.6; `IAT` 0.000671636; `Tot size` 334.728; `Variance` -22309.7; `Min` 1.22102,16,HTTPS,0.0,0.0,0.0,0.0,0.0,0.0
gaussian|lstm|targeted_benign|1|940,gaussian,gaussian_anticollapse_beta05_freebits01_20260529_173512,LSTM,lstm,targeted-benign-latent-pgd,1,940,Recon,Recon,Recon,Benign,Benign,True,True,True,True,True,4,1.340011790077795,1.905911890593752,`Rate` -18303.6; `IAT` 0.000671636; `Tot size` 334.728; `Variance` -22309.7; `Min` 1.22102,17,DNS,0.0,0.0,0.0,0.0,0.0,0.0
gaussian|lstm|targeted_benign|1|940,gaussian,gaussian_anticollapse_beta05_freebits01_20260529_173512,LSTM,lstm,targeted-benign-latent-pgd,1,940,Recon,Recon,Recon,Benign,Benign,True,True,True,True,True,4,1.340011790077795,1.905911890593752,`Rate` -18303.6; `IAT` 0.000671636; `Tot size` 334.728; `Variance` -22309.7; `Min` 1.22102,18,Telnet,0.0,0.0,0.0,0.0,0.0,0.0
gaussian|lstm|targeted_benign|1|940,gaussian,gaussian_anticollapse_beta05_freebits01_20260529_173512,LSTM,lstm,targeted-benign-latent-pgd,1,940,Recon,Recon,Recon,Benign,Benign,True,True,True,True,True,4,1.340011790077795,1.905911890593752,`Rate` -18303.6; `IAT` 0.000671636; `Tot size` 334.728; `Variance` -22309.7; `Min` 1.22102,19,SMTP,0.0,0.0,0.0,0.0,0.0,0.0
gaussian|lstm|targeted_benign|1|940,gaussian,gaussian_anticollapse_beta05_freebits01_20260529_173512,LSTM,lstm,targeted-benign-latent-pgd,1,940,Recon,Recon,Recon,Benign,Benign,True,True,True,True,True,4,1.340011790077795,1.905911890593752,`Rate` -18303.6; `IAT` 0.000671636; `Tot size` 334.728; `Variance` -22309.7; `Min` 1.22102,20,SSH,0.0,0.0,0.0,0.0,0.0,0.0
gaussian|lstm|targeted_benign|1|940,gaussian,gaussian_anticollapse_beta05_freebits01_20260529_173512,LSTM,lstm,targeted-benign-latent-pgd,1,940,Recon,Recon,Recon,Benign,Benign,True,True,True,True,True,4,1.340011790077795,1.905911890593752,`Rate` -18303.6; `IAT` 0.000671636; `Tot size` 334.728; `Variance` -22309.7; `Min` 1.22102,21,IRC,0.0,0.0,0.0,0.0,0.0,0.0
gaussian|lstm|targeted_benign|1|940,gaussian,gaussian_anticollapse_beta05_freebits01_20260529_173512,LSTM,lstm,targeted-benign-latent-pgd,1,940,Recon,Recon,Recon,Benign,Benign,True,True,True,True,True,4,1.340011790077795,1.905911890593752,`Rate` -18303.6; `IAT` 0.000671636; `Tot size` 334.728; `Variance` -22309.7; `Min` 1.22102,22,TCP,1.0,1.0,0.0,0.0,0.0,0.0
gaussian|lstm|targeted_benign|1|940,gaussian,gaussian_anticollapse_beta05_freebits01_20260529_173512,LSTM,lstm,targeted-benign-latent-pgd,1,940,Recon,Recon,Recon,Benign,Benign,True,True,True,True,True,4,1.340011790077795,1.905911890593752,`Rate` -18303.6; `IAT` 0.000671636; `Tot size` 334.728; `Variance` -22309.7; `Min` 1.22102,23,UDP,0.0,0.0,0.0,0.0,0.0,0.0
gaussian|lstm|targeted_benign|1|940,gaussian,gaussian_anticollapse_beta05_freebits01_20260529_173512,LSTM,lstm,targeted-benign-latent-pgd,1,940,Recon,Recon,Recon,Benign,Benign,True,True,True,True,True,4,1.340011790077795,1.905911890593752,`Rate` -18303.6; `IAT` 0.000671636; `Tot size` 334.728; `Variance` -22309.7; `Min` 1.22102,24,DHCP,0.0,0.0,0.0,0.0,0.0,0.0
gaussian|lstm|targeted_benign|1|940,gaussian,gaussian_anticollapse_beta05_freebits01_20260529_173512,LSTM,lstm,targeted-benign-latent-pgd,1,940,Recon,Recon,Recon,Benign,Benign,True,True,True,True,True,4,1.340011790077795,1.905911890593752,`Rate` -18303.6; `IAT` 0.000671636; `Tot size` 334.728; `Variance` -22309.7; `Min` 1.22102,25,ARP,0.0,0.0,0.0,0.0,0.0,0.0
gaussian|lstm|targeted_benign|1|940,gaussian,gaussian_anticollapse_beta05_freebits01_20260529_173512,LSTM,lstm,targeted-benign-latent-pgd,1,940,Recon,Recon,Recon,Benign,Benign,True,True,True,True,True,4,1.340011790077795,1.905911890593752,`Rate` -18303.6; `IAT` 0.000671636; `Tot size` 334.728; `Variance` -22309.7; `Min` 1.22102,26,ICMP,0.0,0.0,0.0,0.0,0.0,0.0
gaussian|lstm|targeted_benign|1|940,gaussian,gaussian_anticollapse_beta05_freebits01_20260529_173512,LSTM,lstm,targeted-benign-latent-pgd,1,940,Recon,Recon,Recon,Benign,Benign,True,True,True,True,True,4,1.340011790077795,1.905911890593752,`Rate` -18303.6; `IAT` 0.000671636; `Tot size` 334.728; `Variance` -22309.7; `Min` 1.22102,27,IGMP,0.0,0.0,0.0,0.0,0.0,0.0
gaussian|lstm|targeted_benign|1|940,gaussian,gaussian_anticollapse_beta05_freebits01_20260529_173512,LSTM,lstm,targeted-benign-latent-pgd,1,940,Recon,Recon,Recon,Benign,Benign,True,True,True,True,True,4,1.340011790077795,1.905911890593752,`Rate` -18303.6; `IAT` 0.000671636; `Tot size` 334.728; `Variance` -22309.7; `Min` 1.22102,28,IPv,1.0,1.0,0.0,0.0,0.0,0.0
gaussian|lstm|targeted_benign|1|940,gaussian,gaussian_anticollapse_beta05_freebits01_20260529_173512,LSTM,lstm,targeted-benign-latent-pgd,1,940,Recon,Recon,Recon,Benign,Benign,True,True,True,True,True,4,1.340011790077795,1.905911890593752,`Rate` -18303.6; `IAT` 0.000671636; `Tot size` 334.728; `Variance` -22309.7; `Min` 1.22102,29,LLC,1.0,1.0,0.0,0.0,0.0,0.0
gaussian|lstm|targeted_benign|1|940,gaussian,gaussian_anticollapse_beta05_freebits01_20260529_173512,LSTM,lstm,targeted-benign-latent-pgd,1,940,Recon,Recon,Recon,Benign,Benign,True,True,True,True,True,4,1.340011790077795,1.905911890593752,`Rate` -18303.6; `IAT` 0.000671636; `Tot size` 334.728; `Variance` -22309.7; `Min` 1.22102,30,Tot sum,7792.0000754110515,7792.0000754110515,0.0,0.036617014557123184,0.036617014557123184,0.0
gaussian|lstm|targeted_benign|1|940,gaussian,gaussian_anticollapse_beta05_freebits01_20260529_173512,LSTM,lstm,targeted-benign-latent-pgd,1,940,Recon,Recon,Recon,Benign,Benign,True,True,True,True,True,4,1.340011790077795,1.905911890593752,`Rate` -18303.6; `IAT` 0.000671636; `Tot size` 334.728; `Variance` -22309.7; `Min` 1.22102,31,Min,78.0,79.22101593017578,1.2210159301757812,3.0,3.203502655029297,0.20350265502929688
gaussian|lstm|targeted_benign|1|940,gaussian,gaussian_anticollapse_beta05_freebits01_20260529_173512,LSTM,lstm,targeted-benign-latent-pgd,1,940,Recon,Recon,Recon,Benign,Benign,True,True,True,True,True,4,1.340011790077795,1.905911890593752,`Rate` -18303.6; `IAT` 0.000671636; `Tot size` 334.728; `Variance` -22309.7; `Min` 1.22102,32,Max,2858.000000476837,2778.8559532165527,-79.14404726028442,2.607495069503784,2.5294437408447266,-0.07805132865905762
gaussian|lstm|targeted_benign|1|940,gaussian,gaussian_anticollapse_beta05_freebits01_20260529_173512,LSTM,lstm,targeted-benign-latent-pgd,1,940,Recon,Recon,Recon,Benign,Benign,True,True,True,True,True,4,1.340011790077795,1.905911890593752,`Rate` -18303.6; `IAT` 0.000671636; `Tot size` 334.728; `Variance` -22309.7; `Min` 1.22102,33,AVG,779.2000308036804,780.4210216999054,1.2209908962249756,1.3444015979766846,1.3467587232589722,0.0023571252822875977
gaussian|lstm|targeted_benign|1|940,gaussian,gaussian_anticollapse_beta05_freebits01_20260529_173512,LSTM,lstm,targeted-benign-latent-pgd,1,940,Recon,Recon,Recon,Benign,Benign,True,True,True,True,True,4,1.340011790077795,1.905911890593752,`Rate` -18303.6; `IAT` 0.000671636; `Tot size` 334.728; `Variance` -22309.7; `Min` 1.22102,34,Std,975.2055387757646,963.7222701572828,-11.483268618481816,4.61686372756958,4.562314510345459,-0.054549217224121094
gaussian|lstm|targeted_benign|1|940,gaussian,gaussian_anticollapse_beta05_freebits01_20260529_173512,LSTM,lstm,targeted-benign-latent-pgd,1,940,Recon,Recon,Recon,Benign,Benign,True,True,True,True,True,4,1.340011790077795,1.905911890593752,`Rate` -18303.6; `IAT` 0.000671636; `Tot size` 334.728; `Variance` -22309.7; `Min` 1.22102,35,Tot size,779.2000308036804,1113.9275867938995,334.7275559902191,1.3444015979766846,1.9905937910079956,0.646192193031311
gaussian|lstm|targeted_benign|1|940,gaussian,gaussian_anticollapse_beta05_freebits01_20260529_173512,LSTM,lstm,targeted-benign-latent-pgd,1,940,Recon,Recon,Recon,Benign,Benign,True,True,True,True,True,4,1.340011790077795,1.905911890593752,`Rate` -18303.6; `IAT` 0.000671636; `Tot size` 334.728; `Variance` -22309.7; `Min` 1.22102,36,IAT,5.8913229725646285e-05,0.0007305495414761626,0.0006716363117505162,-0.1069132536649704,0.6174942255020142,0.7244074791669846
gaussian|lstm|targeted_benign|1|940,gaussian,gaussian_anticollapse_beta05_freebits01_20260529_173512,LSTM,lstm,targeted-benign-latent-pgd,1,940,Recon,Recon,Recon,Benign,Benign,True,True,True,True,True,4,1.340011790077795,1.905911890593752,`Rate` -18303.6; `IAT` 0.000671636; `Tot size` 334.728; `Variance` -22309.7; `Min` 1.22102,37,Number,10.0,10.0,0.0,-1.0,-1.0,0.0
gaussian|lstm|targeted_benign|1|940,gaussian,gaussian_anticollapse_beta05_freebits01_20260529_173512,LSTM,lstm,targeted-benign-latent-pgd,1,940,Recon,Recon,Recon,Benign,Benign,True,True,True,True,True,4,1.340011790077795,1.905911890593752,`Rate` -18303.6; `IAT` 0.000671636; `Tot size` 334.728; `Variance` -22309.7; `Min` 1.22102,38,Variance,951025.9891987145,928716.2630895451,-22309.726109169424,21.460182189941406,20.956750869750977,-0.5034313201904297
gaussian|mlp|targeted_benign|1|1077,gaussian,gaussian_anticollapse_beta05_freebits01_20260529_173512,MLP,mlp,targeted-benign-latent-pgd,1,1077,Spoofing,Spoofing,Spoofing,Benign,Benign,True,True,True,True,True,0,1.5721963258203984,1.6248077342567389,`IAT` 0.0012027; `Min` -4.25676; `Header_Length` -3.75767; `Variance` -12290.1; `AVG` 102.217,0,Header_Length,31.99999930356512,28.242332467670735,-3.7576668358943834,1.003311276435852,0.69224613904953,-0.311065137386322
gaussian|mlp|targeted_benign|1|1077,gaussian,gaussian_anticollapse_beta05_freebits01_20260529_173512,MLP,mlp,targeted-benign-latent-pgd,1,1077,Spoofing,Spoofing,Spoofing,Benign,Benign,True,True,True,True,True,0,1.5721963258203984,1.6248077342567389,`IAT` 0.0012027; `Min` -4.25676; `Header_Length` -3.75767; `Variance` -12290.1; `AVG` 102.217,1,Protocol Type,6.0,6.0,0.0,0.0,0.0,0.0
gaussian|mlp|targeted_benign|1|1077,gaussian,gaussian_anticollapse_beta05_freebits01_20260529_173512,MLP,mlp,targeted-benign-latent-pgd,1,1077,Spoofing,Spoofing,Spoofing,Benign,Benign,True,True,True,True,True,0,1.5721963258203984,1.6248077342567389,`IAT` 0.0012027; `Min` -4.25676; `Header_Length` -3.75767; `Variance` -12290.1; `AVG` 102.217,2,Time_To_Live,60.7999991824654,60.7999991824654,0.0,-1.6753898859024048,-1.6753898859024048,0.0
gaussian|mlp|targeted_benign|1|1077,gaussian,gaussian_anticollapse_beta05_freebits01_20260529_173512,MLP,mlp,targeted-benign-latent-pgd,1,1077,Spoofing,Spoofing,Spoofing,Benign,Benign,True,True,True,True,True,0,1.5721963258203984,1.6248077342567389,`IAT` 0.0012027; `Min` -4.25676; `Header_Length` -3.75767; `Variance` -12290.1; `AVG` 102.217,3,Rate,1373.0659936749298,301.8162593290508,-1071.249734345879,-0.20755596458911896,-0.25083547830581665,-0.04327951371669769
gaussian|mlp|targeted_benign|1|1077,gaussian,gaussian_anticollapse_beta05_freebits01_20260529_173512,MLP,mlp,targeted-benign-latent-pgd,1,1077,Spoofing,Spoofing,Spoofing,Benign,Benign,True,True,True,True,True,0,1.5721963258203984,1.6248077342567389,`IAT` 0.0012027; `Min` -4.25676; `Header_Length` -3.75767; `Variance` -12290.1; `AVG` 102.217,4,fin_flag_number,0.0,0.0,0.0,0.0,0.0,0.0
gaussian|mlp|targeted_benign|1|1077,gaussian,gaussian_anticollapse_beta05_freebits01_20260529_173512,MLP,mlp,targeted-benign-latent-pgd,1,1077,Spoofing,Spoofing,Spoofing,Benign,Benign,True,True,True,True,True,0,1.5721963258203984,1.6248077342567389,`IAT` 0.0012027; `Min` -4.25676; `Header_Length` -3.75767; `Variance` -12290.1; `AVG` 102.217,5,syn_flag_number,0.0,0.0,0.0,0.0,0.0,0.0
gaussian|mlp|targeted_benign|1|1077,gaussian,gaussian_anticollapse_beta05_freebits01_20260529_173512,MLP,mlp,targeted-benign-latent-pgd,1,1077,Spoofing,Spoofing,Spoofing,Benign,Benign,True,True,True,True,True,0,1.5721963258203984,1.6248077342567389,`IAT` 0.0012027; `Min` -4.25676; `Header_Length` -3.75767; `Variance` -12290.1; `AVG` 102.217,6,rst_flag_number,0.0,0.0,0.0,0.0,0.0,0.0
gaussian|mlp|targeted_benign|1|1077,gaussian,gaussian_anticollapse_beta05_freebits01_20260529_173512,MLP,mlp,targeted-benign-latent-pgd,1,1077,Spoofing,Spoofing,Spoofing,Benign,Benign,True,True,True,True,True,0,1.5721963258203984,1.6248077342567389,`IAT` 0.0012027; `Min` -4.25676; `Header_Length` -3.75767; `Variance` -12290.1; `AVG` 102.217,7,psh_flag_number,0.0,0.0,0.0,0.0,0.0,0.0
gaussian|mlp|targeted_benign|1|1077,gaussian,gaussian_anticollapse_beta05_freebits01_20260529_173512,MLP,mlp,targeted-benign-latent-pgd,1,1077,Spoofing,Spoofing,Spoofing,Benign,Benign,True,True,True,True,True,0,1.5721963258203984,1.6248077342567389,`IAT` 0.0012027; `Min` -4.25676; `Header_Length` -3.75767; `Variance` -12290.1; `AVG` 102.217,8,ack_flag_number,1.0,0.9974479675292969,-0.002552032470703125,1.0,0.9974479675292969,-0.002552032470703125
gaussian|mlp|targeted_benign|1|1077,gaussian,gaussian_anticollapse_beta05_freebits01_20260529_173512,MLP,mlp,targeted-benign-latent-pgd,1,1077,Spoofing,Spoofing,Spoofing,Benign,Benign,True,True,True,True,True,0,1.5721963258203984,1.6248077342567389,`IAT` 0.0012027; `Min` -4.25676; `Header_Length` -3.75767; `Variance` -12290.1; `AVG` 102.217,9,ece_flag_number,0.0,0.0,0.0,0.0,0.0,0.0
gaussian|mlp|targeted_benign|1|1077,gaussian,gaussian_anticollapse_beta05_freebits01_20260529_173512,MLP,mlp,targeted-benign-latent-pgd,1,1077,Spoofing,Spoofing,Spoofing,Benign,Benign,True,True,True,True,True,0,1.5721963258203984,1.6248077342567389,`IAT` 0.0012027; `Min` -4.25676; `Header_Length` -3.75767; `Variance` -12290.1; `AVG` 102.217,10,cwr_flag_number,0.0,0.0,0.0,0.0,0.0,0.0
gaussian|mlp|targeted_benign|1|1077,gaussian,gaussian_anticollapse_beta05_freebits01_20260529_173512,MLP,mlp,targeted-benign-latent-pgd,1,1077,Spoofing,Spoofing,Spoofing,Benign,Benign,True,True,True,True,True,0,1.5721963258203984,1.6248077342567389,`IAT` 0.0012027; `Min` -4.25676; `Header_Length` -3.75767; `Variance` -12290.1; `AVG` 102.217,11,ack_count,10.000000238418579,8.999853014945984,-1.0001472234725952,1.4285714626312256,1.2856932878494263,-0.14287817478179932
gaussian|mlp|targeted_benign|1|1077,gaussian,gaussian_anticollapse_beta05_freebits01_20260529_173512,MLP,mlp,targeted-benign-latent-pgd,1,1077,Spoofing,Spoofing,Spoofing,Benign,Benign,True,True,True,True,True,0,1.5721963258203984,1.6248077342567389,`IAT` 0.0012027; `Min` -4.25676; `Header_Length` -3.75767; `Variance` -12290.1; `AVG` 102.217,12,syn_count,0.0,0.0,0.0,0.0,0.0,0.0
gaussian|mlp|targeted_benign|1|1077,gaussian,gaussian_anticollapse_beta05_freebits01_20260529_173512,MLP,mlp,targeted-benign-latent-pgd,1,1077,Spoofing,Spoofing,Spoofing,Benign,Benign,True,True,True,True,True,0,1.5721963258203984,1.6248077342567389,`IAT` 0.0012027; `Min` -4.25676; `Header_Length` -3.75767; `Variance` -12290.1; `AVG` 102.217,13,fin_count,0.0,0.0,0.0,0.0,0.0,0.0
gaussian|mlp|targeted_benign|1|1077,gaussian,gaussian_anticollapse_beta05_freebits01_20260529_173512,MLP,mlp,targeted-benign-latent-pgd,1,1077,Spoofing,Spoofing,Spoofing,Benign,Benign,True,True,True,True,True,0,1.5721963258203984,1.6248077342567389,`IAT` 0.0012027; `Min` -4.25676; `Header_Length` -3.75767; `Variance` -12290.1; `AVG` 102.217,14,rst_count,0.0,0.0,0.0,0.0,0.0,0.0
gaussian|mlp|targeted_benign|1|1077,gaussian,gaussian_anticollapse_beta05_freebits01_20260529_173512,MLP,mlp,targeted-benign-latent-pgd,1,1077,Spoofing,Spoofing,Spoofing,Benign,Benign,True,True,True,True,True,0,1.5721963258203984,1.6248077342567389,`IAT` 0.0012027; `Min` -4.25676; `Header_Length` -3.75767; `Variance` -12290.1; `AVG` 102.217,15,HTTP,0.0,0.0,0.0,0.0,0.0,0.0
gaussian|mlp|targeted_benign|1|1077,gaussian,gaussian_anticollapse_beta05_freebits01_20260529_173512,MLP,mlp,targeted-benign-latent-pgd,1,1077,Spoofing,Spoofing,Spoofing,Benign,Benign,True,True,True,True,True,0,1.5721963258203984,1.6248077342567389,`IAT` 0.0012027; `Min` -4.25676; `Header_Length` -3.75767; `Variance` -12290.1; `AVG` 102.217,16,HTTPS,1.0,1.0,0.0,1.0,1.0,0.0
gaussian|mlp|targeted_benign|1|1077,gaussian,gaussian_anticollapse_beta05_freebits01_20260529_173512,MLP,mlp,targeted-benign-latent-pgd,1,1077,Spoofing,Spoofing,Spoofing,Benign,Benign,True,True,True,True,True,0,1.5721963258203984,1.6248077342567389,`IAT` 0.0012027; `Min` -4.25676; `Header_Length` -3.75767; `Variance` -12290.1; `AVG` 102.217,17,DNS,0.0,0.0,0.0,0.0,0.0,0.0
gaussian|mlp|targeted_benign|1|1077,gaussian,gaussian_anticollapse_beta05_freebits01_20260529_173512,MLP,mlp,targeted-benign-latent-pgd,1,1077,Spoofing,Spoofing,Spoofing,Benign,Benign,True,True,True,True,True,0,1.5721963258203984,1.6248077342567389,`IAT` 0.0012027; `Min` -4.25676; `Header_Length` -3.75767; `Variance` -12290.1; `AVG` 102.217,18,Telnet,0.0,0.0,0.0,0.0,0.0,0.0
gaussian|mlp|targeted_benign|1|1077,gaussian,gaussian_anticollapse_beta05_freebits01_20260529_173512,MLP,mlp,targeted-benign-latent-pgd,1,1077,Spoofing,Spoofing,Spoofing,Benign,Benign,True,True,True,True,True,0,1.5721963258203984,1.6248077342567389,`IAT` 0.0012027; `Min` -4.25676; `Header_Length` -3.75767; `Variance` -12290.1; `AVG` 102.217,19,SMTP,0.0,0.0,0.0,0.0,0.0,0.0
gaussian|mlp|targeted_benign|1|1077,gaussian,gaussian_anticollapse_beta05_freebits01_20260529_173512,MLP,mlp,targeted-benign-latent-pgd,1,1077,Spoofing,Spoofing,Spoofing,Benign,Benign,True,True,True,True,True,0,1.5721963258203984,1.6248077342567389,`IAT` 0.0012027; `Min` -4.25676; `Header_Length` -3.75767; `Variance` -12290.1; `AVG` 102.217,20,SSH,0.0,0.0,0.0,0.0,0.0,0.0
gaussian|mlp|targeted_benign|1|1077,gaussian,gaussian_anticollapse_beta05_freebits01_20260529_173512,MLP,mlp,targeted-benign-latent-pgd,1,1077,Spoofing,Spoofing,Spoofing,Benign,Benign,True,True,True,True,True,0,1.5721963258203984,1.6248077342567389,`IAT` 0.0012027; `Min` -4.25676; `Header_Length` -3.75767; `Variance` -12290.1; `AVG` 102.217,21,IRC,0.0,0.0,0.0,0.0,0.0,0.0
gaussian|mlp|targeted_benign|1|1077,gaussian,gaussian_anticollapse_beta05_freebits01_20260529_173512,MLP,mlp,targeted-benign-latent-pgd,1,1077,Spoofing,Spoofing,Spoofing,Benign,Benign,True,True,True,True,True,0,1.5721963258203984,1.6248077342567389,`IAT` 0.0012027; `Min` -4.25676; `Header_Length` -3.75767; `Variance` -12290.1; `AVG` 102.217,22,TCP,1.0,1.0,0.0,0.0,0.0,0.0
gaussian|mlp|targeted_benign|1|1077,gaussian,gaussian_anticollapse_beta05_freebits01_20260529_173512,MLP,mlp,targeted-benign-latent-pgd,1,1077,Spoofing,Spoofing,Spoofing,Benign,Benign,True,True,True,True,True,0,1.5721963258203984,1.6248077342567389,`IAT` 0.0012027; `Min` -4.25676; `Header_Length` -3.75767; `Variance` -12290.1; `AVG` 102.217,23,UDP,0.0,0.0,0.0,0.0,0.0,0.0
gaussian|mlp|targeted_benign|1|1077,gaussian,gaussian_anticollapse_beta05_freebits01_20260529_173512,MLP,mlp,targeted-benign-latent-pgd,1,1077,Spoofing,Spoofing,Spoofing,Benign,Benign,True,True,True,True,True,0,1.5721963258203984,1.6248077342567389,`IAT` 0.0012027; `Min` -4.25676; `Header_Length` -3.75767; `Variance` -12290.1; `AVG` 102.217,24,DHCP,0.0,0.0,0.0,0.0,0.0,0.0
gaussian|mlp|targeted_benign|1|1077,gaussian,gaussian_anticollapse_beta05_freebits01_20260529_173512,MLP,mlp,targeted-benign-latent-pgd,1,1077,Spoofing,Spoofing,Spoofing,Benign,Benign,True,True,True,True,True,0,1.5721963258203984,1.6248077342567389,`IAT` 0.0012027; `Min` -4.25676; `Header_Length` -3.75767; `Variance` -12290.1; `AVG` 102.217,25,ARP,0.0,0.0,0.0,0.0,0.0,0.0
gaussian|mlp|targeted_benign|1|1077,gaussian,gaussian_anticollapse_beta05_freebits01_20260529_173512,MLP,mlp,targeted-benign-latent-pgd,1,1077,Spoofing,Spoofing,Spoofing,Benign,Benign,True,True,True,True,True,0,1.5721963258203984,1.6248077342567389,`IAT` 0.0012027; `Min` -4.25676; `Header_Length` -3.75767; `Variance` -12290.1; `AVG` 102.217,26,ICMP,0.0,0.0,0.0,0.0,0.0,0.0
gaussian|mlp|targeted_benign|1|1077,gaussian,gaussian_anticollapse_beta05_freebits01_20260529_173512,MLP,mlp,targeted-benign-latent-pgd,1,1077,Spoofing,Spoofing,Spoofing,Benign,Benign,True,True,True,True,True,0,1.5721963258203984,1.6248077342567389,`IAT` 0.0012027; `Min` -4.25676; `Header_Length` -3.75767; `Variance` -12290.1; `AVG` 102.217,27,IGMP,0.0,0.0,0.0,0.0,0.0,0.0
gaussian|mlp|targeted_benign|1|1077,gaussian,gaussian_anticollapse_beta05_freebits01_20260529_173512,MLP,mlp,targeted-benign-latent-pgd,1,1077,Spoofing,Spoofing,Spoofing,Benign,Benign,True,True,True,True,True,0,1.5721963258203984,1.6248077342567389,`IAT` 0.0012027; `Min` -4.25676; `Header_Length` -3.75767; `Variance` -12290.1; `AVG` 102.217,28,IPv,1.0,1.0,0.0,0.0,0.0,0.0
gaussian|mlp|targeted_benign|1|1077,gaussian,gaussian_anticollapse_beta05_freebits01_20260529_173512,MLP,mlp,targeted-benign-latent-pgd,1,1077,Spoofing,Spoofing,Spoofing,Benign,Benign,True,True,True,True,True,0,1.5721963258203984,1.6248077342567389,`IAT` 0.0012027; `Min` -4.25676; `Header_Length` -3.75767; `Variance` -12290.1; `AVG` 102.217,29,LLC,1.0,1.0,0.0,0.0,0.0,0.0
gaussian|mlp|targeted_benign|1|1077,gaussian,gaussian_anticollapse_beta05_freebits01_20260529_173512,MLP,mlp,targeted-benign-latent-pgd,1,1077,Spoofing,Spoofing,Spoofing,Benign,Benign,True,True,True,True,True,0,1.5721963258203984,1.6248077342567389,`IAT` 0.0012027; `Min` -4.25676; `Header_Length` -3.75767; `Variance` -12290.1; `AVG` 102.217,30,Tot sum,12090.00012666732,12090.00012666732,0.0,0.12444063276052475,0.12444063276052475,0.0
gaussian|mlp|targeted_benign|1|1077,gaussian,gaussian_anticollapse_beta05_freebits01_20260529_173512,MLP,mlp,targeted-benign-latent-pgd,1,1077,Spoofing,Spoofing,Spoofing,Benign,Benign,True,True,True,True,True,0,1.5721963258203984,1.6248077342567389,`IAT` 0.0012027; `Min` -4.25676; `Header_Length` -3.75767; `Variance` -12290.1; `AVG` 102.217,31,Min,66.0,61.74324417114258,-4.256755828857422,1.0,0.2905406951904297,-0.7094593048095703
gaussian|mlp|targeted_benign|1|1077,gaussian,gaussian_anticollapse_beta05_freebits01_20260529_173512,MLP,mlp,targeted-benign-latent-pgd,1,1077,Spoofing,Spoofing,Spoofing,Benign,Benign,True,True,True,True,True,0,1.5721963258203984,1.6248077342567389,`IAT` 0.0012027; `Min` -4.25676; `Header_Length` -3.75767; `Variance` -12290.1; `AVG` 102.217,32,Max,1500.0000488758087,1602.217209815979,102.21716094017029,1.2682446241378784,1.3690505027770996,0.10080587863922119
gaussian|mlp|targeted_benign|1|1077,gaussian,gaussian_anticollapse_beta05_freebits01_20260529_173512,MLP,mlp,targeted-benign-latent-pgd,1,1077,Spoofing,Spoofing,Spoofing,Benign,Benign,True,True,True,True,True,0,1.5721963258203984,1.6248077342567389,`IAT` 0.0012027; `Min` -4.25676; `Header_Length` -3.75767; `Variance` -12290.1; `AVG` 102.217,33,AVG,1208.9999413490295,1311.2171273231506,102.2171859741211,2.174131155014038,2.3714616298675537,0.19733047485351562
gaussian|mlp|targeted_benign|1|1077,gaussian,gaussian_anticollapse_beta05_freebits01_20260529_173512,MLP,mlp,targeted-benign-latent-pgd,1,1077,Spoofing,Spoofing,Spoofing,Benign,Benign,True,True,True,True,True,0,1.5721963258203984,1.6248077342567389,`IAT` 0.0012027; `Min` -4.25676; `Header_Length` -3.75767; `Variance` -12290.1; `AVG` 102.217,34,Std,602.4168391897874,592.1331614874507,-10.283677702336718,2.8459975719451904,2.797146797180176,-0.04885077476501465
gaussian|mlp|targeted_benign|1|1077,gaussian,gaussian_anticollapse_beta05_freebits01_20260529_173512,MLP,mlp,targeted-benign-latent-pgd,1,1077,Spoofing,Spoofing,Spoofing,Benign,Benign,True,True,True,True,True,0,1.5721963258203984,1.6248077342567389,`IAT` 0.0012027; `Min` -4.25676; `Header_Length` -3.75767; `Variance` -12290.1; `AVG` 102.217,35,Tot size,1208.9999413490295,1310.3653421401978,101.36540079116821,2.174131155014038,2.3698172569274902,0.19568610191345215
gaussian|mlp|targeted_benign|1|1077,gaussian,gaussian_anticollapse_beta05_freebits01_20260529_173512,MLP,mlp,targeted-benign-latent-pgd,1,1077,Spoofing,Spoofing,Spoofing,Benign,Benign,True,True,True,True,True,0,1.5721963258203984,1.6248077342567389,`IAT` 0.0012027; `Min` -4.25676; `Header_Length` -3.75767; `Variance` -12290.1; `AVG` 102.217,36,IAT,0.0007581949907886246,0.001960894387286357,0.0012026993964977324,0.647311806678772,1.9445085525512695,1.2971967458724976
gaussian|mlp|targeted_benign|1|1077,gaussian,gaussian_anticollapse_beta05_freebits01_20260529_173512,MLP,mlp,targeted-benign-latent-pgd,1,1077,Spoofing,Spoofing,Spoofing,Benign,Benign,True,True,True,True,True,0,1.5721963258203984,1.6248077342567389,`IAT` 0.0012027; `Min` -4.25676; `Header_Length` -3.75767; `Variance` -12290.1; `AVG` 102.217,37,Number,10.0,10.0,0.0,-1.0,-1.0,0.0
gaussian|mlp|targeted_benign|1|1077,gaussian,gaussian_anticollapse_beta05_freebits01_20260529_173512,MLP,mlp,targeted-benign-latent-pgd,1,1077,Spoofing,Spoofing,Spoofing,Benign,Benign,True,True,True,True,True,0,1.5721963258203984,1.6248077342567389,`IAT` 0.0012027; `Min` -4.25676; `Header_Length` -3.75767; `Variance` -12290.1; `AVG` 102.217,38,Variance,362906.02233478054,350615.92798426934,-12290.094350511208,8.188929557800293,7.911596775054932,-0.27733278274536133
gaussian|serial|targeted_benign|1|389,gaussian,gaussian_anticollapse_beta05_freebits01_20260529_173512,CNN-LSTM,serial,targeted-benign-latent-pgd,1,389,Spoofing,Spoofing,Spoofing,Benign,Benign,True,True,True,True,True,1,0.8677820093190303,1.7603625937722789,`Min` 4.33166; `Header_Length` 4.86153; `Std` -36.842; `Variance` -6426.96; `ack_count` 0.620348,0,Header_Length,23.600000455726843,28.46153228585115,4.8615318301243065,0.3079471290111542,0.7103918194770813,0.4024446904659271
gaussian|serial|targeted_benign|1|389,gaussian,gaussian_anticollapse_beta05_freebits01_20260529_173512,CNN-LSTM,serial,targeted-benign-latent-pgd,1,389,Spoofing,Spoofing,Spoofing,Benign,Benign,True,True,True,True,True,1,0.8677820093190303,1.7603625937722789,`Min` 4.33166; `Header_Length` 4.86153; `Std` -36.842; `Variance` -6426.96; `ack_count` 0.620348,1,Protocol Type,6.0,6.0,0.0,0.0,0.0,0.0
gaussian|serial|targeted_benign|1|389,gaussian,gaussian_anticollapse_beta05_freebits01_20260529_173512,CNN-LSTM,serial,targeted-benign-latent-pgd,1,389,Spoofing,Spoofing,Spoofing,Benign,Benign,True,True,True,True,True,1,0.8677820093190303,1.7603625937722789,`Min` 4.33166; `Header_Length` 4.86153; `Std` -36.842; `Variance` -6426.96; `ack_count` 0.620348,2,Time_To_Live,196.59999911114573,196.59999911114573,0.0,69.4239501953125,69.4239501953125,0.0
gaussian|serial|targeted_benign|1|389,gaussian,gaussian_anticollapse_beta05_freebits01_20260529_173512,CNN-LSTM,serial,targeted-benign-latent-pgd,1,389,Spoofing,Spoofing,Spoofing,Benign,Benign,True,True,True,True,True,1,0.8677820093190303,1.7603625937722789,`Min` 4.33166; `Header_Length` 4.86153; `Std` -36.842; `Variance` -6426.96; `ack_count` 0.620348,3,Rate,3233.1025649521307,3233.1025649521307,0.0,-0.13240870833396912,-0.13240870833396912,0.0
gaussian|serial|targeted_benign|1|389,gaussian,gaussian_anticollapse_beta05_freebits01_20260529_173512,CNN-LSTM,serial,targeted-benign-latent-pgd,1,389,Spoofing,Spoofing,Spoofing,Benign,Benign,True,True,True,True,True,1,0.8677820093190303,1.7603625937722789,`Min` 4.33166; `Header_Length` 4.86153; `Std` -36.842; `Variance` -6426.96; `ack_count` 0.620348,4,fin_flag_number,0.0,0.0,0.0,0.0,0.0,0.0
gaussian|serial|targeted_benign|1|389,gaussian,gaussian_anticollapse_beta05_freebits01_20260529_173512,CNN-LSTM,serial,targeted-benign-latent-pgd,1,389,Spoofing,Spoofing,Spoofing,Benign,Benign,True,True,True,True,True,1,0.8677820093190303,1.7603625937722789,`Min` 4.33166; `Header_Length` 4.86153; `Std` -36.842; `Variance` -6426.96; `ack_count` 0.620348,5,syn_flag_number,0.0,0.0,0.0,0.0,0.0,0.0
gaussian|serial|targeted_benign|1|389,gaussian,gaussian_anticollapse_beta05_freebits01_20260529_173512,CNN-LSTM,serial,targeted-benign-latent-pgd,1,389,Spoofing,Spoofing,Spoofing,Benign,Benign,True,True,True,True,True,1,0.8677820093190303,1.7603625937722789,`Min` 4.33166; `Header_Length` 4.86153; `Std` -36.842; `Variance` -6426.96; `ack_count` 0.620348,6,rst_flag_number,0.0,0.0,0.0,0.0,0.0,0.0
gaussian|serial|targeted_benign|1|389,gaussian,gaussian_anticollapse_beta05_freebits01_20260529_173512,CNN-LSTM,serial,targeted-benign-latent-pgd,1,389,Spoofing,Spoofing,Spoofing,Benign,Benign,True,True,True,True,True,1,0.8677820093190303,1.7603625937722789,`Min` 4.33166; `Header_Length` 4.86153; `Std` -36.842; `Variance` -6426.96; `ack_count` 0.620348,7,psh_flag_number,0.0,0.0,0.0,0.0,0.0,0.0
gaussian|serial|targeted_benign|1|389,gaussian,gaussian_anticollapse_beta05_freebits01_20260529_173512,CNN-LSTM,serial,targeted-benign-latent-pgd,1,389,Spoofing,Spoofing,Spoofing,Benign,Benign,True,True,True,True,True,1,0.8677820093190303,1.7603625937722789,`Min` 4.33166; `Header_Length` 4.86153; `Std` -36.842; `Variance` -6426.96; `ack_count` 0.620348,8,ack_flag_number,1.0,1.0029408931732178,0.0029408931732177734,1.0,1.0029408931732178,0.0029408931732177734
gaussian|serial|targeted_benign|1|389,gaussian,gaussian_anticollapse_beta05_freebits01_20260529_173512,CNN-LSTM,serial,targeted-benign-latent-pgd,1,389,Spoofing,Spoofing,Spoofing,Benign,Benign,True,True,True,True,True,1,0.8677820093190303,1.7603625937722789,`Min` 4.33166; `Header_Length` 4.86153; `Std` -36.842; `Variance` -6426.96; `ack_count` 0.620348,9,ece_flag_number,0.0,0.0,0.0,0.0,0.0,0.0
gaussian|serial|targeted_benign|1|389,gaussian,gaussian_anticollapse_beta05_freebits01_20260529_173512,CNN-LSTM,serial,targeted-benign-latent-pgd,1,389,Spoofing,Spoofing,Spoofing,Benign,Benign,True,True,True,True,True,1,0.8677820093190303,1.7603625937722789,`Min` 4.33166; `Header_Length` 4.86153; `Std` -36.842; `Variance` -6426.96; `ack_count` 0.620348,10,cwr_flag_number,0.0,0.0,0.0,0.0,0.0,0.0
gaussian|serial|targeted_benign|1|389,gaussian,gaussian_anticollapse_beta05_freebits01_20260529_173512,CNN-LSTM,serial,targeted-benign-latent-pgd,1,389,Spoofing,Spoofing,Spoofing,Benign,Benign,True,True,True,True,True,1,0.8677820093190303,1.7603625937722789,`Min` 4.33166; `Header_Length` 4.86153; `Std` -36.842; `Variance` -6426.96; `ack_count` 0.620348,11,ack_count,10.000000238418579,10.62034821510315,0.6203479766845703,1.4285714626312256,1.5171926021575928,0.08862113952636719
gaussian|serial|targeted_benign|1|389,gaussian,gaussian_anticollapse_beta05_freebits01_20260529_173512,CNN-LSTM,serial,targeted-benign-latent-pgd,1,389,Spoofing,Spoofing,Spoofing,Benign,Benign,True,True,True,True,True,1,0.8677820093190303,1.7603625937722789,`Min` 4.33166; `Header_Length` 4.86153; `Std` -36.842; `Variance` -6426.96; `ack_count` 0.620348,12,syn_count,0.0,0.0,0.0,0.0,0.0,0.0
gaussian|serial|targeted_benign|1|389,gaussian,gaussian_anticollapse_beta05_freebits01_20260529_173512,CNN-LSTM,serial,targeted-benign-latent-pgd,1,389,Spoofing,Spoofing,Spoofing,Benign,Benign,True,True,True,True,True,1,0.8677820093190303,1.7603625937722789,`Min` 4.33166; `Header_Length` 4.86153; `Std` -36.842; `Variance` -6426.96; `ack_count` 0.620348,13,fin_count,0.0,0.0,0.0,0.0,0.0,0.0
gaussian|serial|targeted_benign|1|389,gaussian,gaussian_anticollapse_beta05_freebits01_20260529_173512,CNN-LSTM,serial,targeted-benign-latent-pgd,1,389,Spoofing,Spoofing,Spoofing,Benign,Benign,True,True,True,True,True,1,0.8677820093190303,1.7603625937722789,`Min` 4.33166; `Header_Length` 4.86153; `Std` -36.842; `Variance` -6426.96; `ack_count` 0.620348,14,rst_count,0.0,0.0,0.0,0.0,0.0,0.0
gaussian|serial|targeted_benign|1|389,gaussian,gaussian_anticollapse_beta05_freebits01_20260529_173512,CNN-LSTM,serial,targeted-benign-latent-pgd,1,389,Spoofing,Spoofing,Spoofing,Benign,Benign,True,True,True,True,True,1,0.8677820093190303,1.7603625937722789,`Min` 4.33166; `Header_Length` 4.86153; `Std` -36.842; `Variance` -6426.96; `ack_count` 0.620348,15,HTTP,0.0,0.0,0.0,0.0,0.0,0.0
gaussian|serial|targeted_benign|1|389,gaussian,gaussian_anticollapse_beta05_freebits01_20260529_173512,CNN-LSTM,serial,targeted-benign-latent-pgd,1,389,Spoofing,Spoofing,Spoofing,Benign,Benign,True,True,True,True,True,1,0.8677820093190303,1.7603625937722789,`Min` 4.33166; `Header_Length` 4.86153; `Std` -36.842; `Variance` -6426.96; `ack_count` 0.620348,16,HTTPS,1.0,1.0,0.0,1.0,1.0,0.0
gaussian|serial|targeted_benign|1|389,gaussian,gaussian_anticollapse_beta05_freebits01_20260529_173512,CNN-LSTM,serial,targeted-benign-latent-pgd,1,389,Spoofing,Spoofing,Spoofing,Benign,Benign,True,True,True,True,True,1,0.8677820093190303,1.7603625937722789,`Min` 4.33166; `Header_Length` 4.86153; `Std` -36.842; `Variance` -6426.96; `ack_count` 0.620348,17,DNS,0.0,0.0,0.0,0.0,0.0,0.0
gaussian|serial|targeted_benign|1|389,gaussian,gaussian_anticollapse_beta05_freebits01_20260529_173512,CNN-LSTM,serial,targeted-benign-latent-pgd,1,389,Spoofing,Spoofing,Spoofing,Benign,Benign,True,True,True,True,True,1,0.8677820093190303,1.7603625937722789,`Min` 4.33166; `Header_Length` 4.86153; `Std` -36.842; `Variance` -6426.96; `ack_count` 0.620348,18,Telnet,0.0,0.0,0.0,0.0,0.0,0.0
gaussian|serial|targeted_benign|1|389,gaussian,gaussian_anticollapse_beta05_freebits01_20260529_173512,CNN-LSTM,serial,targeted-benign-latent-pgd,1,389,Spoofing,Spoofing,Spoofing,Benign,Benign,True,True,True,True,True,1,0.8677820093190303,1.7603625937722789,`Min` 4.33166; `Header_Length` 4.86153; `Std` -36.842; `Variance` -6426.96; `ack_count` 0.620348,19,SMTP,0.0,0.0,0.0,0.0,0.0,0.0
gaussian|serial|targeted_benign|1|389,gaussian,gaussian_anticollapse_beta05_freebits01_20260529_173512,CNN-LSTM,serial,targeted-benign-latent-pgd,1,389,Spoofing,Spoofing,Spoofing,Benign,Benign,True,True,True,True,True,1,0.8677820093190303,1.7603625937722789,`Min` 4.33166; `Header_Length` 4.86153; `Std` -36.842; `Variance` -6426.96; `ack_count` 0.620348,20,SSH,0.0,0.0,0.0,0.0,0.0,0.0
gaussian|serial|targeted_benign|1|389,gaussian,gaussian_anticollapse_beta05_freebits01_20260529_173512,CNN-LSTM,serial,targeted-benign-latent-pgd,1,389,Spoofing,Spoofing,Spoofing,Benign,Benign,True,True,True,True,True,1,0.8677820093190303,1.7603625937722789,`Min` 4.33166; `Header_Length` 4.86153; `Std` -36.842; `Variance` -6426.96; `ack_count` 0.620348,21,IRC,0.0,0.0,0.0,0.0,0.0,0.0
gaussian|serial|targeted_benign|1|389,gaussian,gaussian_anticollapse_beta05_freebits01_20260529_173512,CNN-LSTM,serial,targeted-benign-latent-pgd,1,389,Spoofing,Spoofing,Spoofing,Benign,Benign,True,True,True,True,True,1,0.8677820093190303,1.7603625937722789,`Min` 4.33166; `Header_Length` 4.86153; `Std` -36.842; `Variance` -6426.96; `ack_count` 0.620348,22,TCP,1.0,1.0,0.0,0.0,0.0,0.0
gaussian|serial|targeted_benign|1|389,gaussian,gaussian_anticollapse_beta05_freebits01_20260529_173512,CNN-LSTM,serial,targeted-benign-latent-pgd,1,389,Spoofing,Spoofing,Spoofing,Benign,Benign,True,True,True,True,True,1,0.8677820093190303,1.7603625937722789,`Min` 4.33166; `Header_Length` 4.86153; `Std` -36.842; `Variance` -6426.96; `ack_count` 0.620348,23,UDP,0.0,0.0,0.0,0.0,0.0,0.0
gaussian|serial|targeted_benign|1|389,gaussian,gaussian_anticollapse_beta05_freebits01_20260529_173512,CNN-LSTM,serial,targeted-benign-latent-pgd,1,389,Spoofing,Spoofing,Spoofing,Benign,Benign,True,True,True,True,True,1,0.8677820093190303,1.7603625937722789,`Min` 4.33166; `Header_Length` 4.86153; `Std` -36.842; `Variance` -6426.96; `ack_count` 0.620348,24,DHCP,0.0,0.0,0.0,0.0,0.0,0.0
gaussian|serial|targeted_benign|1|389,gaussian,gaussian_anticollapse_beta05_freebits01_20260529_173512,CNN-LSTM,serial,targeted-benign-latent-pgd,1,389,Spoofing,Spoofing,Spoofing,Benign,Benign,True,True,True,True,True,1,0.8677820093190303,1.7603625937722789,`Min` 4.33166; `Header_Length` 4.86153; `Std` -36.842; `Variance` -6426.96; `ack_count` 0.620348,25,ARP,0.0,0.0,0.0,0.0,0.0,0.0
gaussian|serial|targeted_benign|1|389,gaussian,gaussian_anticollapse_beta05_freebits01_20260529_173512,CNN-LSTM,serial,targeted-benign-latent-pgd,1,389,Spoofing,Spoofing,Spoofing,Benign,Benign,True,True,True,True,True,1,0.8677820093190303,1.7603625937722789,`Min` 4.33166; `Header_Length` 4.86153; `Std` -36.842; `Variance` -6426.96; `ack_count` 0.620348,26,ICMP,0.0,0.0,0.0,0.0,0.0,0.0
gaussian|serial|targeted_benign|1|389,gaussian,gaussian_anticollapse_beta05_freebits01_20260529_173512,CNN-LSTM,serial,targeted-benign-latent-pgd,1,389,Spoofing,Spoofing,Spoofing,Benign,Benign,True,True,True,True,True,1,0.8677820093190303,1.7603625937722789,`Min` 4.33166; `Header_Length` 4.86153; `Std` -36.842; `Variance` -6426.96; `ack_count` 0.620348,27,IGMP,0.0,0.0,0.0,0.0,0.0,0.0
gaussian|serial|targeted_benign|1|389,gaussian,gaussian_anticollapse_beta05_freebits01_20260529_173512,CNN-LSTM,serial,targeted-benign-latent-pgd,1,389,Spoofing,Spoofing,Spoofing,Benign,Benign,True,True,True,True,True,1,0.8677820093190303,1.7603625937722789,`Min` 4.33166; `Header_Length` 4.86153; `Std` -36.842; `Variance` -6426.96; `ack_count` 0.620348,28,IPv,1.0,1.0,0.0,0.0,0.0,0.0
gaussian|serial|targeted_benign|1|389,gaussian,gaussian_anticollapse_beta05_freebits01_20260529_173512,CNN-LSTM,serial,targeted-benign-latent-pgd,1,389,Spoofing,Spoofing,Spoofing,Benign,Benign,True,True,True,True,True,1,0.8677820093190303,1.7603625937722789,`Min` 4.33166; `Header_Length` 4.86153; `Std` -36.842; `Variance` -6426.96; `ack_count` 0.620348,29,LLC,1.0,1.0,0.0,0.0,0.0,0.0
gaussian|serial|targeted_benign|1|389,gaussian,gaussian_anticollapse_beta05_freebits01_20260529_173512,CNN-LSTM,serial,targeted-benign-latent-pgd,1,389,Spoofing,Spoofing,Spoofing,Benign,Benign,True,True,True,True,True,1,0.8677820093190303,1.7603625937722789,`Min` 4.33166; `Header_Length` 4.86153; `Std` -36.842; `Variance` -6426.96; `ack_count` 0.620348,30,Tot sum,1283.0001601204276,1283.0001601204276,0.0,-0.09638529270887375,-0.09638529270887375,0.0
gaussian|serial|targeted_benign|1|389,gaussian,gaussian_anticollapse_beta05_freebits01_20260529_173512,CNN-LSTM,serial,targeted-benign-latent-pgd,1,389,Spoofing,Spoofing,Spoofing,Benign,Benign,True,True,True,True,True,1,0.8677820093190303,1.7603625937722789,`Min` 4.33166; `Header_Length` 4.86153; `Std` -36.842; `Variance` -6426.96; `ack_count` 0.620348,31,Min,54.0,58.33165740966797,4.331657409667969,-1.0,-0.2780570983886719,0.7219429016113281
gaussian|serial|targeted_benign|1|389,gaussian,gaussian_anticollapse_beta05_freebits01_20260529_173512,CNN-LSTM,serial,targeted-benign-latent-pgd,1,389,Spoofing,Spoofing,Spoofing,Benign,Benign,True,True,True,True,True,1,0.8677820093190303,1.7603625937722789,`Min` 4.33166; `Header_Length` 4.86153; `Std` -36.842; `Variance` -6426.96; `ack_count` 0.620348,32,Max,393.00000327825546,363.46241307258606,-29.537590205669403,0.17652860283851624,0.14739882946014404,-0.029129773378372192
gaussian|serial|targeted_benign|1|389,gaussian,gaussian_anticollapse_beta05_freebits01_20260529_173512,CNN-LSTM,serial,targeted-benign-latent-pgd,1,389,Spoofing,Spoofing,Spoofing,Benign,Benign,True,True,True,True,True,1,0.8677820093190303,1.7603625937722789,`Min` 4.33166; `Header_Length` 4.86153; `Std` -36.842; `Variance` -6426.96; `ack_count` 0.620348,33,AVG,128.30000294744968,98.76241508126259,-29.537587866187096,0.0878378376364708,0.03081546723842621,-0.057022370398044586
gaussian|serial|targeted_benign|1|389,gaussian,gaussian_anticollapse_beta05_freebits01_20260529_173512,CNN-LSTM,serial,targeted-benign-latent-pgd,1,389,Spoofing,Spoofing,Spoofing,Benign,Benign,True,True,True,True,True,1,0.8677820093190303,1.7603625937722789,`Min` 4.33166; `Header_Length` 4.86153; `Std` -36.842; `Variance` -6426.96; `ack_count` 0.620348,34,Std,108.5285934271551,71.68663233781535,-36.84196108933975,0.4998696446418762,0.32485848665237427,-0.17501115798950195
gaussian|serial|targeted_benign|1|389,gaussian,gaussian_anticollapse_beta05_freebits01_20260529_173512,CNN-LSTM,serial,targeted-benign-latent-pgd,1,389,Spoofing,Spoofing,Spoofing,Benign,Benign,True,True,True,True,True,1,0.8677820093190303,1.7603625937722789,`Min` 4.33166; `Header_Length` 4.86153; `Std` -36.842; `Variance` -6426.96; `ack_count` 0.620348,35,Tot size,128.30000294744968,97.98885223269463,-30.31115071475506,0.0878378376364708,0.029322102665901184,-0.05851573497056961
gaussian|serial|targeted_benign|1|389,gaussian,gaussian_anticollapse_beta05_freebits01_20260529_173512,CNN-LSTM,serial,targeted-benign-latent-pgd,1,389,Spoofing,Spoofing,Spoofing,Benign,Benign,True,True,True,True,True,1,0.8677820093190303,1.7603625937722789,`Min` 4.33166; `Header_Length` 4.86153; `Std` -36.842; `Variance` -6426.96; `ack_count` 0.620348,36,IAT,0.0004105806383068862,0.0003612249710012929,-4.935566730559333e-05,0.27238503098487854,0.21915143728256226,-0.053233593702316284
gaussian|serial|targeted_benign|1|389,gaussian,gaussian_anticollapse_beta05_freebits01_20260529_173512,CNN-LSTM,serial,targeted-benign-latent-pgd,1,389,Spoofing,Spoofing,Spoofing,Benign,Benign,True,True,True,True,True,1,0.8677820093190303,1.7603625937722789,`Min` 4.33166; `Header_Length` 4.86153; `Std` -36.842; `Variance` -6426.96; `ack_count` 0.620348,37,Number,10.0,10.0,0.0,-1.0,-1.0,0.0
gaussian|serial|targeted_benign|1|389,gaussian,gaussian_anticollapse_beta05_freebits01_20260529_173512,CNN-LSTM,serial,targeted-benign-latent-pgd,1,389,Spoofing,Spoofing,Spoofing,Benign,Benign,True,True,True,True,True,1,0.8677820093190303,1.7603625937722789,`Min` 4.33166; `Header_Length` 4.86153; `Std` -36.842; `Variance` -6426.96; `ack_count` 0.620348,38,Variance,11778.456073770183,5351.49958051258,-6426.956493257603,0.2655416429042816,0.12051381170749664,-0.14502783119678497
gaussian|serial|targeted_benign|2|80,gaussian,gaussian_anticollapse_beta05_freebits01_20260529_173512,CNN-LSTM,serial,targeted-benign-latent-pgd,2,80,Spoofing,Spoofing,Spoofing,Benign,Benign,True,True,True,True,True,3,1.0813800169242256,1.9467921705522084,`Min` 4.89556; `Variance` 18754.2; `Header_Length` 4.28543; `IAT` -0.00023637; `ack_count` 1.40574,0,Header_Length,24.799999108235568,29.08542597202006,4.285426863784494,0.40728476643562317,0.7620386481285095,0.35475388169288635
gaussian|serial|targeted_benign|2|80,gaussian,gaussian_anticollapse_beta05_freebits01_20260529_173512,CNN-LSTM,serial,targeted-benign-latent-pgd,2,80,Spoofing,Spoofing,Spoofing,Benign,Benign,True,True,True,True,True,3,1.0813800169242256,1.9467921705522084,`Min` 4.89556; `Variance` 18754.2; `Header_Length` 4.28543; `IAT` -0.00023637; `ack_count` 1.40574,1,Protocol Type,6.0,6.0,0.0,0.0,0.0,0.0
gaussian|serial|targeted_benign|2|80,gaussian,gaussian_anticollapse_beta05_freebits01_20260529_173512,CNN-LSTM,serial,targeted-benign-latent-pgd,2,80,Spoofing,Spoofing,Spoofing,Benign,Benign,True,True,True,True,True,3,1.0813800169242256,1.9467921705522084,`Min` 4.89556; `Variance` 18754.2; `Header_Length` 4.28543; `IAT` -0.00023637; `ack_count` 1.40574,2,Time_To_Live,146.3000034155557,146.3000034155557,0.0,43.088924407958984,43.088924407958984,0.0
gaussian|serial|targeted_benign|2|80,gaussian,gaussian_anticollapse_beta05_freebits01_20260529_173512,CNN-LSTM,serial,targeted-benign-latent-pgd,2,80,Spoofing,Spoofing,Spoofing,Benign,Benign,True,True,True,True,True,3,1.0813800169242256,1.9467921705522084,`Min` 4.89556; `Variance` 18754.2; `Header_Length` 4.28543; `IAT` -0.00023637; `ack_count` 1.40574,3,Rate,45.09524621958735,45.09524621958735,0.0,-0.26120725274086,-0.26120725274086,0.0
gaussian|serial|targeted_benign|2|80,gaussian,gaussian_anticollapse_beta05_freebits01_20260529_173512,CNN-LSTM,serial,targeted-benign-latent-pgd,2,80,Spoofing,Spoofing,Spoofing,Benign,Benign,True,True,True,True,True,3,1.0813800169242256,1.9467921705522084,`Min` 4.89556; `Variance` 18754.2; `Header_Length` 4.28543; `IAT` -0.00023637; `ack_count` 1.40574,4,fin_flag_number,0.0,0.0,0.0,0.0,0.0,0.0
gaussian|serial|targeted_benign|2|80,gaussian,gaussian_anticollapse_beta05_freebits01_20260529_173512,CNN-LSTM,serial,targeted-benign-latent-pgd,2,80,Spoofing,Spoofing,Spoofing,Benign,Benign,True,True,True,True,True,3,1.0813800169242256,1.9467921705522084,`Min` 4.89556; `Variance` 18754.2; `Header_Length` 4.28543; `IAT` -0.00023637; `ack_count` 1.40574,5,syn_flag_number,0.0,0.0,0.0,0.0,0.0,0.0
gaussian|serial|targeted_benign|2|80,gaussian,gaussian_anticollapse_beta05_freebits01_20260529_173512,CNN-LSTM,serial,targeted-benign-latent-pgd,2,80,Spoofing,Spoofing,Spoofing,Benign,Benign,True,True,True,True,True,3,1.0813800169242256,1.9467921705522084,`Min` 4.89556; `Variance` 18754.2; `Header_Length` 4.28543; `IAT` -0.00023637; `ack_count` 1.40574,6,rst_flag_number,0.0,0.0,0.0,0.0,0.0,0.0
gaussian|serial|targeted_benign|2|80,gaussian,gaussian_anticollapse_beta05_freebits01_20260529_173512,CNN-LSTM,serial,targeted-benign-latent-pgd,2,80,Spoofing,Spoofing,Spoofing,Benign,Benign,True,True,True,True,True,3,1.0813800169242256,1.9467921705522084,`Min` 4.89556; `Variance` 18754.2; `Header_Length` 4.28543; `IAT` -0.00023637; `ack_count` 1.40574,7,psh_flag_number,0.0,0.0,0.0,0.0,0.0,0.0
gaussian|serial|targeted_benign|2|80,gaussian,gaussian_anticollapse_beta05_freebits01_20260529_173512,CNN-LSTM,serial,targeted-benign-latent-pgd,2,80,Spoofing,Spoofing,Spoofing,Benign,Benign,True,True,True,True,True,3,1.0813800169242256,1.9467921705522084,`Min` 4.89556; `Variance` 18754.2; `Header_Length` 4.28543; `IAT` -0.00023637; `ack_count` 1.40574,8,ack_flag_number,1.0,1.0004457235336304,0.0004457235336303711,1.0,1.0004457235336304,0.0004457235336303711
gaussian|serial|targeted_benign|2|80,gaussian,gaussian_anticollapse_beta05_freebits01_20260529_173512,CNN-LSTM,serial,targeted-benign-latent-pgd,2,80,Spoofing,Spoofing,Spoofing,Benign,Benign,True,True,True,True,True,3,1.0813800169242256,1.9467921705522084,`Min` 4.89556; `Variance` 18754.2; `Header_Length` 4.28543; `IAT` -0.00023637; `ack_count` 1.40574,9,ece_flag_number,0.0,0.0,0.0,0.0,0.0,0.0
gaussian|serial|targeted_benign|2|80,gaussian,gaussian_anticollapse_beta05_freebits01_20260529_173512,CNN-LSTM,serial,targeted-benign-latent-pgd,2,80,Spoofing,Spoofing,Spoofing,Benign,Benign,True,True,True,True,True,3,1.0813800169242256,1.9467921705522084,`Min` 4.89556; `Variance` 18754.2; `Header_Length` 4.28543; `IAT` -0.00023637; `ack_count` 1.40574,10,cwr_flag_number,0.0,0.0,0.0,0.0,0.0,0.0
gaussian|serial|targeted_benign|2|80,gaussian,gaussian_anticollapse_beta05_freebits01_20260529_173512,CNN-LSTM,serial,targeted-benign-latent-pgd,2,80,Spoofing,Spoofing,Spoofing,Benign,Benign,True,True,True,True,True,3,1.0813800169242256,1.9467921705522084,`Min` 4.89556; `Variance` 18754.2; `Header_Length` 4.28543; `IAT` -0.00023637; `ack_count` 1.40574,11,ack_count,8.000000357627869,9.405740976333618,1.4057406187057495,1.1428571939468384,1.343677282333374,0.20082008838653564
gaussian|serial|targeted_benign|2|80,gaussian,gaussian_anticollapse_beta05_freebits01_20260529_173512,CNN-LSTM,serial,targeted-benign-latent-pgd,2,80,Spoofing,Spoofing,Spoofing,Benign,Benign,True,True,True,True,True,3,1.0813800169242256,1.9467921705522084,`Min` 4.89556; `Variance` 18754.2; `Header_Length` 4.28543; `IAT` -0.00023637; `ack_count` 1.40574,12,syn_count,0.0,0.0,0.0,0.0,0.0,0.0
gaussian|serial|targeted_benign|2|80,gaussian,gaussian_anticollapse_beta05_freebits01_20260529_173512,CNN-LSTM,serial,targeted-benign-latent-pgd,2,80,Spoofing,Spoofing,Spoofing,Benign,Benign,True,True,True,True,True,3,1.0813800169242256,1.9467921705522084,`Min` 4.89556; `Variance` 18754.2; `Header_Length` 4.28543; `IAT` -0.00023637; `ack_count` 1.40574,13,fin_count,0.0,0.0,0.0,0.0,0.0,0.0
gaussian|serial|targeted_benign|2|80,gaussian,gaussian_anticollapse_beta05_freebits01_20260529_173512,CNN-LSTM,serial,targeted-benign-latent-pgd,2,80,Spoofing,Spoofing,Spoofing,Benign,Benign,True,True,True,True,True,3,1.0813800169242256,1.9467921705522084,`Min` 4.89556; `Variance` 18754.2; `Header_Length` 4.28543; `IAT` -0.00023637; `ack_count` 1.40574,14,rst_count,0.0,0.0,0.0,0.0,0.0,0.0
gaussian|serial|targeted_benign|2|80,gaussian,gaussian_anticollapse_beta05_freebits01_20260529_173512,CNN-LSTM,serial,targeted-benign-latent-pgd,2,80,Spoofing,Spoofing,Spoofing,Benign,Benign,True,True,True,True,True,3,1.0813800169242256,1.9467921705522084,`Min` 4.89556; `Variance` 18754.2; `Header_Length` 4.28543; `IAT` -0.00023637; `ack_count` 1.40574,15,HTTP,0.0,0.0,0.0,0.0,0.0,0.0
gaussian|serial|targeted_benign|2|80,gaussian,gaussian_anticollapse_beta05_freebits01_20260529_173512,CNN-LSTM,serial,targeted-benign-latent-pgd,2,80,Spoofing,Spoofing,Spoofing,Benign,Benign,True,True,True,True,True,3,1.0813800169242256,1.9467921705522084,`Min` 4.89556; `Variance` 18754.2; `Header_Length` 4.28543; `IAT` -0.00023637; `ack_count` 1.40574,16,HTTPS,1.0,1.0,0.0,1.0,1.0,0.0
gaussian|serial|targeted_benign|2|80,gaussian,gaussian_anticollapse_beta05_freebits01_20260529_173512,CNN-LSTM,serial,targeted-benign-latent-pgd,2,80,Spoofing,Spoofing,Spoofing,Benign,Benign,True,True,True,True,True,3,1.0813800169242256,1.9467921705522084,`Min` 4.89556; `Variance` 18754.2; `Header_Length` 4.28543; `IAT` -0.00023637; `ack_count` 1.40574,17,DNS,0.0,0.0,0.0,0.0,0.0,0.0
gaussian|serial|targeted_benign|2|80,gaussian,gaussian_anticollapse_beta05_freebits01_20260529_173512,CNN-LSTM,serial,targeted-benign-latent-pgd,2,80,Spoofing,Spoofing,Spoofing,Benign,Benign,True,True,True,True,True,3,1.0813800169242256,1.9467921705522084,`Min` 4.89556; `Variance` 18754.2; `Header_Length` 4.28543; `IAT` -0.00023637; `ack_count` 1.40574,18,Telnet,0.0,0.0,0.0,0.0,0.0,0.0
gaussian|serial|targeted_benign|2|80,gaussian,gaussian_anticollapse_beta05_freebits01_20260529_173512,CNN-LSTM,serial,targeted-benign-latent-pgd,2,80,Spoofing,Spoofing,Spoofing,Benign,Benign,True,True,True,True,True,3,1.0813800169242256,1.9467921705522084,`Min` 4.89556; `Variance` 18754.2; `Header_Length` 4.28543; `IAT` -0.00023637; `ack_count` 1.40574,19,SMTP,0.0,0.0,0.0,0.0,0.0,0.0
gaussian|serial|targeted_benign|2|80,gaussian,gaussian_anticollapse_beta05_freebits01_20260529_173512,CNN-LSTM,serial,targeted-benign-latent-pgd,2,80,Spoofing,Spoofing,Spoofing,Benign,Benign,True,True,True,True,True,3,1.0813800169242256,1.9467921705522084,`Min` 4.89556; `Variance` 18754.2; `Header_Length` 4.28543; `IAT` -0.00023637; `ack_count` 1.40574,20,SSH,0.0,0.0,0.0,0.0,0.0,0.0
gaussian|serial|targeted_benign|2|80,gaussian,gaussian_anticollapse_beta05_freebits01_20260529_173512,CNN-LSTM,serial,targeted-benign-latent-pgd,2,80,Spoofing,Spoofing,Spoofing,Benign,Benign,True,True,True,True,True,3,1.0813800169242256,1.9467921705522084,`Min` 4.89556; `Variance` 18754.2; `Header_Length` 4.28543; `IAT` -0.00023637; `ack_count` 1.40574,21,IRC,0.0,0.0,0.0,0.0,0.0,0.0
gaussian|serial|targeted_benign|2|80,gaussian,gaussian_anticollapse_beta05_freebits01_20260529_173512,CNN-LSTM,serial,targeted-benign-latent-pgd,2,80,Spoofing,Spoofing,Spoofing,Benign,Benign,True,True,True,True,True,3,1.0813800169242256,1.9467921705522084,`Min` 4.89556; `Variance` 18754.2; `Header_Length` 4.28543; `IAT` -0.00023637; `ack_count` 1.40574,22,TCP,1.0,1.0,0.0,0.0,0.0,0.0
gaussian|serial|targeted_benign|2|80,gaussian,gaussian_anticollapse_beta05_freebits01_20260529_173512,CNN-LSTM,serial,targeted-benign-latent-pgd,2,80,Spoofing,Spoofing,Spoofing,Benign,Benign,True,True,True,True,True,3,1.0813800169242256,1.9467921705522084,`Min` 4.89556; `Variance` 18754.2; `Header_Length` 4.28543; `IAT` -0.00023637; `ack_count` 1.40574,23,UDP,0.0,0.0,0.0,0.0,0.0,0.0
gaussian|serial|targeted_benign|2|80,gaussian,gaussian_anticollapse_beta05_freebits01_20260529_173512,CNN-LSTM,serial,targeted-benign-latent-pgd,2,80,Spoofing,Spoofing,Spoofing,Benign,Benign,True,True,True,True,True,3,1.0813800169242256,1.9467921705522084,`Min` 4.89556; `Variance` 18754.2; `Header_Length` 4.28543; `IAT` -0.00023637; `ack_count` 1.40574,24,DHCP,0.0,0.0,0.0,0.0,0.0,0.0
gaussian|serial|targeted_benign|2|80,gaussian,gaussian_anticollapse_beta05_freebits01_20260529_173512,CNN-LSTM,serial,targeted-benign-latent-pgd,2,80,Spoofing,Spoofing,Spoofing,Benign,Benign,True,True,True,True,True,3,1.0813800169242256,1.9467921705522084,`Min` 4.89556; `Variance` 18754.2; `Header_Length` 4.28543; `IAT` -0.00023637; `ack_count` 1.40574,25,ARP,0.0,0.0,0.0,0.0,0.0,0.0
gaussian|serial|targeted_benign|2|80,gaussian,gaussian_anticollapse_beta05_freebits01_20260529_173512,CNN-LSTM,serial,targeted-benign-latent-pgd,2,80,Spoofing,Spoofing,Spoofing,Benign,Benign,True,True,True,True,True,3,1.0813800169242256,1.9467921705522084,`Min` 4.89556; `Variance` 18754.2; `Header_Length` 4.28543; `IAT` -0.00023637; `ack_count` 1.40574,26,ICMP,0.0,0.0,0.0,0.0,0.0,0.0
gaussian|serial|targeted_benign|2|80,gaussian,gaussian_anticollapse_beta05_freebits01_20260529_173512,CNN-LSTM,serial,targeted-benign-latent-pgd,2,80,Spoofing,Spoofing,Spoofing,Benign,Benign,True,True,True,True,True,3,1.0813800169242256,1.9467921705522084,`Min` 4.89556; `Variance` 18754.2; `Header_Length` 4.28543; `IAT` -0.00023637; `ack_count` 1.40574,27,IGMP,0.0,0.0,0.0,0.0,0.0,0.0
gaussian|serial|targeted_benign|2|80,gaussian,gaussian_anticollapse_beta05_freebits01_20260529_173512,CNN-LSTM,serial,targeted-benign-latent-pgd,2,80,Spoofing,Spoofing,Spoofing,Benign,Benign,True,True,True,True,True,3,1.0813800169242256,1.9467921705522084,`Min` 4.89556; `Variance` 18754.2; `Header_Length` 4.28543; `IAT` -0.00023637; `ack_count` 1.40574,28,IPv,1.0,1.0,0.0,0.0,0.0,0.0
gaussian|serial|targeted_benign|2|80,gaussian,gaussian_anticollapse_beta05_freebits01_20260529_173512,CNN-LSTM,serial,targeted-benign-latent-pgd,2,80,Spoofing,Spoofing,Spoofing,Benign,Benign,True,True,True,True,True,3,1.0813800169242256,1.9467921705522084,`Min` 4.89556; `Variance` 18754.2; `Header_Length` 4.28543; `IAT` -0.00023637; `ack_count` 1.40574,29,LLC,1.0,1.0,0.0,0.0,0.0,0.0
gaussian|serial|targeted_benign|2|80,gaussian,gaussian_anticollapse_beta05_freebits01_20260529_173512,CNN-LSTM,serial,targeted-benign-latent-pgd,2,80,Spoofing,Spoofing,Spoofing,Benign,Benign,True,True,True,True,True,3,1.0813800169242256,1.9467921705522084,`Min` 4.89556; `Variance` 18754.2; `Header_Length` 4.28543; `IAT` -0.00023637; `ack_count` 1.40574,30,Tot sum,4055.000063125044,4055.000063125044,0.0,-0.03974335268139839,-0.03974335268139839,0.0
gaussian|serial|targeted_benign|2|80,gaussian,gaussian_anticollapse_beta05_freebits01_20260529_173512,CNN-LSTM,serial,targeted-benign-latent-pgd,2,80,Spoofing,Spoofing,Spoofing,Benign,Benign,True,True,True,True,True,3,1.0813800169242256,1.9467921705522084,`Min` 4.89556; `Variance` 18754.2; `Header_Length` 4.28543; `IAT` -0.00023637; `ack_count` 1.40574,31,Min,54.0,58.89556109905243,4.895561099052429,-1.0,-0.18407315015792847,0.8159268498420715
gaussian|serial|targeted_benign|2|80,gaussian,gaussian_anticollapse_beta05_freebits01_20260529_173512,CNN-LSTM,serial,targeted-benign-latent-pgd,2,80,Spoofing,Spoofing,Spoofing,Benign,Benign,True,True,True,True,True,3,1.0813800169242256,1.9467921705522084,`Min` 4.89556; `Variance` 18754.2; `Header_Length` 4.28543; `IAT` -0.00023637; `ack_count` 1.40574,32,Max,1500.0000488758087,1602.606921195984,102.60687232017517,1.2682446241378784,1.3694348335266113,0.10119020938873291
gaussian|serial|targeted_benign|2|80,gaussian,gaussian_anticollapse_beta05_freebits01_20260529_173512,CNN-LSTM,serial,targeted-benign-latent-pgd,2,80,Spoofing,Spoofing,Spoofing,Benign,Benign,True,True,True,True,True,3,1.0813800169242256,1.9467921705522084,`Min` 4.89556; `Variance` 18754.2; `Header_Length` 4.28543; `IAT` -0.00023637; `ack_count` 1.40574,33,AVG,405.5000299215317,508.10695362091064,102.60692369937897,0.6229730248451233,0.8210558891296387,0.19808286428451538
gaussian|serial|targeted_benign|2|80,gaussian,gaussian_anticollapse_beta05_freebits01_20260529_173512,CNN-LSTM,serial,targeted-benign-latent-pgd,2,80,Spoofing,Spoofing,Spoofing,Benign,Benign,True,True,True,True,True,3,1.0813800169242256,1.9467921705522084,`Min` 4.89556; `Variance` 18754.2; `Header_Length` 4.28543; `IAT` -0.00023637; `ack_count` 1.40574,34,Std,580.7495701862135,596.6617539636172,15.912183777403698,2.7430710792541504,2.8186590671539307,0.07558798789978027
gaussian|serial|targeted_benign|2|80,gaussian,gaussian_anticollapse_beta05_freebits01_20260529_173512,CNN-LSTM,serial,targeted-benign-latent-pgd,2,80,Spoofing,Spoofing,Spoofing,Benign,Benign,True,True,True,True,True,3,1.0813800169242256,1.9467921705522084,`Min` 4.89556; `Variance` 18754.2; `Header_Length` 4.28543; `IAT` -0.00023637; `ack_count` 1.40574,35,Tot size,405.5000299215317,506.72170662879944,101.22167670726776,0.6229730248451233,0.818381667137146,0.1954086422920227
gaussian|serial|targeted_benign|2|80,gaussian,gaussian_anticollapse_beta05_freebits01_20260529_173512,CNN-LSTM,serial,targeted-benign-latent-pgd,2,80,Spoofing,Spoofing,Spoofing,Benign,Benign,True,True,True,True,True,3,1.0813800169242256,1.9467921705522084,`Min` 4.89556; `Variance` 18754.2; `Header_Length` 4.28543; `IAT` -0.00023637; `ack_count` 1.40574,36,IAT,0.02217750676717843,0.021941136672414048,-0.00023637009476438348,23.749561309814453,23.494619369506836,-0.2549419403076172
gaussian|serial|targeted_benign|2|80,gaussian,gaussian_anticollapse_beta05_freebits01_20260529_173512,CNN-LSTM,serial,targeted-benign-latent-pgd,2,80,Spoofing,Spoofing,Spoofing,Benign,Benign,True,True,True,True,True,3,1.0813800169242256,1.9467921705522084,`Min` 4.89556; `Variance` 18754.2; `Header_Length` 4.28543; `IAT` -0.00023637; `ack_count` 1.40574,37,Number,10.0,10.0,0.0,-1.0,-1.0,0.0
gaussian|serial|targeted_benign|2|80,gaussian,gaussian_anticollapse_beta05_freebits01_20260529_173512,CNN-LSTM,serial,targeted-benign-latent-pgd,2,80,Spoofing,Spoofing,Spoofing,Benign,Benign,True,True,True,True,True,3,1.0813800169242256,1.9467921705522084,`Min` 4.89556; `Variance` 18754.2; `Header_Length` 4.28543; `IAT` -0.00023637; `ack_count` 1.40574,38,Variance,337270.0767697133,356024.26767324284,18754.190903529525,7.610440254211426,8.033638954162598,0.4231986999511719
laplace|cnn|targeted_benign|1|99,laplace,laplace_rerun_20260529,CNN,cnn,targeted-benign-latent-pgd,1,99,Recon,Recon,Recon,Benign,Benign,True,True,True,True,True,3,0.7172070407905229,1.5656137353258206,`Min` 3.4931; `IAT` 0.000335039; `Tot size` 64.3042; `AVG` 64.1677; `Header_Length` 0.923021,0,Header_Length,24.799999108235568,25.72302032833528,0.923021220099713,0.40728476643562317,0.48369380831718445,0.07640904188156128
laplace|cnn|targeted_benign|1|99,laplace,laplace_rerun_20260529,CNN,cnn,targeted-benign-latent-pgd,1,99,Recon,Recon,Recon,Benign,Benign,True,True,True,True,True,3,0.7172070407905229,1.5656137353258206,`Min` 3.4931; `IAT` 0.000335039; `Tot size` 64.3042; `AVG` 64.1677; `Header_Length` 0.923021,1,Protocol Type,6.0,6.0,0.0,0.0,0.0,0.0
laplace|cnn|targeted_benign|1|99,laplace,laplace_rerun_20260529,CNN,cnn,targeted-benign-latent-pgd,1,99,Recon,Recon,Recon,Benign,Benign,True,True,True,True,True,3,0.7172070407905229,1.5656137353258206,`Min` 3.4931; `IAT` 0.000335039; `Tot size` 64.3042; `AVG` 64.1677; `Header_Length` 0.923021,2,Time_To_Live,92.300002228003,92.300002228003,0.0,14.816726684570312,14.816726684570312,0.0
laplace|cnn|targeted_benign|1|99,laplace,laplace_rerun_20260529,CNN,cnn,targeted-benign-latent-pgd,1,99,Recon,Recon,Recon,Benign,Benign,True,True,True,True,True,3,0.7172070407905229,1.5656137353258206,`Min` 3.4931; `IAT` 0.000335039; `Tot size` 64.3042; `AVG` 64.1677; `Header_Length` 0.923021,3,Rate,83.89488603101017,82.6814291031842,-1.2134569278259733,-0.259639710187912,-0.25968873500823975,-4.902482032775879e-05
laplace|cnn|targeted_benign|1|99,laplace,laplace_rerun_20260529,CNN,cnn,targeted-benign-latent-pgd,1,99,Recon,Recon,Recon,Benign,Benign,True,True,True,True,True,3,0.7172070407905229,1.5656137353258206,`Min` 3.4931; `IAT` 0.000335039; `Tot size` 64.3042; `AVG` 64.1677; `Header_Length` 0.923021,4,fin_flag_number,0.0,0.0,0.0,0.0,0.0,0.0
laplace|cnn|targeted_benign|1|99,laplace,laplace_rerun_20260529,CNN,cnn,targeted-benign-latent-pgd,1,99,Recon,Recon,Recon,Benign,Benign,True,True,True,True,True,3,0.7172070407905229,1.5656137353258206,`Min` 3.4931; `IAT` 0.000335039; `Tot size` 64.3042; `AVG` 64.1677; `Header_Length` 0.923021,5,syn_flag_number,0.0,0.0,0.0,0.0,0.0,0.0
laplace|cnn|targeted_benign|1|99,laplace,laplace_rerun_20260529,CNN,cnn,targeted-benign-latent-pgd,1,99,Recon,Recon,Recon,Benign,Benign,True,True,True,True,True,3,0.7172070407905229,1.5656137353258206,`Min` 3.4931; `IAT` 0.000335039; `Tot size` 64.3042; `AVG` 64.1677; `Header_Length` 0.923021,6,rst_flag_number,0.0,0.0,0.0,0.0,0.0,0.0
laplace|cnn|targeted_benign|1|99,laplace,laplace_rerun_20260529,CNN,cnn,targeted-benign-latent-pgd,1,99,Recon,Recon,Recon,Benign,Benign,True,True,True,True,True,3,0.7172070407905229,1.5656137353258206,`Min` 3.4931; `IAT` 0.000335039; `Tot size` 64.3042; `AVG` 64.1677; `Header_Length` 0.923021,7,psh_flag_number,0.0,0.0,0.0,0.0,0.0,0.0
laplace|cnn|targeted_benign|1|99,laplace,laplace_rerun_20260529,CNN,cnn,targeted-benign-latent-pgd,1,99,Recon,Recon,Recon,Benign,Benign,True,True,True,True,True,3,0.7172070407905229,1.5656137353258206,`Min` 3.4931; `IAT` 0.000335039; `Tot size` 64.3042; `AVG` 64.1677; `Header_Length` 0.923021,8,ack_flag_number,1.0,1.0000265836715698,2.658367156982422e-05,1.0,1.0000265836715698,2.658367156982422e-05
laplace|cnn|targeted_benign|1|99,laplace,laplace_rerun_20260529,CNN,cnn,targeted-benign-latent-pgd,1,99,Recon,Recon,Recon,Benign,Benign,True,True,True,True,True,3,0.7172070407905229,1.5656137353258206,`Min` 3.4931; `IAT` 0.000335039; `Tot size` 64.3042; `AVG` 64.1677; `Header_Length` 0.923021,9,ece_flag_number,0.0,0.0,0.0,0.0,0.0,0.0
laplace|cnn|targeted_benign|1|99,laplace,laplace_rerun_20260529,CNN,cnn,targeted-benign-latent-pgd,1,99,Recon,Recon,Recon,Benign,Benign,True,True,True,True,True,3,0.7172070407905229,1.5656137353258206,`Min` 3.4931; `IAT` 0.000335039; `Tot size` 64.3042; `AVG` 64.1677; `Header_Length` 0.923021,10,cwr_flag_number,0.0,0.0,0.0,0.0,0.0,0.0
laplace|cnn|targeted_benign|1|99,laplace,laplace_rerun_20260529,CNN,cnn,targeted-benign-latent-pgd,1,99,Recon,Recon,Recon,Benign,Benign,True,True,True,True,True,3,0.7172070407905229,1.5656137353258206,`Min` 3.4931; `IAT` 0.000335039; `Tot size` 64.3042; `AVG` 64.1677; `Header_Length` 0.923021,11,ack_count,7.0,6.887157380580902,-0.1128426194190979,1.0,0.9838796257972717,-0.01612037420272827
laplace|cnn|targeted_benign|1|99,laplace,laplace_rerun_20260529,CNN,cnn,targeted-benign-latent-pgd,1,99,Recon,Recon,Recon,Benign,Benign,True,True,True,True,True,3,0.7172070407905229,1.5656137353258206,`Min` 3.4931; `IAT` 0.000335039; `Tot size` 64.3042; `AVG` 64.1677; `Header_Length` 0.923021,12,syn_count,0.0,0.0,0.0,0.0,0.0,0.0
laplace|cnn|targeted_benign|1|99,laplace,laplace_rerun_20260529,CNN,cnn,targeted-benign-latent-pgd,1,99,Recon,Recon,Recon,Benign,Benign,True,True,True,True,True,3,0.7172070407905229,1.5656137353258206,`Min` 3.4931; `IAT` 0.000335039; `Tot size` 64.3042; `AVG` 64.1677; `Header_Length` 0.923021,13,fin_count,0.0,0.0,0.0,0.0,0.0,0.0
laplace|cnn|targeted_benign|1|99,laplace,laplace_rerun_20260529,CNN,cnn,targeted-benign-latent-pgd,1,99,Recon,Recon,Recon,Benign,Benign,True,True,True,True,True,3,0.7172070407905229,1.5656137353258206,`Min` 3.4931; `IAT` 0.000335039; `Tot size` 64.3042; `AVG` 64.1677; `Header_Length` 0.923021,14,rst_count,0.0,0.0,0.0,0.0,0.0,0.0
laplace|cnn|targeted_benign|1|99,laplace,laplace_rerun_20260529,CNN,cnn,targeted-benign-latent-pgd,1,99,Recon,Recon,Recon,Benign,Benign,True,True,True,True,True,3,0.7172070407905229,1.5656137353258206,`Min` 3.4931; `IAT` 0.000335039; `Tot size` 64.3042; `AVG` 64.1677; `Header_Length` 0.923021,15,HTTP,0.0,0.0,0.0,0.0,0.0,0.0
laplace|cnn|targeted_benign|1|99,laplace,laplace_rerun_20260529,CNN,cnn,targeted-benign-latent-pgd,1,99,Recon,Recon,Recon,Benign,Benign,True,True,True,True,True,3,0.7172070407905229,1.5656137353258206,`Min` 3.4931; `IAT` 0.000335039; `Tot size` 64.3042; `AVG` 64.1677; `Header_Length` 0.923021,16,HTTPS,0.0,0.0,0.0,0.0,0.0,0.0
laplace|cnn|targeted_benign|1|99,laplace,laplace_rerun_20260529,CNN,cnn,targeted-benign-latent-pgd,1,99,Recon,Recon,Recon,Benign,Benign,True,True,True,True,True,3,0.7172070407905229,1.5656137353258206,`Min` 3.4931; `IAT` 0.000335039; `Tot size` 64.3042; `AVG` 64.1677; `Header_Length` 0.923021,17,DNS,0.0,0.0,0.0,0.0,0.0,0.0
laplace|cnn|targeted_benign|1|99,laplace,laplace_rerun_20260529,CNN,cnn,targeted-benign-latent-pgd,1,99,Recon,Recon,Recon,Benign,Benign,True,True,True,True,True,3,0.7172070407905229,1.5656137353258206,`Min` 3.4931; `IAT` 0.000335039; `Tot size` 64.3042; `AVG` 64.1677; `Header_Length` 0.923021,18,Telnet,0.0,0.0,0.0,0.0,0.0,0.0
laplace|cnn|targeted_benign|1|99,laplace,laplace_rerun_20260529,CNN,cnn,targeted-benign-latent-pgd,1,99,Recon,Recon,Recon,Benign,Benign,True,True,True,True,True,3,0.7172070407905229,1.5656137353258206,`Min` 3.4931; `IAT` 0.000335039; `Tot size` 64.3042; `AVG` 64.1677; `Header_Length` 0.923021,19,SMTP,0.0,0.0,0.0,0.0,0.0,0.0
laplace|cnn|targeted_benign|1|99,laplace,laplace_rerun_20260529,CNN,cnn,targeted-benign-latent-pgd,1,99,Recon,Recon,Recon,Benign,Benign,True,True,True,True,True,3,0.7172070407905229,1.5656137353258206,`Min` 3.4931; `IAT` 0.000335039; `Tot size` 64.3042; `AVG` 64.1677; `Header_Length` 0.923021,20,SSH,0.0,0.0,0.0,0.0,0.0,0.0
laplace|cnn|targeted_benign|1|99,laplace,laplace_rerun_20260529,CNN,cnn,targeted-benign-latent-pgd,1,99,Recon,Recon,Recon,Benign,Benign,True,True,True,True,True,3,0.7172070407905229,1.5656137353258206,`Min` 3.4931; `IAT` 0.000335039; `Tot size` 64.3042; `AVG` 64.1677; `Header_Length` 0.923021,21,IRC,0.0,0.0,0.0,0.0,0.0,0.0
laplace|cnn|targeted_benign|1|99,laplace,laplace_rerun_20260529,CNN,cnn,targeted-benign-latent-pgd,1,99,Recon,Recon,Recon,Benign,Benign,True,True,True,True,True,3,0.7172070407905229,1.5656137353258206,`Min` 3.4931; `IAT` 0.000335039; `Tot size` 64.3042; `AVG` 64.1677; `Header_Length` 0.923021,22,TCP,1.0,1.0,0.0,0.0,0.0,0.0
laplace|cnn|targeted_benign|1|99,laplace,laplace_rerun_20260529,CNN,cnn,targeted-benign-latent-pgd,1,99,Recon,Recon,Recon,Benign,Benign,True,True,True,True,True,3,0.7172070407905229,1.5656137353258206,`Min` 3.4931; `IAT` 0.000335039; `Tot size` 64.3042; `AVG` 64.1677; `Header_Length` 0.923021,23,UDP,0.0,0.0,0.0,0.0,0.0,0.0
laplace|cnn|targeted_benign|1|99,laplace,laplace_rerun_20260529,CNN,cnn,targeted-benign-latent-pgd,1,99,Recon,Recon,Recon,Benign,Benign,True,True,True,True,True,3,0.7172070407905229,1.5656137353258206,`Min` 3.4931; `IAT` 0.000335039; `Tot size` 64.3042; `AVG` 64.1677; `Header_Length` 0.923021,24,DHCP,0.0,0.0,0.0,0.0,0.0,0.0
laplace|cnn|targeted_benign|1|99,laplace,laplace_rerun_20260529,CNN,cnn,targeted-benign-latent-pgd,1,99,Recon,Recon,Recon,Benign,Benign,True,True,True,True,True,3,0.7172070407905229,1.5656137353258206,`Min` 3.4931; `IAT` 0.000335039; `Tot size` 64.3042; `AVG` 64.1677; `Header_Length` 0.923021,25,ARP,0.0,0.0,0.0,0.0,0.0,0.0
laplace|cnn|targeted_benign|1|99,laplace,laplace_rerun_20260529,CNN,cnn,targeted-benign-latent-pgd,1,99,Recon,Recon,Recon,Benign,Benign,True,True,True,True,True,3,0.7172070407905229,1.5656137353258206,`Min` 3.4931; `IAT` 0.000335039; `Tot size` 64.3042; `AVG` 64.1677; `Header_Length` 0.923021,26,ICMP,0.0,0.0,0.0,0.0,0.0,0.0
laplace|cnn|targeted_benign|1|99,laplace,laplace_rerun_20260529,CNN,cnn,targeted-benign-latent-pgd,1,99,Recon,Recon,Recon,Benign,Benign,True,True,True,True,True,3,0.7172070407905229,1.5656137353258206,`Min` 3.4931; `IAT` 0.000335039; `Tot size` 64.3042; `AVG` 64.1677; `Header_Length` 0.923021,27,IGMP,0.0,0.0,0.0,0.0,0.0,0.0
laplace|cnn|targeted_benign|1|99,laplace,laplace_rerun_20260529,CNN,cnn,targeted-benign-latent-pgd,1,99,Recon,Recon,Recon,Benign,Benign,True,True,True,True,True,3,0.7172070407905229,1.5656137353258206,`Min` 3.4931; `IAT` 0.000335039; `Tot size` 64.3042; `AVG` 64.1677; `Header_Length` 0.923021,28,IPv,1.0,1.0,0.0,0.0,0.0,0.0
laplace|cnn|targeted_benign|1|99,laplace,laplace_rerun_20260529,CNN,cnn,targeted-benign-latent-pgd,1,99,Recon,Recon,Recon,Benign,Benign,True,True,True,True,True,3,0.7172070407905229,1.5656137353258206,`Min` 3.4931; `IAT` 0.000335039; `Tot size` 64.3042; `AVG` 64.1677; `Header_Length` 0.923021,29,LLC,1.0,1.0,0.0,0.0,0.0,0.0
laplace|cnn|targeted_benign|1|99,laplace,laplace_rerun_20260529,CNN,cnn,targeted-benign-latent-pgd,1,99,Recon,Recon,Recon,Benign,Benign,True,True,True,True,True,3,0.7172070407905229,1.5656137353258206,`Min` 3.4931; `IAT` 0.000335039; `Tot size` 64.3042; `AVG` 64.1677; `Header_Length` 0.923021,30,Tot sum,2663.0001331418753,3303.5926609933376,640.5925278514624,-0.0681869238615036,-0.0550973117351532,0.013089612126350403
laplace|cnn|targeted_benign|1|99,laplace,laplace_rerun_20260529,CNN,cnn,targeted-benign-latent-pgd,1,99,Recon,Recon,Recon,Benign,Benign,True,True,True,True,True,3,0.7172070407905229,1.5656137353258206,`Min` 3.4931; `IAT` 0.000335039; `Tot size` 64.3042; `AVG` 64.1677; `Header_Length` 0.923021,31,Min,66.0,69.49309587478638,3.493095874786377,1.0,1.5821826457977295,0.5821826457977295
laplace|cnn|targeted_benign|1|99,laplace,laplace_rerun_20260529,CNN,cnn,targeted-benign-latent-pgd,1,99,Recon,Recon,Recon,Benign,Benign,True,True,True,True,True,3,0.7172070407905229,1.5656137353258206,`Min` 3.4931; `IAT` 0.000335039; `Tot size` 64.3042; `AVG` 64.1677; `Header_Length` 0.923021,32,Max,701.9999988079071,638.6149659156799,-63.38503289222717,0.48126232624053955,0.41875243186950684,-0.06250989437103271
laplace|cnn|targeted_benign|1|99,laplace,laplace_rerun_20260529,CNN,cnn,targeted-benign-latent-pgd,1,99,Recon,Recon,Recon,Benign,Benign,True,True,True,True,True,3,0.7172070407905229,1.5656137353258206,`Min` 3.4931; `IAT` 0.000335039; `Tot size` 64.3042; `AVG` 64.1677; `Header_Length` 0.923021,33,AVG,266.2999818921089,330.46764463186264,64.16766273975372,0.3542470633983612,0.47812286019325256,0.12387579679489136
laplace|cnn|targeted_benign|1|99,laplace,laplace_rerun_20260529,CNN,cnn,targeted-benign-latent-pgd,1,99,Recon,Recon,Recon,Benign,Benign,True,True,True,True,True,3,0.7172070407905229,1.5656137353258206,`Min` 3.4931; `IAT` 0.000335039; `Tot size` 64.3042; `AVG` 64.1677; `Header_Length` 0.923021,34,Std,207.22936406473218,212.9895435747394,5.7601795100072195,0.9687300324440002,0.9960927367210388,0.027362704277038574
laplace|cnn|targeted_benign|1|99,laplace,laplace_rerun_20260529,CNN,cnn,targeted-benign-latent-pgd,1,99,Recon,Recon,Recon,Benign,Benign,True,True,True,True,True,3,0.7172070407905229,1.5656137353258206,`Min` 3.4931; `IAT` 0.000335039; `Tot size` 64.3042; `AVG` 64.1677; `Header_Length` 0.923021,35,Tot size,266.2999818921089,330.60417479276657,64.30419290065765,0.3542470633983612,0.47838643193244934,0.12413936853408813
laplace|cnn|targeted_benign|1|99,laplace,laplace_rerun_20260529,CNN,cnn,targeted-benign-latent-pgd,1,99,Recon,Recon,Recon,Benign,Benign,True,True,True,True,True,3,0.7172070407905229,1.5656137353258206,`Min` 3.4931; `IAT` 0.000335039; `Tot size` 64.3042; `AVG` 64.1677; `Header_Length` 0.923021,36,IAT,0.012455392012914287,0.012790431055872457,0.0003350390429581705,13.263569831848145,13.624933242797852,0.36136341094970703
laplace|cnn|targeted_benign|1|99,laplace,laplace_rerun_20260529,CNN,cnn,targeted-benign-latent-pgd,1,99,Recon,Recon,Recon,Benign,Benign,True,True,True,True,True,3,0.7172070407905229,1.5656137353258206,`Min` 3.4931; `IAT` 0.000335039; `Tot size` 64.3042; `AVG` 64.1677; `Header_Length` 0.923021,37,Number,10.0,10.0,0.0,-1.0,-1.0,0.0
laplace|cnn|targeted_benign|1|99,laplace,laplace_rerun_20260529,CNN,cnn,targeted-benign-latent-pgd,1,99,Recon,Recon,Recon,Benign,Benign,True,True,True,True,True,3,0.7172070407905229,1.5656137353258206,`Min` 3.4931; `IAT` 0.000335039; `Tot size` 64.3042; `AVG` 64.1677; `Header_Length` 0.923021,38,Variance,42944.01194664021,45444.68572270777,2500.6737760675605,0.9688096642494202,1.0252387523651123,0.05642908811569214
laplace|cnn|targeted_benign|2|821,laplace,laplace_rerun_20260529,CNN,cnn,targeted-benign-latent-pgd,2,821,Spoofing,Spoofing,Spoofing,Benign,Benign,True,True,True,True,True,2,1.1551258996515614,1.6501611128227904,`Min` 5.96418; `IAT` 0.000472626; `Header_Length` 2.68718; `ack_count` 1.31466; `Max` 28.466,0,Header_Length,15.199999807828306,17.887181426951855,2.6871816191235496,-0.38741716742515564,-0.1649683564901352,0.22244881093502045
laplace|cnn|targeted_benign|2|821,laplace,laplace_rerun_20260529,CNN,cnn,targeted-benign-latent-pgd,2,821,Spoofing,Spoofing,Spoofing,Benign,Benign,True,True,True,True,True,2,1.1551258996515614,1.6501611128227904,`Min` 5.96418; `IAT` 0.000472626; `Header_Length` 2.68718; `ack_count` 1.31466; `Max` 28.466,1,Protocol Type,17.0,17.0,0.0,1.0,1.0,0.0
laplace|cnn|targeted_benign|2|821,laplace,laplace_rerun_20260529,CNN,cnn,targeted-benign-latent-pgd,2,821,Spoofing,Spoofing,Spoofing,Benign,Benign,True,True,True,True,True,2,1.1551258996515614,1.6501611128227904,`Min` 5.96418; `IAT` 0.000472626; `Header_Length` 2.68718; `ack_count` 1.31466; `Max` 28.466,2,Time_To_Live,80.699996332929,80.699996332929,0.0,8.743436813354492,8.743436813354492,0.0
laplace|cnn|targeted_benign|2|821,laplace,laplace_rerun_20260529,CNN,cnn,targeted-benign-latent-pgd,2,821,Spoofing,Spoofing,Spoofing,Benign,Benign,True,True,True,True,True,2,1.1551258996515614,1.6501611128227904,`Min` 5.96418; `IAT` 0.000472626; `Header_Length` 2.68718; `ack_count` 1.31466; `Max` 28.466,3,Rate,102.90079347504434,102.90079347504434,0.0,-0.258871853351593,-0.258871853351593,0.0
laplace|cnn|targeted_benign|2|821,laplace,laplace_rerun_20260529,CNN,cnn,targeted-benign-latent-pgd,2,821,Spoofing,Spoofing,Spoofing,Benign,Benign,True,True,True,True,True,2,1.1551258996515614,1.6501611128227904,`Min` 5.96418; `IAT` 0.000472626; `Header_Length` 2.68718; `ack_count` 1.31466; `Max` 28.466,4,fin_flag_number,0.0,0.0,0.0,0.0,0.0,0.0
laplace|cnn|targeted_benign|2|821,laplace,laplace_rerun_20260529,CNN,cnn,targeted-benign-latent-pgd,2,821,Spoofing,Spoofing,Spoofing,Benign,Benign,True,True,True,True,True,2,1.1551258996515614,1.6501611128227904,`Min` 5.96418; `IAT` 0.000472626; `Header_Length` 2.68718; `ack_count` 1.31466; `Max` 28.466,5,syn_flag_number,0.0,0.0,0.0,0.0,0.0,0.0
laplace|cnn|targeted_benign|2|821,laplace,laplace_rerun_20260529,CNN,cnn,targeted-benign-latent-pgd,2,821,Spoofing,Spoofing,Spoofing,Benign,Benign,True,True,True,True,True,2,1.1551258996515614,1.6501611128227904,`Min` 5.96418; `IAT` 0.000472626; `Header_Length` 2.68718; `ack_count` 1.31466; `Max` 28.466,6,rst_flag_number,0.0,0.0,0.0,0.0,0.0,0.0
laplace|cnn|targeted_benign|2|821,laplace,laplace_rerun_20260529,CNN,cnn,targeted-benign-latent-pgd,2,821,Spoofing,Spoofing,Spoofing,Benign,Benign,True,True,True,True,True,2,1.1551258996515614,1.6501611128227904,`Min` 5.96418; `IAT` 0.000472626; `Header_Length` 2.68718; `ack_count` 1.31466; `Max` 28.466,7,psh_flag_number,0.0,0.0,0.0,0.0,0.0,0.0
laplace|cnn|targeted_benign|2|821,laplace,laplace_rerun_20260529,CNN,cnn,targeted-benign-latent-pgd,2,821,Spoofing,Spoofing,Spoofing,Benign,Benign,True,True,True,True,True,2,1.1551258996515614,1.6501611128227904,`Min` 5.96418; `IAT` 0.000472626; `Header_Length` 2.68718; `ack_count` 1.31466; `Max` 28.466,8,ack_flag_number,0.0,0.0,0.0,0.0,0.0,0.0
laplace|cnn|targeted_benign|2|821,laplace,laplace_rerun_20260529,CNN,cnn,targeted-benign-latent-pgd,2,821,Spoofing,Spoofing,Spoofing,Benign,Benign,True,True,True,True,True,2,1.1551258996515614,1.6501611128227904,`Min` 5.96418; `IAT` 0.000472626; `Header_Length` 2.68718; `ack_count` 1.31466; `Max` 28.466,9,ece_flag_number,0.0,0.0,0.0,0.0,0.0,0.0
laplace|cnn|targeted_benign|2|821,laplace,laplace_rerun_20260529,CNN,cnn,targeted-benign-latent-pgd,2,821,Spoofing,Spoofing,Spoofing,Benign,Benign,True,True,True,True,True,2,1.1551258996515614,1.6501611128227904,`Min` 5.96418; `IAT` 0.000472626; `Header_Length` 2.68718; `ack_count` 1.31466; `Max` 28.466,10,cwr_flag_number,0.0,0.0,0.0,0.0,0.0,0.0
laplace|cnn|targeted_benign|2|821,laplace,laplace_rerun_20260529,CNN,cnn,targeted-benign-latent-pgd,2,821,Spoofing,Spoofing,Spoofing,Benign,Benign,True,True,True,True,True,2,1.1551258996515614,1.6501611128227904,`Min` 5.96418; `IAT` 0.000472626; `Header_Length` 2.68718; `ack_count` 1.31466; `Max` 28.466,11,ack_count,4.000000178813934,5.314661860466003,1.314661681652069,0.5714285969734192,0.7592374086380005,0.1878088116645813
laplace|cnn|targeted_benign|2|821,laplace,laplace_rerun_20260529,CNN,cnn,targeted-benign-latent-pgd,2,821,Spoofing,Spoofing,Spoofing,Benign,Benign,True,True,True,True,True,2,1.1551258996515614,1.6501611128227904,`Min` 5.96418; `IAT` 0.000472626; `Header_Length` 2.68718; `ack_count` 1.31466; `Max` 28.466,12,syn_count,0.0,0.0,0.0,0.0,0.0,0.0
laplace|cnn|targeted_benign|2|821,laplace,laplace_rerun_20260529,CNN,cnn,targeted-benign-latent-pgd,2,821,Spoofing,Spoofing,Spoofing,Benign,Benign,True,True,True,True,True,2,1.1551258996515614,1.6501611128227904,`Min` 5.96418; `IAT` 0.000472626; `Header_Length` 2.68718; `ack_count` 1.31466; `Max` 28.466,13,fin_count,0.0,0.0,0.0,0.0,0.0,0.0
laplace|cnn|targeted_benign|2|821,laplace,laplace_rerun_20260529,CNN,cnn,targeted-benign-latent-pgd,2,821,Spoofing,Spoofing,Spoofing,Benign,Benign,True,True,True,True,True,2,1.1551258996515614,1.6501611128227904,`Min` 5.96418; `IAT` 0.000472626; `Header_Length` 2.68718; `ack_count` 1.31466; `Max` 28.466,14,rst_count,0.0,0.0,0.0,0.0,0.0,0.0
laplace|cnn|targeted_benign|2|821,laplace,laplace_rerun_20260529,CNN,cnn,targeted-benign-latent-pgd,2,821,Spoofing,Spoofing,Spoofing,Benign,Benign,True,True,True,True,True,2,1.1551258996515614,1.6501611128227904,`Min` 5.96418; `IAT` 0.000472626; `Header_Length` 2.68718; `ack_count` 1.31466; `Max` 28.466,15,HTTP,0.0,0.0,0.0,0.0,0.0,0.0
laplace|cnn|targeted_benign|2|821,laplace,laplace_rerun_20260529,CNN,cnn,targeted-benign-latent-pgd,2,821,Spoofing,Spoofing,Spoofing,Benign,Benign,True,True,True,True,True,2,1.1551258996515614,1.6501611128227904,`Min` 5.96418; `IAT` 0.000472626; `Header_Length` 2.68718; `ack_count` 1.31466; `Max` 28.466,16,HTTPS,0.0,0.0,0.0,0.0,0.0,0.0
laplace|cnn|targeted_benign|2|821,laplace,laplace_rerun_20260529,CNN,cnn,targeted-benign-latent-pgd,2,821,Spoofing,Spoofing,Spoofing,Benign,Benign,True,True,True,True,True,2,1.1551258996515614,1.6501611128227904,`Min` 5.96418; `IAT` 0.000472626; `Header_Length` 2.68718; `ack_count` 1.31466; `Max` 28.466,17,DNS,0.0,0.0,0.0,0.0,0.0,0.0
laplace|cnn|targeted_benign|2|821,laplace,laplace_rerun_20260529,CNN,cnn,targeted-benign-latent-pgd,2,821,Spoofing,Spoofing,Spoofing,Benign,Benign,True,True,True,True,True,2,1.1551258996515614,1.6501611128227904,`Min` 5.96418; `IAT` 0.000472626; `Header_Length` 2.68718; `ack_count` 1.31466; `Max` 28.466,18,Telnet,0.0,0.0,0.0,0.0,0.0,0.0
laplace|cnn|targeted_benign|2|821,laplace,laplace_rerun_20260529,CNN,cnn,targeted-benign-latent-pgd,2,821,Spoofing,Spoofing,Spoofing,Benign,Benign,True,True,True,True,True,2,1.1551258996515614,1.6501611128227904,`Min` 5.96418; `IAT` 0.000472626; `Header_Length` 2.68718; `ack_count` 1.31466; `Max` 28.466,19,SMTP,0.0,0.0,0.0,0.0,0.0,0.0
laplace|cnn|targeted_benign|2|821,laplace,laplace_rerun_20260529,CNN,cnn,targeted-benign-latent-pgd,2,821,Spoofing,Spoofing,Spoofing,Benign,Benign,True,True,True,True,True,2,1.1551258996515614,1.6501611128227904,`Min` 5.96418; `IAT` 0.000472626; `Header_Length` 2.68718; `ack_count` 1.31466; `Max` 28.466,20,SSH,0.0,0.0,0.0,0.0,0.0,0.0
laplace|cnn|targeted_benign|2|821,laplace,laplace_rerun_20260529,CNN,cnn,targeted-benign-latent-pgd,2,821,Spoofing,Spoofing,Spoofing,Benign,Benign,True,True,True,True,True,2,1.1551258996515614,1.6501611128227904,`Min` 5.96418; `IAT` 0.000472626; `Header_Length` 2.68718; `ack_count` 1.31466; `Max` 28.466,21,IRC,0.0,0.0,0.0,0.0,0.0,0.0
laplace|cnn|targeted_benign|2|821,laplace,laplace_rerun_20260529,CNN,cnn,targeted-benign-latent-pgd,2,821,Spoofing,Spoofing,Spoofing,Benign,Benign,True,True,True,True,True,2,1.1551258996515614,1.6501611128227904,`Min` 5.96418; `IAT` 0.000472626; `Header_Length` 2.68718; `ack_count` 1.31466; `Max` 28.466,22,TCP,0.0,0.0,0.0,-1.0,-1.0,0.0
laplace|cnn|targeted_benign|2|821,laplace,laplace_rerun_20260529,CNN,cnn,targeted-benign-latent-pgd,2,821,Spoofing,Spoofing,Spoofing,Benign,Benign,True,True,True,True,True,2,1.1551258996515614,1.6501611128227904,`Min` 5.96418; `IAT` 0.000472626; `Header_Length` 2.68718; `ack_count` 1.31466; `Max` 28.466,23,UDP,1.0,1.0,0.0,1.0,1.0,0.0
laplace|cnn|targeted_benign|2|821,laplace,laplace_rerun_20260529,CNN,cnn,targeted-benign-latent-pgd,2,821,Spoofing,Spoofing,Spoofing,Benign,Benign,True,True,True,True,True,2,1.1551258996515614,1.6501611128227904,`Min` 5.96418; `IAT` 0.000472626; `Header_Length` 2.68718; `ack_count` 1.31466; `Max` 28.466,24,DHCP,0.0,0.0,0.0,0.0,0.0,0.0
laplace|cnn|targeted_benign|2|821,laplace,laplace_rerun_20260529,CNN,cnn,targeted-benign-latent-pgd,2,821,Spoofing,Spoofing,Spoofing,Benign,Benign,True,True,True,True,True,2,1.1551258996515614,1.6501611128227904,`Min` 5.96418; `IAT` 0.000472626; `Header_Length` 2.68718; `ack_count` 1.31466; `Max` 28.466,25,ARP,0.0,0.0,0.0,0.0,0.0,0.0
laplace|cnn|targeted_benign|2|821,laplace,laplace_rerun_20260529,CNN,cnn,targeted-benign-latent-pgd,2,821,Spoofing,Spoofing,Spoofing,Benign,Benign,True,True,True,True,True,2,1.1551258996515614,1.6501611128227904,`Min` 5.96418; `IAT` 0.000472626; `Header_Length` 2.68718; `ack_count` 1.31466; `Max` 28.466,26,ICMP,0.0,0.0,0.0,0.0,0.0,0.0
laplace|cnn|targeted_benign|2|821,laplace,laplace_rerun_20260529,CNN,cnn,targeted-benign-latent-pgd,2,821,Spoofing,Spoofing,Spoofing,Benign,Benign,True,True,True,True,True,2,1.1551258996515614,1.6501611128227904,`Min` 5.96418; `IAT` 0.000472626; `Header_Length` 2.68718; `ack_count` 1.31466; `Max` 28.466,27,IGMP,0.0,0.0,0.0,0.0,0.0,0.0
laplace|cnn|targeted_benign|2|821,laplace,laplace_rerun_20260529,CNN,cnn,targeted-benign-latent-pgd,2,821,Spoofing,Spoofing,Spoofing,Benign,Benign,True,True,True,True,True,2,1.1551258996515614,1.6501611128227904,`Min` 5.96418; `IAT` 0.000472626; `Header_Length` 2.68718; `ack_count` 1.31466; `Max` 28.466,28,IPv,1.0,1.0,0.0,0.0,0.0,0.0
laplace|cnn|targeted_benign|2|821,laplace,laplace_rerun_20260529,CNN,cnn,targeted-benign-latent-pgd,2,821,Spoofing,Spoofing,Spoofing,Benign,Benign,True,True,True,True,True,2,1.1551258996515614,1.6501611128227904,`Min` 5.96418; `IAT` 0.000472626; `Header_Length` 2.68718; `ack_count` 1.31466; `Max` 28.466,29,LLC,1.0,1.0,0.0,0.0,0.0,0.0
laplace|cnn|targeted_benign|2|821,laplace,laplace_rerun_20260529,CNN,cnn,targeted-benign-latent-pgd,2,821,Spoofing,Spoofing,Spoofing,Benign,Benign,True,True,True,True,True,2,1.1551258996515614,1.6501611128227904,`Min` 5.96418; `IAT` 0.000472626; `Header_Length` 2.68718; `ack_count` 1.31466; `Max` 28.466,30,Tot sum,745.0000538527966,745.0000538527966,0.0,-0.10737857222557068,-0.10737857222557068,0.0
laplace|cnn|targeted_benign|2|821,laplace,laplace_rerun_20260529,CNN,cnn,targeted-benign-latent-pgd,2,821,Spoofing,Spoofing,Spoofing,Benign,Benign,True,True,True,True,True,2,1.1551258996515614,1.6501611128227904,`Min` 5.96418; `IAT` 0.000472626; `Header_Length` 2.68718; `ack_count` 1.31466; `Max` 28.466,31,Min,50.00000023841858,55.964176297187805,5.964176058769226,-1.6666666269302368,-0.6726372838020325,0.9940293431282043
laplace|cnn|targeted_benign|2|821,laplace,laplace_rerun_20260529,CNN,cnn,targeted-benign-latent-pgd,2,821,Spoofing,Spoofing,Spoofing,Benign,Benign,True,True,True,True,True,2,1.1551258996515614,1.6501611128227904,`Min` 5.96418; `IAT` 0.000472626; `Header_Length` 2.68718; `ack_count` 1.31466; `Max` 28.466,32,Max,164.00000123679638,192.4660324677825,28.46603123098612,-0.049309663474559784,-0.021236654371023178,0.028073009103536606
laplace|cnn|targeted_benign|2|821,laplace,laplace_rerun_20260529,CNN,cnn,targeted-benign-latent-pgd,2,821,Spoofing,Spoofing,Spoofing,Benign,Benign,True,True,True,True,True,2,1.1551258996515614,1.6501611128227904,`Min` 5.96418; `IAT` 0.000472626; `Header_Length` 2.68718; `ack_count` 1.31466; `Max` 28.466,33,AVG,74.4999999217689,69.6387093514204,-4.861290570348501,-0.016023172065615654,-0.025407902896404266,-0.009384730830788612
laplace|cnn|targeted_benign|2|821,laplace,laplace_rerun_20260529,CNN,cnn,targeted-benign-latent-pgd,2,821,Spoofing,Spoofing,Spoofing,Benign,Benign,True,True,True,True,True,2,1.1551258996515614,1.6501611128227904,`Min` 5.96418; `IAT` 0.000472626; `Header_Length` 2.68718; `ack_count` 1.31466; `Max` 28.466,34,Std,40.860876163784724,45.97265434869064,5.111778184905916,0.17842623591423035,0.20270882546901703,0.024282589554786682
laplace|cnn|targeted_benign|2|821,laplace,laplace_rerun_20260529,CNN,cnn,targeted-benign-latent-pgd,2,821,Spoofing,Spoofing,Spoofing,Benign,Benign,True,True,True,True,True,2,1.1551258996515614,1.6501611128227904,`Min` 5.96418; `IAT` 0.000472626; `Header_Length` 2.68718; `ack_count` 1.31466; `Max` 28.466,35,Tot size,74.4999999217689,70.87678484991193,-3.6232150718569756,-0.016023172065615654,-0.023017795756459236,-0.006994623690843582
laplace|cnn|targeted_benign|2|821,laplace,laplace_rerun_20260529,CNN,cnn,targeted-benign-latent-pgd,2,821,Spoofing,Spoofing,Spoofing,Benign,Benign,True,True,True,True,True,2,1.1551258996515614,1.6501611128227904,`Min` 5.96418; `IAT` 0.000472626; `Header_Length` 2.68718; `ack_count` 1.31466; `Max` 28.466,36,IAT,0.009850693058982323,0.01032331918649608,0.0004726261275137568,10.454216957092285,10.963977813720703,0.509760856628418
laplace|cnn|targeted_benign|2|821,laplace,laplace_rerun_20260529,CNN,cnn,targeted-benign-latent-pgd,2,821,Spoofing,Spoofing,Spoofing,Benign,Benign,True,True,True,True,True,2,1.1551258996515614,1.6501611128227904,`Min` 5.96418; `IAT` 0.000472626; `Header_Length` 2.68718; `ack_count` 1.31466; `Max` 28.466,37,Number,10.0,10.0,0.0,-1.0,-1.0,0.0
laplace|cnn|targeted_benign|2|821,laplace,laplace_rerun_20260529,CNN,cnn,targeted-benign-latent-pgd,2,821,Spoofing,Spoofing,Spoofing,Benign,Benign,True,True,True,True,True,2,1.1551258996515614,1.6501611128227904,`Min` 5.96418; `IAT` 0.000472626; `Header_Length` 2.68718; `ack_count` 1.31466; `Max` 28.466,38,Variance,1669.6110428172396,2101.5865278226265,431.9754850053869,0.03742995858192444,0.04717772454023361,0.009747765958309174
laplace|dualpath|targeted_benign|1|1485,laplace,laplace_rerun_20260529,DualPath,dualpath,targeted-benign-latent-pgd,1,1485,Spoofing,Spoofing,Spoofing,Benign,Benign,True,True,True,True,True,3,0.9631259541801344,1.7589301302004026,`Min` -3.91738; `Header_Length` 6.81462; `ack_count` 2.1; `Std` -31.493; `Variance` -6271.85,0,Header_Length,10.399999797612622,17.214616091395897,6.814616293783274,-0.7847681641578674,-0.2206442952156067,0.5641238689422607
laplace|dualpath|targeted_benign|1|1485,laplace,laplace_rerun_20260529,DualPath,dualpath,targeted-benign-latent-pgd,1,1485,Spoofing,Spoofing,Spoofing,Benign,Benign,True,True,True,True,True,3,0.9631259541801344,1.7589301302004026,`Min` -3.91738; `Header_Length` 6.81462; `ack_count` 2.1; `Std` -31.493; `Variance` -6271.85,1,Protocol Type,17.0,17.0,0.0,1.0,1.0,0.0
laplace|dualpath|targeted_benign|1|1485,laplace,laplace_rerun_20260529,DualPath,dualpath,targeted-benign-latent-pgd,1,1485,Spoofing,Spoofing,Spoofing,Benign,Benign,True,True,True,True,True,3,0.9631259541801344,1.7589301302004026,`Min` -3.91738; `Header_Length` 6.81462; `ack_count` 2.1; `Std` -31.493; `Variance` -6271.85,2,Time_To_Live,110.49999960587593,110.49999960587593,0.0,24.345502853393555,24.345502853393555,0.0
laplace|dualpath|targeted_benign|1|1485,laplace,laplace_rerun_20260529,DualPath,dualpath,targeted-benign-latent-pgd,1,1485,Spoofing,Spoofing,Spoofing,Benign,Benign,True,True,True,True,True,3,0.9631259541801344,1.7589301302004026,`Min` -3.91738; `Header_Length` 6.81462; `ack_count` 2.1; `Std` -31.493; `Variance` -6271.85,3,Rate,202.45811101314575,202.45811101314575,0.0,-0.2548496425151825,-0.2548496425151825,0.0
laplace|dualpath|targeted_benign|1|1485,laplace,laplace_rerun_20260529,DualPath,dualpath,targeted-benign-latent-pgd,1,1485,Spoofing,Spoofing,Spoofing,Benign,Benign,True,True,True,True,True,3,0.9631259541801344,1.7589301302004026,`Min` -3.91738; `Header_Length` 6.81462; `ack_count` 2.1; `Std` -31.493; `Variance` -6271.85,4,fin_flag_number,0.0,0.0,0.0,0.0,0.0,0.0
laplace|dualpath|targeted_benign|1|1485,laplace,laplace_rerun_20260529,DualPath,dualpath,targeted-benign-latent-pgd,1,1485,Spoofing,Spoofing,Spoofing,Benign,Benign,True,True,True,True,True,3,0.9631259541801344,1.7589301302004026,`Min` -3.91738; `Header_Length` 6.81462; `ack_count` 2.1; `Std` -31.493; `Variance` -6271.85,5,syn_flag_number,0.0,0.0,0.0,0.0,0.0,0.0
laplace|dualpath|targeted_benign|1|1485,laplace,laplace_rerun_20260529,DualPath,dualpath,targeted-benign-latent-pgd,1,1485,Spoofing,Spoofing,Spoofing,Benign,Benign,True,True,True,True,True,3,0.9631259541801344,1.7589301302004026,`Min` -3.91738; `Header_Length` 6.81462; `ack_count` 2.1; `Std` -31.493; `Variance` -6271.85,6,rst_flag_number,0.0,0.0,0.0,0.0,0.0,0.0
laplace|dualpath|targeted_benign|1|1485,laplace,laplace_rerun_20260529,DualPath,dualpath,targeted-benign-latent-pgd,1,1485,Spoofing,Spoofing,Spoofing,Benign,Benign,True,True,True,True,True,3,0.9631259541801344,1.7589301302004026,`Min` -3.91738; `Header_Length` 6.81462; `ack_count` 2.1; `Std` -31.493; `Variance` -6271.85,7,psh_flag_number,0.0,0.0,0.0,0.0,0.0,0.0
laplace|dualpath|targeted_benign|1|1485,laplace,laplace_rerun_20260529,DualPath,dualpath,targeted-benign-latent-pgd,1,1485,Spoofing,Spoofing,Spoofing,Benign,Benign,True,True,True,True,True,3,0.9631259541801344,1.7589301302004026,`Min` -3.91738; `Header_Length` 6.81462; `ack_count` 2.1; `Std` -31.493; `Variance` -6271.85,8,ack_flag_number,0.0,0.0,0.0,0.0,0.0,0.0
laplace|dualpath|targeted_benign|1|1485,laplace,laplace_rerun_20260529,DualPath,dualpath,targeted-benign-latent-pgd,1,1485,Spoofing,Spoofing,Spoofing,Benign,Benign,True,True,True,True,True,3,0.9631259541801344,1.7589301302004026,`Min` -3.91738; `Header_Length` 6.81462; `ack_count` 2.1; `Std` -31.493; `Variance` -6271.85,9,ece_flag_number,0.0,0.0,0.0,0.0,0.0,0.0
laplace|dualpath|targeted_benign|1|1485,laplace,laplace_rerun_20260529,DualPath,dualpath,targeted-benign-latent-pgd,1,1485,Spoofing,Spoofing,Spoofing,Benign,Benign,True,True,True,True,True,3,0.9631259541801344,1.7589301302004026,`Min` -3.91738; `Header_Length` 6.81462; `ack_count` 2.1; `Std` -31.493; `Variance` -6271.85,10,cwr_flag_number,0.0,0.0,0.0,0.0,0.0,0.0
laplace|dualpath|targeted_benign|1|1485,laplace,laplace_rerun_20260529,DualPath,dualpath,targeted-benign-latent-pgd,1,1485,Spoofing,Spoofing,Spoofing,Benign,Benign,True,True,True,True,True,3,0.9631259541801344,1.7589301302004026,`Min` -3.91738; `Header_Length` 6.81462; `ack_count` 2.1; `Std` -31.493; `Variance` -6271.85,11,ack_count,1.0000000447034836,3.100000023841858,2.0999999791383743,0.1428571492433548,0.44285714626312256,0.29999999701976776
laplace|dualpath|targeted_benign|1|1485,laplace,laplace_rerun_20260529,DualPath,dualpath,targeted-benign-latent-pgd,1,1485,Spoofing,Spoofing,Spoofing,Benign,Benign,True,True,True,True,True,3,0.9631259541801344,1.7589301302004026,`Min` -3.91738; `Header_Length` 6.81462; `ack_count` 2.1; `Std` -31.493; `Variance` -6271.85,12,syn_count,0.0,0.0,0.0,0.0,0.0,0.0
laplace|dualpath|targeted_benign|1|1485,laplace,laplace_rerun_20260529,DualPath,dualpath,targeted-benign-latent-pgd,1,1485,Spoofing,Spoofing,Spoofing,Benign,Benign,True,True,True,True,True,3,0.9631259541801344,1.7589301302004026,`Min` -3.91738; `Header_Length` 6.81462; `ack_count` 2.1; `Std` -31.493; `Variance` -6271.85,13,fin_count,0.0,0.0,0.0,0.0,0.0,0.0
laplace|dualpath|targeted_benign|1|1485,laplace,laplace_rerun_20260529,DualPath,dualpath,targeted-benign-latent-pgd,1,1485,Spoofing,Spoofing,Spoofing,Benign,Benign,True,True,True,True,True,3,0.9631259541801344,1.7589301302004026,`Min` -3.91738; `Header_Length` 6.81462; `ack_count` 2.1; `Std` -31.493; `Variance` -6271.85,14,rst_count,0.0,0.0,0.0,0.0,0.0,0.0
laplace|dualpath|targeted_benign|1|1485,laplace,laplace_rerun_20260529,DualPath,dualpath,targeted-benign-latent-pgd,1,1485,Spoofing,Spoofing,Spoofing,Benign,Benign,True,True,True,True,True,3,0.9631259541801344,1.7589301302004026,`Min` -3.91738; `Header_Length` 6.81462; `ack_count` 2.1; `Std` -31.493; `Variance` -6271.85,15,HTTP,0.0,0.0,0.0,0.0,0.0,0.0
laplace|dualpath|targeted_benign|1|1485,laplace,laplace_rerun_20260529,DualPath,dualpath,targeted-benign-latent-pgd,1,1485,Spoofing,Spoofing,Spoofing,Benign,Benign,True,True,True,True,True,3,0.9631259541801344,1.7589301302004026,`Min` -3.91738; `Header_Length` 6.81462; `ack_count` 2.1; `Std` -31.493; `Variance` -6271.85,16,HTTPS,0.0,0.0,0.0,0.0,0.0,0.0
laplace|dualpath|targeted_benign|1|1485,laplace,laplace_rerun_20260529,DualPath,dualpath,targeted-benign-latent-pgd,1,1485,Spoofing,Spoofing,Spoofing,Benign,Benign,True,True,True,True,True,3,0.9631259541801344,1.7589301302004026,`Min` -3.91738; `Header_Length` 6.81462; `ack_count` 2.1; `Std` -31.493; `Variance` -6271.85,17,DNS,0.0,0.0,0.0,0.0,0.0,0.0
laplace|dualpath|targeted_benign|1|1485,laplace,laplace_rerun_20260529,DualPath,dualpath,targeted-benign-latent-pgd,1,1485,Spoofing,Spoofing,Spoofing,Benign,Benign,True,True,True,True,True,3,0.9631259541801344,1.7589301302004026,`Min` -3.91738; `Header_Length` 6.81462; `ack_count` 2.1; `Std` -31.493; `Variance` -6271.85,18,Telnet,0.0,0.0,0.0,0.0,0.0,0.0
laplace|dualpath|targeted_benign|1|1485,laplace,laplace_rerun_20260529,DualPath,dualpath,targeted-benign-latent-pgd,1,1485,Spoofing,Spoofing,Spoofing,Benign,Benign,True,True,True,True,True,3,0.9631259541801344,1.7589301302004026,`Min` -3.91738; `Header_Length` 6.81462; `ack_count` 2.1; `Std` -31.493; `Variance` -6271.85,19,SMTP,0.0,0.0,0.0,0.0,0.0,0.0
laplace|dualpath|targeted_benign|1|1485,laplace,laplace_rerun_20260529,DualPath,dualpath,targeted-benign-latent-pgd,1,1485,Spoofing,Spoofing,Spoofing,Benign,Benign,True,True,True,True,True,3,0.9631259541801344,1.7589301302004026,`Min` -3.91738; `Header_Length` 6.81462; `ack_count` 2.1; `Std` -31.493; `Variance` -6271.85,20,SSH,0.0,0.0,0.0,0.0,0.0,0.0
laplace|dualpath|targeted_benign|1|1485,laplace,laplace_rerun_20260529,DualPath,dualpath,targeted-benign-latent-pgd,1,1485,Spoofing,Spoofing,Spoofing,Benign,Benign,True,True,True,True,True,3,0.9631259541801344,1.7589301302004026,`Min` -3.91738; `Header_Length` 6.81462; `ack_count` 2.1; `Std` -31.493; `Variance` -6271.85,21,IRC,0.0,0.0,0.0,0.0,0.0,0.0
laplace|dualpath|targeted_benign|1|1485,laplace,laplace_rerun_20260529,DualPath,dualpath,targeted-benign-latent-pgd,1,1485,Spoofing,Spoofing,Spoofing,Benign,Benign,True,True,True,True,True,3,0.9631259541801344,1.7589301302004026,`Min` -3.91738; `Header_Length` 6.81462; `ack_count` 2.1; `Std` -31.493; `Variance` -6271.85,22,TCP,0.0,0.0,0.0,-1.0,-1.0,0.0
laplace|dualpath|targeted_benign|1|1485,laplace,laplace_rerun_20260529,DualPath,dualpath,targeted-benign-latent-pgd,1,1485,Spoofing,Spoofing,Spoofing,Benign,Benign,True,True,True,True,True,3,0.9631259541801344,1.7589301302004026,`Min` -3.91738; `Header_Length` 6.81462; `ack_count` 2.1; `Std` -31.493; `Variance` -6271.85,23,UDP,1.0,1.0,0.0,1.0,1.0,0.0
laplace|dualpath|targeted_benign|1|1485,laplace,laplace_rerun_20260529,DualPath,dualpath,targeted-benign-latent-pgd,1,1485,Spoofing,Spoofing,Spoofing,Benign,Benign,True,True,True,True,True,3,0.9631259541801344,1.7589301302004026,`Min` -3.91738; `Header_Length` 6.81462; `ack_count` 2.1; `Std` -31.493; `Variance` -6271.85,24,DHCP,0.0,0.0,0.0,0.0,0.0,0.0
laplace|dualpath|targeted_benign|1|1485,laplace,laplace_rerun_20260529,DualPath,dualpath,targeted-benign-latent-pgd,1,1485,Spoofing,Spoofing,Spoofing,Benign,Benign,True,True,True,True,True,3,0.9631259541801344,1.7589301302004026,`Min` -3.91738; `Header_Length` 6.81462; `ack_count` 2.1; `Std` -31.493; `Variance` -6271.85,25,ARP,0.0,0.0,0.0,0.0,0.0,0.0
laplace|dualpath|targeted_benign|1|1485,laplace,laplace_rerun_20260529,DualPath,dualpath,targeted-benign-latent-pgd,1,1485,Spoofing,Spoofing,Spoofing,Benign,Benign,True,True,True,True,True,3,0.9631259541801344,1.7589301302004026,`Min` -3.91738; `Header_Length` 6.81462; `ack_count` 2.1; `Std` -31.493; `Variance` -6271.85,26,ICMP,0.0,0.0,0.0,0.0,0.0,0.0
laplace|dualpath|targeted_benign|1|1485,laplace,laplace_rerun_20260529,DualPath,dualpath,targeted-benign-latent-pgd,1,1485,Spoofing,Spoofing,Spoofing,Benign,Benign,True,True,True,True,True,3,0.9631259541801344,1.7589301302004026,`Min` -3.91738; `Header_Length` 6.81462; `ack_count` 2.1; `Std` -31.493; `Variance` -6271.85,27,IGMP,0.0,0.0,0.0,0.0,0.0,0.0
laplace|dualpath|targeted_benign|1|1485,laplace,laplace_rerun_20260529,DualPath,dualpath,targeted-benign-latent-pgd,1,1485,Spoofing,Spoofing,Spoofing,Benign,Benign,True,True,True,True,True,3,0.9631259541801344,1.7589301302004026,`Min` -3.91738; `Header_Length` 6.81462; `ack_count` 2.1; `Std` -31.493; `Variance` -6271.85,28,IPv,1.0,1.0,0.0,0.0,0.0,0.0
laplace|dualpath|targeted_benign|1|1485,laplace,laplace_rerun_20260529,DualPath,dualpath,targeted-benign-latent-pgd,1,1485,Spoofing,Spoofing,Spoofing,Benign,Benign,True,True,True,True,True,3,0.9631259541801344,1.7589301302004026,`Min` -3.91738; `Header_Length` 6.81462; `ack_count` 2.1; `Std` -31.493; `Variance` -6271.85,29,LLC,1.0,1.0,0.0,0.0,0.0,0.0
laplace|dualpath|targeted_benign|1|1485,laplace,laplace_rerun_20260529,DualPath,dualpath,targeted-benign-latent-pgd,1,1485,Spoofing,Spoofing,Spoofing,Benign,Benign,True,True,True,True,True,3,0.9631259541801344,1.7589301302004026,`Min` -3.91738; `Header_Length` 6.81462; `ack_count` 2.1; `Std` -31.493; `Variance` -6271.85,30,Tot sum,1985.0001035928726,1985.0001035928726,0.0,-0.08204090595245361,-0.08204090595245361,0.0
laplace|dualpath|targeted_benign|1|1485,laplace,laplace_rerun_20260529,DualPath,dualpath,targeted-benign-latent-pgd,1,1485,Spoofing,Spoofing,Spoofing,Benign,Benign,True,True,True,True,True,3,0.9631259541801344,1.7589301302004026,`Min` -3.91738; `Header_Length` 6.81462; `ack_count` 2.1; `Std` -31.493; `Variance` -6271.85,31,Min,66.0,62.082618713378906,-3.9173812866210938,1.0,0.3471031188964844,-0.6528968811035156
laplace|dualpath|targeted_benign|1|1485,laplace,laplace_rerun_20260529,DualPath,dualpath,targeted-benign-latent-pgd,1,1485,Spoofing,Spoofing,Spoofing,Benign,Benign,True,True,True,True,True,3,0.9631259541801344,1.7589301302004026,`Min` -3.91738; `Header_Length` 6.81462; `ack_count` 2.1; `Std` -31.493; `Variance` -6271.85,32,Max,368.99999541044235,283.69164246320724,-85.30835294723511,0.15285995602607727,0.06872943043708801,-0.08413052558898926
laplace|dualpath|targeted_benign|1|1485,laplace,laplace_rerun_20260529,DualPath,dualpath,targeted-benign-latent-pgd,1,1485,Spoofing,Spoofing,Spoofing,Benign,Benign,True,True,True,True,True,3,0.9631259541801344,1.7589301302004026,`Min` -3.91738; `Header_Length` 6.81462; `ack_count` 2.1; `Std` -31.493; `Variance` -6271.85,33,AVG,198.49999782443047,127.34404867887497,-71.1559491455555,0.22335906326770782,0.08599236607551575,-0.13736669719219208
laplace|dualpath|targeted_benign|1|1485,laplace,laplace_rerun_20260529,DualPath,dualpath,targeted-benign-latent-pgd,1,1485,Spoofing,Spoofing,Spoofing,Benign,Benign,True,True,True,True,True,3,0.9631259541801344,1.7589301302004026,`Min` -3.91738; `Header_Length` 6.81462; `ack_count` 2.1; `Std` -31.493; `Variance` -6271.85,34,Std,112.4112031082932,80.91820240533798,-31.493000702955214,0.5183132886886597,0.3687114119529724,-0.14960187673568726
laplace|dualpath|targeted_benign|1|1485,laplace,laplace_rerun_20260529,DualPath,dualpath,targeted-benign-latent-pgd,1,1485,Spoofing,Spoofing,Spoofing,Benign,Benign,True,True,True,True,True,3,0.9631259541801344,1.7589301302004026,`Min` -3.91738; `Header_Length` 6.81462; `ack_count` 2.1; `Std` -31.493; `Variance` -6271.85,35,Tot size,198.49999782443047,128.79008123278618,-69.70991659164429,0.22335906326770782,0.08878393471240997,-0.13457512855529785
laplace|dualpath|targeted_benign|1|1485,laplace,laplace_rerun_20260529,DualPath,dualpath,targeted-benign-latent-pgd,1,1485,Spoofing,Spoofing,Spoofing,Benign,Benign,True,True,True,True,True,3,0.9631259541801344,1.7589301302004026,`Min` -3.91738; `Header_Length` 6.81462; `ack_count` 2.1; `Std` -31.493; `Variance` -6271.85,36,IAT,0.00650489340445436,0.006580402016290251,7.550861183589115e-05,6.845534324645996,6.926975727081299,0.08144140243530273
laplace|dualpath|targeted_benign|1|1485,laplace,laplace_rerun_20260529,DualPath,dualpath,targeted-benign-latent-pgd,1,1485,Spoofing,Spoofing,Spoofing,Benign,Benign,True,True,True,True,True,3,0.9631259541801344,1.7589301302004026,`Min` -3.91738; `Header_Length` 6.81462; `ack_count` 2.1; `Std` -31.493; `Variance` -6271.85,37,Number,10.0,10.0,0.0,-1.0,-1.0,0.0
laplace|dualpath|targeted_benign|1|1485,laplace,laplace_rerun_20260529,DualPath,dualpath,targeted-benign-latent-pgd,1,1485,Spoofing,Spoofing,Spoofing,Benign,Benign,True,True,True,True,True,3,0.9631259541801344,1.7589301302004026,`Min` -3.91738; `Header_Length` 6.81462; `ack_count` 2.1; `Std` -31.493; `Variance` -6271.85,38,Variance,12636.278336303774,6364.432092806208,-6271.846243497566,0.28489887714385986,0.14337119460105896,-0.1415276825428009
laplace|lstm|targeted_benign|1|86334,laplace,laplace_rerun_20260529,LSTM,lstm,targeted-benign-latent-pgd,1,86334,BruteForce,BruteForce,BruteForce,Benign,Benign,True,True,True,True,True,2,0.38300464773342885,1.6643317189287536,`Min` 1.9099; `Header_Length` 2.33374; `ack_count` 0.557618; `ack_flag_number` 0.0321867; `AVG` 9.37953,0,Header_Length,34.400000928727195,36.73374017561514,2.3337392468879443,1.2019869089126587,1.3951772451400757,0.193190336227417
laplace|lstm|targeted_benign|1|86334,laplace,laplace_rerun_20260529,LSTM,lstm,targeted-benign-latent-pgd,1,86334,BruteForce,BruteForce,BruteForce,Benign,Benign,True,True,True,True,True,2,0.38300464773342885,1.6643317189287536,`Min` 1.9099; `Header_Length` 2.33374; `ack_count` 0.557618; `ack_flag_number` 0.0321867; `AVG` 9.37953,1,Protocol Type,6.0,6.0,0.0,0.0,0.0,0.0
laplace|lstm|targeted_benign|1|86334,laplace,laplace_rerun_20260529,LSTM,lstm,targeted-benign-latent-pgd,1,86334,BruteForce,BruteForce,BruteForce,Benign,Benign,True,True,True,True,True,2,0.38300464773342885,1.6643317189287536,`Min` 1.9099; `Header_Length` 2.33374; `ack_count` 0.557618; `ack_flag_number` 0.0321867; `AVG` 9.37953,2,Time_To_Live,64.0,64.0,0.0,0.0,0.0,0.0
laplace|lstm|targeted_benign|1|86334,laplace,laplace_rerun_20260529,LSTM,lstm,targeted-benign-latent-pgd,1,86334,BruteForce,BruteForce,BruteForce,Benign,Benign,True,True,True,True,True,2,0.38300464773342885,1.6643317189287536,`Min` 1.9099; `Header_Length` 2.33374; `ack_count` 0.557618; `ack_flag_number` 0.0321867; `AVG` 9.37953,3,Rate,243854.8890227616,243854.8890227616,0.0,9.58894157409668,9.58894157409668,0.0
laplace|lstm|targeted_benign|1|86334,laplace,laplace_rerun_20260529,LSTM,lstm,targeted-benign-latent-pgd,1,86334,BruteForce,BruteForce,BruteForce,Benign,Benign,True,True,True,True,True,2,0.38300464773342885,1.6643317189287536,`Min` 1.9099; `Header_Length` 2.33374; `ack_count` 0.557618; `ack_flag_number` 0.0321867; `AVG` 9.37953,4,fin_flag_number,0.0,0.0,0.0,0.0,0.0,0.0
laplace|lstm|targeted_benign|1|86334,laplace,laplace_rerun_20260529,LSTM,lstm,targeted-benign-latent-pgd,1,86334,BruteForce,BruteForce,BruteForce,Benign,Benign,True,True,True,True,True,2,0.38300464773342885,1.6643317189287536,`Min` 1.9099; `Header_Length` 2.33374; `ack_count` 0.557618; `ack_flag_number` 0.0321867; `AVG` 9.37953,5,syn_flag_number,0.0,0.0,0.0,0.0,0.0,0.0
laplace|lstm|targeted_benign|1|86334,laplace,laplace_rerun_20260529,LSTM,lstm,targeted-benign-latent-pgd,1,86334,BruteForce,BruteForce,BruteForce,Benign,Benign,True,True,True,True,True,2,0.38300464773342885,1.6643317189287536,`Min` 1.9099; `Header_Length` 2.33374; `ack_count` 0.557618; `ack_flag_number` 0.0321867; `AVG` 9.37953,6,rst_flag_number,0.0,0.0,0.0,0.0,0.0,0.0
laplace|lstm|targeted_benign|1|86334,laplace,laplace_rerun_20260529,LSTM,lstm,targeted-benign-latent-pgd,1,86334,BruteForce,BruteForce,BruteForce,Benign,Benign,True,True,True,True,True,2,0.38300464773342885,1.6643317189287536,`Min` 1.9099; `Header_Length` 2.33374; `ack_count` 0.557618; `ack_flag_number` 0.0321867; `AVG` 9.37953,7,psh_flag_number,1.0,1.0,0.0,1.0,1.0,0.0
laplace|lstm|targeted_benign|1|86334,laplace,laplace_rerun_20260529,LSTM,lstm,targeted-benign-latent-pgd,1,86334,BruteForce,BruteForce,BruteForce,Benign,Benign,True,True,True,True,True,2,0.38300464773342885,1.6643317189287536,`Min` 1.9099; `Header_Length` 2.33374; `ack_count` 0.557618; `ack_flag_number` 0.0321867; `AVG` 9.37953,8,ack_flag_number,1.0,1.03218674659729,0.03218674659729004,1.0,1.03218674659729,0.03218674659729004
laplace|lstm|targeted_benign|1|86334,laplace,laplace_rerun_20260529,LSTM,lstm,targeted-benign-latent-pgd,1,86334,BruteForce,BruteForce,BruteForce,Benign,Benign,True,True,True,True,True,2,0.38300464773342885,1.6643317189287536,`Min` 1.9099; `Header_Length` 2.33374; `ack_count` 0.557618; `ack_flag_number` 0.0321867; `AVG` 9.37953,9,ece_flag_number,0.0,0.0,0.0,0.0,0.0,0.0
laplace|lstm|targeted_benign|1|86334,laplace,laplace_rerun_20260529,LSTM,lstm,targeted-benign-latent-pgd,1,86334,BruteForce,BruteForce,BruteForce,Benign,Benign,True,True,True,True,True,2,0.38300464773342885,1.6643317189287536,`Min` 1.9099; `Header_Length` 2.33374; `ack_count` 0.557618; `ack_flag_number` 0.0321867; `AVG` 9.37953,10,cwr_flag_number,0.0,0.0,0.0,0.0,0.0,0.0
laplace|lstm|targeted_benign|1|86334,laplace,laplace_rerun_20260529,LSTM,lstm,targeted-benign-latent-pgd,1,86334,BruteForce,BruteForce,BruteForce,Benign,Benign,True,True,True,True,True,2,0.38300464773342885,1.6643317189287536,`Min` 1.9099; `Header_Length` 2.33374; `ack_count` 0.557618; `ack_flag_number` 0.0321867; `AVG` 9.37953,11,ack_count,10.000000238418579,10.557618141174316,0.5576179027557373,1.4285714626312256,1.5082311630249023,0.07965970039367676
laplace|lstm|targeted_benign|1|86334,laplace,laplace_rerun_20260529,LSTM,lstm,targeted-benign-latent-pgd,1,86334,BruteForce,BruteForce,BruteForce,Benign,Benign,True,True,True,True,True,2,0.38300464773342885,1.6643317189287536,`Min` 1.9099; `Header_Length` 2.33374; `ack_count` 0.557618; `ack_flag_number` 0.0321867; `AVG` 9.37953,12,syn_count,0.0,0.0,0.0,0.0,0.0,0.0
laplace|lstm|targeted_benign|1|86334,laplace,laplace_rerun_20260529,LSTM,lstm,targeted-benign-latent-pgd,1,86334,BruteForce,BruteForce,BruteForce,Benign,Benign,True,True,True,True,True,2,0.38300464773342885,1.6643317189287536,`Min` 1.9099; `Header_Length` 2.33374; `ack_count` 0.557618; `ack_flag_number` 0.0321867; `AVG` 9.37953,13,fin_count,0.0,0.0,0.0,0.0,0.0,0.0
laplace|lstm|targeted_benign|1|86334,laplace,laplace_rerun_20260529,LSTM,lstm,targeted-benign-latent-pgd,1,86334,BruteForce,BruteForce,BruteForce,Benign,Benign,True,True,True,True,True,2,0.38300464773342885,1.6643317189287536,`Min` 1.9099; `Header_Length` 2.33374; `ack_count` 0.557618; `ack_flag_number` 0.0321867; `AVG` 9.37953,14,rst_count,0.0,0.0,0.0,0.0,0.0,0.0
laplace|lstm|targeted_benign|1|86334,laplace,laplace_rerun_20260529,LSTM,lstm,targeted-benign-latent-pgd,1,86334,BruteForce,BruteForce,BruteForce,Benign,Benign,True,True,True,True,True,2,0.38300464773342885,1.6643317189287536,`Min` 1.9099; `Header_Length` 2.33374; `ack_count` 0.557618; `ack_flag_number` 0.0321867; `AVG` 9.37953,15,HTTP,0.0,0.0,0.0,0.0,0.0,0.0
laplace|lstm|targeted_benign|1|86334,laplace,laplace_rerun_20260529,LSTM,lstm,targeted-benign-latent-pgd,1,86334,BruteForce,BruteForce,BruteForce,Benign,Benign,True,True,True,True,True,2,0.38300464773342885,1.6643317189287536,`Min` 1.9099; `Header_Length` 2.33374; `ack_count` 0.557618; `ack_flag_number` 0.0321867; `AVG` 9.37953,16,HTTPS,0.0,0.0,0.0,0.0,0.0,0.0
laplace|lstm|targeted_benign|1|86334,laplace,laplace_rerun_20260529,LSTM,lstm,targeted-benign-latent-pgd,1,86334,BruteForce,BruteForce,BruteForce,Benign,Benign,True,True,True,True,True,2,0.38300464773342885,1.6643317189287536,`Min` 1.9099; `Header_Length` 2.33374; `ack_count` 0.557618; `ack_flag_number` 0.0321867; `AVG` 9.37953,17,DNS,0.0,0.0,0.0,0.0,0.0,0.0
laplace|lstm|targeted_benign|1|86334,laplace,laplace_rerun_20260529,LSTM,lstm,targeted-benign-latent-pgd,1,86334,BruteForce,BruteForce,BruteForce,Benign,Benign,True,True,True,True,True,2,0.38300464773342885,1.6643317189287536,`Min` 1.9099; `Header_Length` 2.33374; `ack_count` 0.557618; `ack_flag_number` 0.0321867; `AVG` 9.37953,18,Telnet,0.0,0.0,0.0,0.0,0.0,0.0
laplace|lstm|targeted_benign|1|86334,laplace,laplace_rerun_20260529,LSTM,lstm,targeted-benign-latent-pgd,1,86334,BruteForce,BruteForce,BruteForce,Benign,Benign,True,True,True,True,True,2,0.38300464773342885,1.6643317189287536,`Min` 1.9099; `Header_Length` 2.33374; `ack_count` 0.557618; `ack_flag_number` 0.0321867; `AVG` 9.37953,19,SMTP,0.0,0.0,0.0,0.0,0.0,0.0
laplace|lstm|targeted_benign|1|86334,laplace,laplace_rerun_20260529,LSTM,lstm,targeted-benign-latent-pgd,1,86334,BruteForce,BruteForce,BruteForce,Benign,Benign,True,True,True,True,True,2,0.38300464773342885,1.6643317189287536,`Min` 1.9099; `Header_Length` 2.33374; `ack_count` 0.557618; `ack_flag_number` 0.0321867; `AVG` 9.37953,20,SSH,1.0,1.0,0.0,1.0,1.0,0.0
laplace|lstm|targeted_benign|1|86334,laplace,laplace_rerun_20260529,LSTM,lstm,targeted-benign-latent-pgd,1,86334,BruteForce,BruteForce,BruteForce,Benign,Benign,True,True,True,True,True,2,0.38300464773342885,1.6643317189287536,`Min` 1.9099; `Header_Length` 2.33374; `ack_count` 0.557618; `ack_flag_number` 0.0321867; `AVG` 9.37953,21,IRC,0.0,0.0,0.0,0.0,0.0,0.0
laplace|lstm|targeted_benign|1|86334,laplace,laplace_rerun_20260529,LSTM,lstm,targeted-benign-latent-pgd,1,86334,BruteForce,BruteForce,BruteForce,Benign,Benign,True,True,True,True,True,2,0.38300464773342885,1.6643317189287536,`Min` 1.9099; `Header_Length` 2.33374; `ack_count` 0.557618; `ack_flag_number` 0.0321867; `AVG` 9.37953,22,TCP,1.0,1.0,0.0,0.0,0.0,0.0
laplace|lstm|targeted_benign|1|86334,laplace,laplace_rerun_20260529,LSTM,lstm,targeted-benign-latent-pgd,1,86334,BruteForce,BruteForce,BruteForce,Benign,Benign,True,True,True,True,True,2,0.38300464773342885,1.6643317189287536,`Min` 1.9099; `Header_Length` 2.33374; `ack_count` 0.557618; `ack_flag_number` 0.0321867; `AVG` 9.37953,23,UDP,0.0,0.0,0.0,0.0,0.0,0.0
laplace|lstm|targeted_benign|1|86334,laplace,laplace_rerun_20260529,LSTM,lstm,targeted-benign-latent-pgd,1,86334,BruteForce,BruteForce,BruteForce,Benign,Benign,True,True,True,True,True,2,0.38300464773342885,1.6643317189287536,`Min` 1.9099; `Header_Length` 2.33374; `ack_count` 0.557618; `ack_flag_number` 0.0321867; `AVG` 9.37953,24,DHCP,0.0,0.0,0.0,0.0,0.0,0.0
laplace|lstm|targeted_benign|1|86334,laplace,laplace_rerun_20260529,LSTM,lstm,targeted-benign-latent-pgd,1,86334,BruteForce,BruteForce,BruteForce,Benign,Benign,True,True,True,True,True,2,0.38300464773342885,1.6643317189287536,`Min` 1.9099; `Header_Length` 2.33374; `ack_count` 0.557618; `ack_flag_number` 0.0321867; `AVG` 9.37953,25,ARP,0.0,0.0,0.0,0.0,0.0,0.0
laplace|lstm|targeted_benign|1|86334,laplace,laplace_rerun_20260529,LSTM,lstm,targeted-benign-latent-pgd,1,86334,BruteForce,BruteForce,BruteForce,Benign,Benign,True,True,True,True,True,2,0.38300464773342885,1.6643317189287536,`Min` 1.9099; `Header_Length` 2.33374; `ack_count` 0.557618; `ack_flag_number` 0.0321867; `AVG` 9.37953,26,ICMP,0.0,0.0,0.0,0.0,0.0,0.0
laplace|lstm|targeted_benign|1|86334,laplace,laplace_rerun_20260529,LSTM,lstm,targeted-benign-latent-pgd,1,86334,BruteForce,BruteForce,BruteForce,Benign,Benign,True,True,True,True,True,2,0.38300464773342885,1.6643317189287536,`Min` 1.9099; `Header_Length` 2.33374; `ack_count` 0.557618; `ack_flag_number` 0.0321867; `AVG` 9.37953,27,IGMP,0.0,0.0,0.0,0.0,0.0,0.0
laplace|lstm|targeted_benign|1|86334,laplace,laplace_rerun_20260529,LSTM,lstm,targeted-benign-latent-pgd,1,86334,BruteForce,BruteForce,BruteForce,Benign,Benign,True,True,True,True,True,2,0.38300464773342885,1.6643317189287536,`Min` 1.9099; `Header_Length` 2.33374; `ack_count` 0.557618; `ack_flag_number` 0.0321867; `AVG` 9.37953,28,IPv,1.0,1.0,0.0,0.0,0.0,0.0
laplace|lstm|targeted_benign|1|86334,laplace,laplace_rerun_20260529,LSTM,lstm,targeted-benign-latent-pgd,1,86334,BruteForce,BruteForce,BruteForce,Benign,Benign,True,True,True,True,True,2,0.38300464773342885,1.6643317189287536,`Min` 1.9099; `Header_Length` 2.33374; `ack_count` 0.557618; `ack_flag_number` 0.0321867; `AVG` 9.37953,29,LLC,1.0,1.0,0.0,0.0,0.0,0.0
laplace|lstm|targeted_benign|1|86334,laplace,laplace_rerun_20260529,LSTM,lstm,targeted-benign-latent-pgd,1,86334,BruteForce,BruteForce,BruteForce,Benign,Benign,True,True,True,True,True,2,0.38300464773342885,1.6643317189287536,`Min` 1.9099; `Header_Length` 2.33374; `ack_count` 0.557618; `ack_flag_number` 0.0321867; `AVG` 9.37953,30,Tot sum,1100.0001327842474,1100.0001327842474,0.0,-0.10012464225292206,-0.10012464225292206,0.0
laplace|lstm|targeted_benign|1|86334,laplace,laplace_rerun_20260529,LSTM,lstm,targeted-benign-latent-pgd,1,86334,BruteForce,BruteForce,BruteForce,Benign,Benign,True,True,True,True,True,2,0.38300464773342885,1.6643317189287536,`Min` 1.9099; `Header_Length` 2.33374; `ack_count` 0.557618; `ack_flag_number` 0.0321867; `AVG` 9.37953,31,Min,78.0,79.90989589691162,1.909895896911621,3.0,3.3183159828186035,0.3183159828186035
laplace|lstm|targeted_benign|1|86334,laplace,laplace_rerun_20260529,LSTM,lstm,targeted-benign-latent-pgd,1,86334,BruteForce,BruteForce,BruteForce,Benign,Benign,True,True,True,True,True,2,0.38300464773342885,1.6643317189287536,`Min` 1.9099; `Header_Length` 2.33374; `ack_count` 0.557618; `ack_flag_number` 0.0321867; `AVG` 9.37953,32,Max,117.99999874830246,127.3795366436243,9.379537895321846,-0.09467455744743347,-0.0854245200753212,0.009250037372112274
laplace|lstm|targeted_benign|1|86334,laplace,laplace_rerun_20260529,LSTM,lstm,targeted-benign-latent-pgd,1,86334,BruteForce,BruteForce,BruteForce,Benign,Benign,True,True,True,True,True,2,0.38300464773342885,1.6643317189287536,`Min` 1.9099; `Header_Length` 2.33374; `ack_count` 0.557618; `ack_flag_number` 0.0321867; `AVG` 9.37953,33,AVG,110.00000012665987,119.37953071296215,9.37953058630228,0.052509646862745285,0.07061684876680374,0.018107201904058456
laplace|lstm|targeted_benign|1|86334,laplace,laplace_rerun_20260529,LSTM,lstm,targeted-benign-latent-pgd,1,86334,BruteForce,BruteForce,BruteForce,Benign,Benign,True,True,True,True,True,2,0.38300464773342885,1.6643317189287536,`Min` 1.9099; `Header_Length` 2.33374; `ack_count` 0.557618; `ack_flag_number` 0.0321867; `AVG` 9.37953,34,Std,16.865480235761993,16.865480235761993,0.0,0.06444039195775986,0.06444039195775986,0.0
laplace|lstm|targeted_benign|1|86334,laplace,laplace_rerun_20260529,LSTM,lstm,targeted-benign-latent-pgd,1,86334,BruteForce,BruteForce,BruteForce,Benign,Benign,True,True,True,True,True,2,0.38300464773342885,1.6643317189287536,`Min` 1.9099; `Header_Length` 2.33374; `ack_count` 0.557618; `ack_flag_number` 0.0321867; `AVG` 9.37953,35,Tot size,110.00000012665987,118.10041724145412,8.100417114794254,0.052509646862745285,0.06814751774072647,0.015637870877981186
laplace|lstm|targeted_benign|1|86334,laplace,laplace_rerun_20260529,LSTM,lstm,targeted-benign-latent-pgd,1,86334,BruteForce,BruteForce,BruteForce,Benign,Benign,True,True,True,True,True,2,0.38300464773342885,1.6643317189287536,`Min` 1.9099; `Header_Length` 2.33374; `ack_count` 0.557618; `ack_flag_number` 0.0321867; `AVG` 9.37953,36,IAT,4.1961641667890345e-06,6.342232137188488e-06,2.1460679703994533e-06,-0.16592949628829956,-0.16361480951309204,0.0023146867752075195
laplace|lstm|targeted_benign|1|86334,laplace,laplace_rerun_20260529,LSTM,lstm,targeted-benign-latent-pgd,1,86334,BruteForce,BruteForce,BruteForce,Benign,Benign,True,True,True,True,True,2,0.38300464773342885,1.6643317189287536,`Min` 1.9099; `Header_Length` 2.33374; `ack_count` 0.557618; `ack_flag_number` 0.0321867; `AVG` 9.37953,37,Number,10.0,10.0,0.0,-1.0,-1.0,0.0
laplace|lstm|targeted_benign|1|86334,laplace,laplace_rerun_20260529,LSTM,lstm,targeted-benign-latent-pgd,1,86334,BruteForce,BruteForce,BruteForce,Benign,Benign,True,True,True,True,True,2,0.38300464773342885,1.6643317189287536,`Min` 1.9099; `Header_Length` 2.33374; `ack_count` 0.557618; `ack_flag_number` 0.0321867; `AVG` 9.37953,38,Variance,284.44444751955234,284.44444751955234,0.0,0.006172907538712025,0.006172907538712025,0.0
laplace|mlp|targeted_benign|1|1485,laplace,laplace_rerun_20260529,MLP,mlp,targeted-benign-latent-pgd,1,1485,Spoofing,Spoofing,Spoofing,Benign,Benign,True,True,True,True,True,2,0.9845845247883211,1.6874231291496629,`Min` -4.28387; `Header_Length` 6.31994; `ack_count` 2.1; `Std` -31.7984; `Variance` -6322.96,0,Header_Length,10.399999797612622,16.719935050895288,6.319935253282665,-0.7847681641578674,-0.2615947127342224,0.523173451423645
laplace|mlp|targeted_benign|1|1485,laplace,laplace_rerun_20260529,MLP,mlp,targeted-benign-latent-pgd,1,1485,Spoofing,Spoofing,Spoofing,Benign,Benign,True,True,True,True,True,2,0.9845845247883211,1.6874231291496629,`Min` -4.28387; `Header_Length` 6.31994; `ack_count` 2.1; `Std` -31.7984; `Variance` -6322.96,1,Protocol Type,17.0,17.0,0.0,1.0,1.0,0.0
laplace|mlp|targeted_benign|1|1485,laplace,laplace_rerun_20260529,MLP,mlp,targeted-benign-latent-pgd,1,1485,Spoofing,Spoofing,Spoofing,Benign,Benign,True,True,True,True,True,2,0.9845845247883211,1.6874231291496629,`Min` -4.28387; `Header_Length` 6.31994; `ack_count` 2.1; `Std` -31.7984; `Variance` -6322.96,2,Time_To_Live,110.49999960587593,110.49999960587593,0.0,24.345502853393555,24.345502853393555,0.0
laplace|mlp|targeted_benign|1|1485,laplace,laplace_rerun_20260529,MLP,mlp,targeted-benign-latent-pgd,1,1485,Spoofing,Spoofing,Spoofing,Benign,Benign,True,True,True,True,True,2,0.9845845247883211,1.6874231291496629,`Min` -4.28387; `Header_Length` 6.31994; `ack_count` 2.1; `Std` -31.7984; `Variance` -6322.96,3,Rate,202.45811101314575,202.45811101314575,0.0,-0.2548496425151825,-0.2548496425151825,0.0
laplace|mlp|targeted_benign|1|1485,laplace,laplace_rerun_20260529,MLP,mlp,targeted-benign-latent-pgd,1,1485,Spoofing,Spoofing,Spoofing,Benign,Benign,True,True,True,True,True,2,0.9845845247883211,1.6874231291496629,`Min` -4.28387; `Header_Length` 6.31994; `ack_count` 2.1; `Std` -31.7984; `Variance` -6322.96,4,fin_flag_number,0.0,0.0,0.0,0.0,0.0,0.0
laplace|mlp|targeted_benign|1|1485,laplace,laplace_rerun_20260529,MLP,mlp,targeted-benign-latent-pgd,1,1485,Spoofing,Spoofing,Spoofing,Benign,Benign,True,True,True,True,True,2,0.9845845247883211,1.6874231291496629,`Min` -4.28387; `Header_Length` 6.31994; `ack_count` 2.1; `Std` -31.7984; `Variance` -6322.96,5,syn_flag_number,0.0,0.0,0.0,0.0,0.0,0.0
laplace|mlp|targeted_benign|1|1485,laplace,laplace_rerun_20260529,MLP,mlp,targeted-benign-latent-pgd,1,1485,Spoofing,Spoofing,Spoofing,Benign,Benign,True,True,True,True,True,2,0.9845845247883211,1.6874231291496629,`Min` -4.28387; `Header_Length` 6.31994; `ack_count` 2.1; `Std` -31.7984; `Variance` -6322.96,6,rst_flag_number,0.0,0.0,0.0,0.0,0.0,0.0
laplace|mlp|targeted_benign|1|1485,laplace,laplace_rerun_20260529,MLP,mlp,targeted-benign-latent-pgd,1,1485,Spoofing,Spoofing,Spoofing,Benign,Benign,True,True,True,True,True,2,0.9845845247883211,1.6874231291496629,`Min` -4.28387; `Header_Length` 6.31994; `ack_count` 2.1; `Std` -31.7984; `Variance` -6322.96,7,psh_flag_number,0.0,0.0,0.0,0.0,0.0,0.0
laplace|mlp|targeted_benign|1|1485,laplace,laplace_rerun_20260529,MLP,mlp,targeted-benign-latent-pgd,1,1485,Spoofing,Spoofing,Spoofing,Benign,Benign,True,True,True,True,True,2,0.9845845247883211,1.6874231291496629,`Min` -4.28387; `Header_Length` 6.31994; `ack_count` 2.1; `Std` -31.7984; `Variance` -6322.96,8,ack_flag_number,0.0,0.0,0.0,0.0,0.0,0.0
laplace|mlp|targeted_benign|1|1485,laplace,laplace_rerun_20260529,MLP,mlp,targeted-benign-latent-pgd,1,1485,Spoofing,Spoofing,Spoofing,Benign,Benign,True,True,True,True,True,2,0.9845845247883211,1.6874231291496629,`Min` -4.28387; `Header_Length` 6.31994; `ack_count` 2.1; `Std` -31.7984; `Variance` -6322.96,9,ece_flag_number,0.0,0.0,0.0,0.0,0.0,0.0
laplace|mlp|targeted_benign|1|1485,laplace,laplace_rerun_20260529,MLP,mlp,targeted-benign-latent-pgd,1,1485,Spoofing,Spoofing,Spoofing,Benign,Benign,True,True,True,True,True,2,0.9845845247883211,1.6874231291496629,`Min` -4.28387; `Header_Length` 6.31994; `ack_count` 2.1; `Std` -31.7984; `Variance` -6322.96,10,cwr_flag_number,0.0,0.0,0.0,0.0,0.0,0.0
laplace|mlp|targeted_benign|1|1485,laplace,laplace_rerun_20260529,MLP,mlp,targeted-benign-latent-pgd,1,1485,Spoofing,Spoofing,Spoofing,Benign,Benign,True,True,True,True,True,2,0.9845845247883211,1.6874231291496629,`Min` -4.28387; `Header_Length` 6.31994; `ack_count` 2.1; `Std` -31.7984; `Variance` -6322.96,11,ack_count,1.0000000447034836,3.100000023841858,2.0999999791383743,0.1428571492433548,0.44285714626312256,0.29999999701976776
laplace|mlp|targeted_benign|1|1485,laplace,laplace_rerun_20260529,MLP,mlp,targeted-benign-latent-pgd,1,1485,Spoofing,Spoofing,Spoofing,Benign,Benign,True,True,True,True,True,2,0.9845845247883211,1.6874231291496629,`Min` -4.28387; `Header_Length` 6.31994; `ack_count` 2.1; `Std` -31.7984; `Variance` -6322.96,12,syn_count,0.0,0.0,0.0,0.0,0.0,0.0
laplace|mlp|targeted_benign|1|1485,laplace,laplace_rerun_20260529,MLP,mlp,targeted-benign-latent-pgd,1,1485,Spoofing,Spoofing,Spoofing,Benign,Benign,True,True,True,True,True,2,0.9845845247883211,1.6874231291496629,`Min` -4.28387; `Header_Length` 6.31994; `ack_count` 2.1; `Std` -31.7984; `Variance` -6322.96,13,fin_count,0.0,0.0,0.0,0.0,0.0,0.0
laplace|mlp|targeted_benign|1|1485,laplace,laplace_rerun_20260529,MLP,mlp,targeted-benign-latent-pgd,1,1485,Spoofing,Spoofing,Spoofing,Benign,Benign,True,True,True,True,True,2,0.9845845247883211,1.6874231291496629,`Min` -4.28387; `Header_Length` 6.31994; `ack_count` 2.1; `Std` -31.7984; `Variance` -6322.96,14,rst_count,0.0,0.0,0.0,0.0,0.0,0.0
laplace|mlp|targeted_benign|1|1485,laplace,laplace_rerun_20260529,MLP,mlp,targeted-benign-latent-pgd,1,1485,Spoofing,Spoofing,Spoofing,Benign,Benign,True,True,True,True,True,2,0.9845845247883211,1.6874231291496629,`Min` -4.28387; `Header_Length` 6.31994; `ack_count` 2.1; `Std` -31.7984; `Variance` -6322.96,15,HTTP,0.0,0.0,0.0,0.0,0.0,0.0
laplace|mlp|targeted_benign|1|1485,laplace,laplace_rerun_20260529,MLP,mlp,targeted-benign-latent-pgd,1,1485,Spoofing,Spoofing,Spoofing,Benign,Benign,True,True,True,True,True,2,0.9845845247883211,1.6874231291496629,`Min` -4.28387; `Header_Length` 6.31994; `ack_count` 2.1; `Std` -31.7984; `Variance` -6322.96,16,HTTPS,0.0,0.0,0.0,0.0,0.0,0.0
laplace|mlp|targeted_benign|1|1485,laplace,laplace_rerun_20260529,MLP,mlp,targeted-benign-latent-pgd,1,1485,Spoofing,Spoofing,Spoofing,Benign,Benign,True,True,True,True,True,2,0.9845845247883211,1.6874231291496629,`Min` -4.28387; `Header_Length` 6.31994; `ack_count` 2.1; `Std` -31.7984; `Variance` -6322.96,17,DNS,0.0,0.0,0.0,0.0,0.0,0.0
laplace|mlp|targeted_benign|1|1485,laplace,laplace_rerun_20260529,MLP,mlp,targeted-benign-latent-pgd,1,1485,Spoofing,Spoofing,Spoofing,Benign,Benign,True,True,True,True,True,2,0.9845845247883211,1.6874231291496629,`Min` -4.28387; `Header_Length` 6.31994; `ack_count` 2.1; `Std` -31.7984; `Variance` -6322.96,18,Telnet,0.0,0.0,0.0,0.0,0.0,0.0
laplace|mlp|targeted_benign|1|1485,laplace,laplace_rerun_20260529,MLP,mlp,targeted-benign-latent-pgd,1,1485,Spoofing,Spoofing,Spoofing,Benign,Benign,True,True,True,True,True,2,0.9845845247883211,1.6874231291496629,`Min` -4.28387; `Header_Length` 6.31994; `ack_count` 2.1; `Std` -31.7984; `Variance` -6322.96,19,SMTP,0.0,0.0,0.0,0.0,0.0,0.0
laplace|mlp|targeted_benign|1|1485,laplace,laplace_rerun_20260529,MLP,mlp,targeted-benign-latent-pgd,1,1485,Spoofing,Spoofing,Spoofing,Benign,Benign,True,True,True,True,True,2,0.9845845247883211,1.6874231291496629,`Min` -4.28387; `Header_Length` 6.31994; `ack_count` 2.1; `Std` -31.7984; `Variance` -6322.96,20,SSH,0.0,0.0,0.0,0.0,0.0,0.0
laplace|mlp|targeted_benign|1|1485,laplace,laplace_rerun_20260529,MLP,mlp,targeted-benign-latent-pgd,1,1485,Spoofing,Spoofing,Spoofing,Benign,Benign,True,True,True,True,True,2,0.9845845247883211,1.6874231291496629,`Min` -4.28387; `Header_Length` 6.31994; `ack_count` 2.1; `Std` -31.7984; `Variance` -6322.96,21,IRC,0.0,0.0,0.0,0.0,0.0,0.0
laplace|mlp|targeted_benign|1|1485,laplace,laplace_rerun_20260529,MLP,mlp,targeted-benign-latent-pgd,1,1485,Spoofing,Spoofing,Spoofing,Benign,Benign,True,True,True,True,True,2,0.9845845247883211,1.6874231291496629,`Min` -4.28387; `Header_Length` 6.31994; `ack_count` 2.1; `Std` -31.7984; `Variance` -6322.96,22,TCP,0.0,0.0,0.0,-1.0,-1.0,0.0
laplace|mlp|targeted_benign|1|1485,laplace,laplace_rerun_20260529,MLP,mlp,targeted-benign-latent-pgd,1,1485,Spoofing,Spoofing,Spoofing,Benign,Benign,True,True,True,True,True,2,0.9845845247883211,1.6874231291496629,`Min` -4.28387; `Header_Length` 6.31994; `ack_count` 2.1; `Std` -31.7984; `Variance` -6322.96,23,UDP,1.0,1.0,0.0,1.0,1.0,0.0
laplace|mlp|targeted_benign|1|1485,laplace,laplace_rerun_20260529,MLP,mlp,targeted-benign-latent-pgd,1,1485,Spoofing,Spoofing,Spoofing,Benign,Benign,True,True,True,True,True,2,0.9845845247883211,1.6874231291496629,`Min` -4.28387; `Header_Length` 6.31994; `ack_count` 2.1; `Std` -31.7984; `Variance` -6322.96,24,DHCP,0.0,0.0,0.0,0.0,0.0,0.0
laplace|mlp|targeted_benign|1|1485,laplace,laplace_rerun_20260529,MLP,mlp,targeted-benign-latent-pgd,1,1485,Spoofing,Spoofing,Spoofing,Benign,Benign,True,True,True,True,True,2,0.9845845247883211,1.6874231291496629,`Min` -4.28387; `Header_Length` 6.31994; `ack_count` 2.1; `Std` -31.7984; `Variance` -6322.96,25,ARP,0.0,0.0,0.0,0.0,0.0,0.0
laplace|mlp|targeted_benign|1|1485,laplace,laplace_rerun_20260529,MLP,mlp,targeted-benign-latent-pgd,1,1485,Spoofing,Spoofing,Spoofing,Benign,Benign,True,True,True,True,True,2,0.9845845247883211,1.6874231291496629,`Min` -4.28387; `Header_Length` 6.31994; `ack_count` 2.1; `Std` -31.7984; `Variance` -6322.96,26,ICMP,0.0,0.0,0.0,0.0,0.0,0.0
laplace|mlp|targeted_benign|1|1485,laplace,laplace_rerun_20260529,MLP,mlp,targeted-benign-latent-pgd,1,1485,Spoofing,Spoofing,Spoofing,Benign,Benign,True,True,True,True,True,2,0.9845845247883211,1.6874231291496629,`Min` -4.28387; `Header_Length` 6.31994; `ack_count` 2.1; `Std` -31.7984; `Variance` -6322.96,27,IGMP,0.0,0.0,0.0,0.0,0.0,0.0
laplace|mlp|targeted_benign|1|1485,laplace,laplace_rerun_20260529,MLP,mlp,targeted-benign-latent-pgd,1,1485,Spoofing,Spoofing,Spoofing,Benign,Benign,True,True,True,True,True,2,0.9845845247883211,1.6874231291496629,`Min` -4.28387; `Header_Length` 6.31994; `ack_count` 2.1; `Std` -31.7984; `Variance` -6322.96,28,IPv,1.0,1.0,0.0,0.0,0.0,0.0
laplace|mlp|targeted_benign|1|1485,laplace,laplace_rerun_20260529,MLP,mlp,targeted-benign-latent-pgd,1,1485,Spoofing,Spoofing,Spoofing,Benign,Benign,True,True,True,True,True,2,0.9845845247883211,1.6874231291496629,`Min` -4.28387; `Header_Length` 6.31994; `ack_count` 2.1; `Std` -31.7984; `Variance` -6322.96,29,LLC,1.0,1.0,0.0,0.0,0.0,0.0
laplace|mlp|targeted_benign|1|1485,laplace,laplace_rerun_20260529,MLP,mlp,targeted-benign-latent-pgd,1,1485,Spoofing,Spoofing,Spoofing,Benign,Benign,True,True,True,True,True,2,0.9845845247883211,1.6874231291496629,`Min` -4.28387; `Header_Length` 6.31994; `ack_count` 2.1; `Std` -31.7984; `Variance` -6322.96,30,Tot sum,1985.0001035928726,1985.0001035928726,0.0,-0.08204090595245361,-0.08204090595245361,0.0
laplace|mlp|targeted_benign|1|1485,laplace,laplace_rerun_20260529,MLP,mlp,targeted-benign-latent-pgd,1,1485,Spoofing,Spoofing,Spoofing,Benign,Benign,True,True,True,True,True,2,0.9845845247883211,1.6874231291496629,`Min` -4.28387; `Header_Length` 6.31994; `ack_count` 2.1; `Std` -31.7984; `Variance` -6322.96,31,Min,66.0,61.71612560749054,-4.2838743925094604,1.0,0.2860209345817566,-0.7139790654182434
laplace|mlp|targeted_benign|1|1485,laplace,laplace_rerun_20260529,MLP,mlp,targeted-benign-latent-pgd,1,1485,Spoofing,Spoofing,Spoofing,Benign,Benign,True,True,True,True,True,2,0.9845845247883211,1.6874231291496629,`Min` -4.28387; `Header_Length` 6.31994; `ack_count` 2.1; `Std` -31.7984; `Variance` -6322.96,32,Max,368.99999541044235,284.6314252912998,-84.36857011914253,0.15285995602607727,0.06965623795986176,-0.08320371806621552
laplace|mlp|targeted_benign|1|1485,laplace,laplace_rerun_20260529,MLP,mlp,targeted-benign-latent-pgd,1,1485,Spoofing,Spoofing,Spoofing,Benign,Benign,True,True,True,True,True,2,0.9845845247883211,1.6874231291496629,`Min` -4.28387; `Header_Length` 6.31994; `ack_count` 2.1; `Std` -31.7984; `Variance` -6322.96,33,AVG,198.49999782443047,125.6331994831562,-72.86679834127426,0.22335906326770782,0.082689568400383,-0.14066949486732483
laplace|mlp|targeted_benign|1|1485,laplace,laplace_rerun_20260529,MLP,mlp,targeted-benign-latent-pgd,1,1485,Spoofing,Spoofing,Spoofing,Benign,Benign,True,True,True,True,True,2,0.9845845247883211,1.6874231291496629,`Min` -4.28387; `Header_Length` 6.31994; `ack_count` 2.1; `Std` -31.7984; `Variance` -6322.96,34,Std,112.4112031082932,80.61279005131064,-31.798413056982554,0.5183132886886597,0.367260605096817,-0.15105268359184265
laplace|mlp|targeted_benign|1|1485,laplace,laplace_rerun_20260529,MLP,mlp,targeted-benign-latent-pgd,1,1485,Spoofing,Spoofing,Spoofing,Benign,Benign,True,True,True,True,True,2,0.9845845247883211,1.6874231291496629,`Min` -4.28387; `Header_Length` 6.31994; `ack_count` 2.1; `Std` -31.7984; `Variance` -6322.96,35,Tot size,198.49999782443047,126.99543672800064,-71.50456109642982,0.22335906326770782,0.08531937003135681,-0.138039693236351
laplace|mlp|targeted_benign|1|1485,laplace,laplace_rerun_20260529,MLP,mlp,targeted-benign-latent-pgd,1,1485,Spoofing,Spoofing,Spoofing,Benign,Benign,True,True,True,True,True,2,0.9845845247883211,1.6874231291496629,`Min` -4.28387; `Header_Length` 6.31994; `ack_count` 2.1; `Std` -31.7984; `Variance` -6322.96,36,IAT,0.00650489340445436,0.006427379865339124,-7.751353911523637e-05,6.845534324645996,6.761930465698242,-0.0836038589477539
laplace|mlp|targeted_benign|1|1485,laplace,laplace_rerun_20260529,MLP,mlp,targeted-benign-latent-pgd,1,1485,Spoofing,Spoofing,Spoofing,Benign,Benign,True,True,True,True,True,2,0.9845845247883211,1.6874231291496629,`Min` -4.28387; `Header_Length` 6.31994; `ack_count` 2.1; `Std` -31.7984; `Variance` -6322.96,37,Number,10.0,10.0,0.0,-1.0,-1.0,0.0
laplace|mlp|targeted_benign|1|1485,laplace,laplace_rerun_20260529,MLP,mlp,targeted-benign-latent-pgd,1,1485,Spoofing,Spoofing,Spoofing,Benign,Benign,True,True,True,True,True,2,0.9845845247883211,1.6874231291496629,`Min` -4.28387; `Header_Length` 6.31994; `ack_count` 2.1; `Std` -31.7984; `Variance` -6322.96,38,Variance,12636.278336303774,6313.320349735266,-6322.957986568508,0.28489887714385986,0.14221782982349396,-0.1426810473203659
