2026-05-29 20:40:22 [INFO] __main__ — === VAE Orchestrator starting ===
2026-05-29 20:40:22 [INFO] __main__ — Device: cuda
2026-05-29 20:40:22 [INFO] __main__ — Applied config overrides from configs\vae_laplace_rerun_20260529.json
2026-05-29 20:40:22 [INFO] __main__ — Run tag: laplace_rerun_20260529
2026-05-29 20:40:22 [INFO] __main__ — Results directory: D:\thesis_final\results\vae\laplace_rerun_20260529
2026-05-29 20:40:22 [INFO] __main__ — Classes to train (in order): ['Benign', 'BruteForce', 'DDoS', 'DoS', 'Mirai', 'Recon', 'Spoofing', 'Web']
2026-05-29 20:40:22 [INFO] __main__ — Loading shared val arrays ...
2026-05-29 20:40:23 [INFO] vae.train — Loading 8-class labels from D:\thesis_final\data\processed\y_val_cat.npy
2026-05-29 20:40:23 [INFO] vae.train — Loading 8-class labels from D:\thesis_final\data\processed\y_train_cat.npy
2026-05-29 20:40:23 [INFO] __main__ — Manifest path: D:\thesis_final\results\vae\laplace_rerun_20260529\vae_run_manifest.json
2026-05-29 20:40:23 [INFO] __main__ — ========== Training class 0/Benign ==========
2026-05-29 20:40:23 [INFO] vae.train — [Class 0/Benign] Loading split arrays from D:\thesis_final
2026-05-29 20:40:23 [INFO] vae.train — [Class 0/Benign] 8-class split: train=139992, val=19999
2026-05-29 20:40:23 [INFO] vae.dataset — Class 0: 139992 samples loaded
2026-05-29 20:40:23 [INFO] vae.dataset — Class 0: 19999 samples loaded
2026-05-29 20:40:23 [INFO] vae.train — [Class 0/Benign] Protocol class weights: [0.1549, 0.5191, 2.647, 0.0074, 0.0245, 2.647]
2026-05-29 20:40:23 [INFO] vae.train — [Class 0/Benign] Model: latent_dim=16, beta_target=0.5000, params=32887
2026-05-29 20:40:26 [INFO] vae.train — [Class 0/Benign] Epoch 1/200 | train_loss=-10.9775 val_loss=-32.3490 recon_metric=0.8299 constraint=0.0000 beta=0.0500 lr=1.00e-03
2026-05-29 20:40:26 [INFO] vae.train — [Class 0/Benign] New best val_loss=-32.3490 — checkpoint saved.
2026-05-29 20:40:29 [INFO] vae.train — [Class 0/Benign] Epoch 2/200 | train_loss=-35.9541 val_loss=-40.5967 recon_metric=0.5745 constraint=0.0000 beta=0.1000 lr=1.00e-03
2026-05-29 20:40:29 [INFO] vae.train — [Class 0/Benign] New best val_loss=-40.5967 — checkpoint saved.
2026-05-29 20:40:31 [INFO] vae.train — [Class 0/Benign] Epoch 3/200 | train_loss=-41.9912 val_loss=-44.8843 recon_metric=0.4770 constraint=0.0000 beta=0.1500 lr=1.00e-03
2026-05-29 20:40:31 [INFO] vae.train — [Class 0/Benign] New best val_loss=-44.8843 — checkpoint saved.
2026-05-29 20:40:35 [INFO] vae.train — [Class 0/Benign] Epoch 4/200 | train_loss=-44.7200 val_loss=-47.2280 recon_metric=0.4331 constraint=0.0000 beta=0.2000 lr=9.99e-04
2026-05-29 20:40:35 [INFO] vae.train — [Class 0/Benign] New best val_loss=-47.2280 — checkpoint saved.
2026-05-29 20:40:38 [INFO] vae.train — [Class 0/Benign] Epoch 5/200 | train_loss=-45.5937 val_loss=-46.0781 recon_metric=0.4116 constraint=0.0000 beta=0.2500 lr=9.99e-04
2026-05-29 20:40:41 [INFO] vae.train — [Class 0/Benign] Epoch 6/200 | train_loss=-46.2927 val_loss=-49.2345 recon_metric=0.3982 constraint=0.0000 beta=0.3000 lr=9.98e-04
2026-05-29 20:40:41 [INFO] vae.train — [Class 0/Benign] New best val_loss=-49.2345 — checkpoint saved.
2026-05-29 20:40:45 [INFO] vae.train — [Class 0/Benign] Epoch 7/200 | train_loss=-46.8380 val_loss=-50.3253 recon_metric=0.3796 constraint=0.0000 beta=0.3500 lr=9.98e-04
2026-05-29 20:40:45 [INFO] vae.train — [Class 0/Benign] New best val_loss=-50.3253 — checkpoint saved.
2026-05-29 20:40:48 [INFO] vae.train — [Class 0/Benign] Epoch 8/200 | train_loss=-47.4443 val_loss=-48.3271 recon_metric=0.4174 constraint=0.0000 beta=0.4000 lr=9.97e-04
2026-05-29 20:40:51 [INFO] vae.train — [Class 0/Benign] Epoch 9/200 | train_loss=-47.6067 val_loss=-50.5693 recon_metric=0.3820 constraint=0.0000 beta=0.4500 lr=9.96e-04
2026-05-29 20:40:51 [INFO] vae.train — [Class 0/Benign] New best val_loss=-50.5693 — checkpoint saved.
2026-05-29 20:40:55 [INFO] vae.train — [Class 0/Benign] Epoch 10/200 | train_loss=-47.5820 val_loss=-49.8886 recon_metric=0.3855 constraint=0.0000 beta=0.5000 lr=9.95e-04
2026-05-29 20:40:58 [INFO] vae.train — [Class 0/Benign] Epoch 11/200 | train_loss=-48.3951 val_loss=-52.1357 recon_metric=0.3744 constraint=0.0000 beta=0.5000 lr=9.94e-04
2026-05-29 20:40:58 [INFO] vae.train — [Class 0/Benign] New best val_loss=-52.1357 — checkpoint saved.
2026-05-29 20:41:01 [INFO] vae.train — [Class 0/Benign] Epoch 12/200 | train_loss=-49.3401 val_loss=-53.3182 recon_metric=0.3583 constraint=0.0000 beta=0.5000 lr=9.93e-04
2026-05-29 20:41:01 [INFO] vae.train — [Class 0/Benign] New best val_loss=-53.3182 — checkpoint saved.
2026-05-29 20:41:05 [INFO] vae.train — [Class 0/Benign] Epoch 13/200 | train_loss=-49.8803 val_loss=-52.4431 recon_metric=0.3589 constraint=0.0000 beta=0.5000 lr=9.91e-04
2026-05-29 20:41:08 [INFO] vae.train — [Class 0/Benign] Epoch 14/200 | train_loss=-50.5024 val_loss=-54.1285 recon_metric=0.3504 constraint=0.0000 beta=0.5000 lr=9.90e-04
2026-05-29 20:41:08 [INFO] vae.train — [Class 0/Benign] New best val_loss=-54.1285 — checkpoint saved.
2026-05-29 20:41:12 [INFO] vae.train — [Class 0/Benign] Epoch 15/200 | train_loss=-52.0228 val_loss=-55.8460 recon_metric=0.3330 constraint=0.0000 beta=0.5000 lr=9.88e-04
2026-05-29 20:41:12 [INFO] vae.train — [Class 0/Benign] New best val_loss=-55.8460 — checkpoint saved.
2026-05-29 20:41:15 [INFO] vae.train — [Class 0/Benign] Epoch 16/200 | train_loss=-52.0577 val_loss=-54.0883 recon_metric=0.3274 constraint=0.0000 beta=0.5000 lr=9.86e-04
2026-05-29 20:41:18 [INFO] vae.train — [Class 0/Benign] Epoch 17/200 | train_loss=-52.9373 val_loss=-56.8007 recon_metric=0.3119 constraint=0.0000 beta=0.5000 lr=9.84e-04
2026-05-29 20:41:18 [INFO] vae.train — [Class 0/Benign] New best val_loss=-56.8007 — checkpoint saved.
2026-05-29 20:41:22 [INFO] vae.train — [Class 0/Benign] Epoch 18/200 | train_loss=-53.1521 val_loss=-55.4940 recon_metric=0.3033 constraint=0.0000 beta=0.5000 lr=9.82e-04
2026-05-29 20:41:25 [INFO] vae.train — [Class 0/Benign] Epoch 19/200 | train_loss=-53.7432 val_loss=-57.0686 recon_metric=0.3033 constraint=0.0000 beta=0.5000 lr=9.80e-04
2026-05-29 20:41:25 [INFO] vae.train — [Class 0/Benign] New best val_loss=-57.0686 — checkpoint saved.
2026-05-29 20:41:29 [INFO] vae.train — [Class 0/Benign] Epoch 20/200 | train_loss=-54.7474 val_loss=-56.8144 recon_metric=0.2967 constraint=0.0000 beta=0.5000 lr=9.78e-04
2026-05-29 20:41:32 [INFO] vae.train — [Class 0/Benign] Epoch 21/200 | train_loss=-54.5229 val_loss=-57.5666 recon_metric=0.2662 constraint=0.0000 beta=0.5000 lr=9.76e-04
2026-05-29 20:41:32 [INFO] vae.train — [Class 0/Benign] New best val_loss=-57.5666 — checkpoint saved.
2026-05-29 20:41:35 [INFO] vae.train — [Class 0/Benign] Epoch 22/200 | train_loss=-55.0559 val_loss=-57.8032 recon_metric=0.2456 constraint=0.0000 beta=0.5000 lr=9.73e-04
2026-05-29 20:41:35 [INFO] vae.train — [Class 0/Benign] New best val_loss=-57.8032 — checkpoint saved.
2026-05-29 20:41:39 [INFO] vae.train — [Class 0/Benign] Epoch 23/200 | train_loss=-55.6258 val_loss=-57.5631 recon_metric=0.2314 constraint=0.0000 beta=0.5000 lr=9.70e-04
2026-05-29 20:41:42 [INFO] vae.train — [Class 0/Benign] Epoch 24/200 | train_loss=-56.1619 val_loss=-56.7128 recon_metric=0.2031 constraint=0.0000 beta=0.5000 lr=9.68e-04
2026-05-29 20:41:45 [INFO] vae.train — [Class 0/Benign] Epoch 25/200 | train_loss=-56.4095 val_loss=-59.4829 recon_metric=0.2001 constraint=0.0000 beta=0.5000 lr=9.65e-04
2026-05-29 20:41:45 [INFO] vae.train — [Class 0/Benign] New best val_loss=-59.4829 — checkpoint saved.
2026-05-29 20:41:49 [INFO] vae.train — [Class 0/Benign] Epoch 26/200 | train_loss=-56.4595 val_loss=-56.9424 recon_metric=0.2892 constraint=0.0000 beta=0.5000 lr=9.62e-04
2026-05-29 20:41:52 [INFO] vae.train — [Class 0/Benign] Epoch 27/200 | train_loss=-56.4044 val_loss=-58.3681 recon_metric=0.1793 constraint=0.0000 beta=0.5000 lr=9.59e-04
2026-05-29 20:41:56 [INFO] vae.train — [Class 0/Benign] Epoch 28/200 | train_loss=-56.9108 val_loss=-59.1406 recon_metric=0.1809 constraint=0.0000 beta=0.5000 lr=9.56e-04
2026-05-29 20:41:59 [INFO] vae.train — [Class 0/Benign] Epoch 29/200 | train_loss=-57.2521 val_loss=-60.1876 recon_metric=0.1629 constraint=0.0000 beta=0.5000 lr=9.52e-04
2026-05-29 20:41:59 [INFO] vae.train — [Class 0/Benign] New best val_loss=-60.1876 — checkpoint saved.
2026-05-29 20:42:02 [INFO] vae.train — [Class 0/Benign] Epoch 30/200 | train_loss=-58.4632 val_loss=-61.9252 recon_metric=0.1436 constraint=0.0000 beta=0.5000 lr=9.49e-04
2026-05-29 20:42:02 [INFO] vae.train — [Class 0/Benign] New best val_loss=-61.9252 — checkpoint saved.
2026-05-29 20:42:05 [INFO] vae.train — [Class 0/Benign] Epoch 31/200 | train_loss=-59.1526 val_loss=-63.7416 recon_metric=0.1345 constraint=0.0000 beta=0.5000 lr=9.46e-04
2026-05-29 20:42:05 [INFO] vae.train — [Class 0/Benign] New best val_loss=-63.7416 — checkpoint saved.
2026-05-29 20:42:07 [INFO] vae.train — [Class 0/Benign] Epoch 32/200 | train_loss=-60.1193 val_loss=-63.7980 recon_metric=0.1299 constraint=0.0000 beta=0.5000 lr=9.42e-04
2026-05-29 20:42:07 [INFO] vae.train — [Class 0/Benign] New best val_loss=-63.7980 — checkpoint saved.
2026-05-29 20:42:10 [INFO] vae.train — [Class 0/Benign] Epoch 33/200 | train_loss=-60.5549 val_loss=-65.0084 recon_metric=0.1319 constraint=0.0000 beta=0.5000 lr=9.38e-04
2026-05-29 20:42:10 [INFO] vae.train — [Class 0/Benign] New best val_loss=-65.0084 — checkpoint saved.
2026-05-29 20:42:12 [INFO] vae.train — [Class 0/Benign] Epoch 34/200 | train_loss=-61.0764 val_loss=-64.3950 recon_metric=0.1241 constraint=0.0000 beta=0.5000 lr=9.34e-04
2026-05-29 20:42:15 [INFO] vae.train — [Class 0/Benign] Epoch 35/200 | train_loss=-61.0907 val_loss=-64.7589 recon_metric=0.1264 constraint=0.0000 beta=0.5000 lr=9.30e-04
2026-05-29 20:42:18 [INFO] vae.train — [Class 0/Benign] Epoch 36/200 | train_loss=-61.8603 val_loss=-62.9608 recon_metric=0.1234 constraint=0.0000 beta=0.5000 lr=9.26e-04
2026-05-29 20:42:20 [INFO] vae.train — [Class 0/Benign] Epoch 37/200 | train_loss=-61.6626 val_loss=-62.8866 recon_metric=0.1245 constraint=0.0000 beta=0.5000 lr=9.22e-04
2026-05-29 20:42:23 [INFO] vae.train — [Class 0/Benign] Epoch 38/200 | train_loss=-62.3281 val_loss=-64.3608 recon_metric=0.1167 constraint=0.0000 beta=0.5000 lr=9.18e-04
2026-05-29 20:42:26 [INFO] vae.train — [Class 0/Benign] Epoch 39/200 | train_loss=-61.8179 val_loss=-65.2242 recon_metric=0.1200 constraint=0.0000 beta=0.5000 lr=9.14e-04
2026-05-29 20:42:26 [INFO] vae.train — [Class 0/Benign] New best val_loss=-65.2242 — checkpoint saved.
2026-05-29 20:42:28 [INFO] vae.train — [Class 0/Benign] Epoch 40/200 | train_loss=-62.3160 val_loss=-65.3918 recon_metric=0.1177 constraint=0.0000 beta=0.5000 lr=9.09e-04
2026-05-29 20:42:28 [INFO] vae.train — [Class 0/Benign] New best val_loss=-65.3918 — checkpoint saved.
2026-05-29 20:42:31 [INFO] vae.train — [Class 0/Benign] Epoch 41/200 | train_loss=-62.2676 val_loss=-65.4812 recon_metric=0.1276 constraint=0.0000 beta=0.5000 lr=9.05e-04
2026-05-29 20:42:31 [INFO] vae.train — [Class 0/Benign] New best val_loss=-65.4812 — checkpoint saved.
2026-05-29 20:42:35 [INFO] vae.train — [Class 0/Benign] Epoch 42/200 | train_loss=-62.0489 val_loss=-66.1282 recon_metric=0.1164 constraint=0.0000 beta=0.5000 lr=9.00e-04
2026-05-29 20:42:35 [INFO] vae.train — [Class 0/Benign] New best val_loss=-66.1282 — checkpoint saved.
2026-05-29 20:42:38 [INFO] vae.train — [Class 0/Benign] Epoch 43/200 | train_loss=-62.9217 val_loss=-60.3232 recon_metric=0.1190 constraint=0.0000 beta=0.5000 lr=8.95e-04
2026-05-29 20:42:41 [INFO] vae.train — [Class 0/Benign] Epoch 44/200 | train_loss=-62.1417 val_loss=-67.1588 recon_metric=0.1135 constraint=0.0000 beta=0.5000 lr=8.90e-04
2026-05-29 20:42:41 [INFO] vae.train — [Class 0/Benign] New best val_loss=-67.1588 — checkpoint saved.
2026-05-29 20:42:45 [INFO] vae.train — [Class 0/Benign] Epoch 45/200 | train_loss=-63.6117 val_loss=-65.6857 recon_metric=0.1180 constraint=0.0000 beta=0.5000 lr=8.85e-04
2026-05-29 20:42:48 [INFO] vae.train — [Class 0/Benign] Epoch 46/200 | train_loss=-62.8499 val_loss=-65.8399 recon_metric=0.1196 constraint=0.0000 beta=0.5000 lr=8.80e-04
2026-05-29 20:42:52 [INFO] vae.train — [Class 0/Benign] Epoch 47/200 | train_loss=-63.3920 val_loss=-66.7137 recon_metric=0.1116 constraint=0.0000 beta=0.5000 lr=8.75e-04
2026-05-29 20:42:55 [INFO] vae.train — [Class 0/Benign] Epoch 48/200 | train_loss=-63.1149 val_loss=-64.8270 recon_metric=0.1135 constraint=0.0000 beta=0.5000 lr=8.70e-04
2026-05-29 20:42:59 [INFO] vae.train — [Class 0/Benign] Epoch 49/200 | train_loss=-63.8117 val_loss=-67.7235 recon_metric=0.1138 constraint=0.0000 beta=0.5000 lr=8.64e-04
2026-05-29 20:42:59 [INFO] vae.train — [Class 0/Benign] New best val_loss=-67.7235 — checkpoint saved.
2026-05-29 20:43:02 [INFO] vae.train — [Class 0/Benign] Epoch 50/200 | train_loss=-65.9080 val_loss=-70.1949 recon_metric=0.1108 constraint=0.0000 beta=0.5000 lr=8.59e-04
2026-05-29 20:43:02 [INFO] vae.train — [Class 0/Benign] New best val_loss=-70.1949 — checkpoint saved.
2026-05-29 20:43:05 [INFO] vae.train — [Class 0/Benign] Epoch 51/200 | train_loss=-66.3293 val_loss=-71.2894 recon_metric=0.1096 constraint=0.0000 beta=0.5000 lr=8.54e-04
2026-05-29 20:43:05 [INFO] vae.train — [Class 0/Benign] New best val_loss=-71.2894 — checkpoint saved.
2026-05-29 20:43:09 [INFO] vae.train — [Class 0/Benign] Epoch 52/200 | train_loss=-66.8309 val_loss=-70.9303 recon_metric=0.1077 constraint=0.0000 beta=0.5000 lr=8.48e-04
2026-05-29 20:43:12 [INFO] vae.train — [Class 0/Benign] Epoch 53/200 | train_loss=-67.4149 val_loss=-68.3567 recon_metric=0.1223 constraint=0.0000 beta=0.5000 lr=8.42e-04
2026-05-29 20:43:15 [INFO] vae.train — [Class 0/Benign] Epoch 54/200 | train_loss=-67.0668 val_loss=-72.4289 recon_metric=0.1082 constraint=0.0000 beta=0.5000 lr=8.37e-04
2026-05-29 20:43:15 [INFO] vae.train — [Class 0/Benign] New best val_loss=-72.4289 — checkpoint saved.
2026-05-29 20:43:19 [INFO] vae.train — [Class 0/Benign] Epoch 55/200 | train_loss=-67.9171 val_loss=-70.4328 recon_metric=0.1119 constraint=0.0000 beta=0.5000 lr=8.31e-04
2026-05-29 20:43:22 [INFO] vae.train — [Class 0/Benign] Epoch 56/200 | train_loss=-67.9466 val_loss=-70.6775 recon_metric=0.1077 constraint=0.0000 beta=0.5000 lr=8.25e-04
2026-05-29 20:43:25 [INFO] vae.train — [Class 0/Benign] Epoch 57/200 | train_loss=-67.5061 val_loss=-69.9953 recon_metric=0.1091 constraint=0.0000 beta=0.5000 lr=8.19e-04
2026-05-29 20:43:29 [INFO] vae.train — [Class 0/Benign] Epoch 58/200 | train_loss=-68.0848 val_loss=-70.6363 recon_metric=0.1066 constraint=0.0000 beta=0.5000 lr=8.13e-04
2026-05-29 20:43:32 [INFO] vae.train — [Class 0/Benign] Epoch 59/200 | train_loss=-67.8206 val_loss=-71.6971 recon_metric=0.1067 constraint=0.0000 beta=0.5000 lr=8.06e-04
2026-05-29 20:43:35 [INFO] vae.train — [Class 0/Benign] Epoch 60/200 | train_loss=-67.9637 val_loss=-72.9576 recon_metric=0.1058 constraint=0.0000 beta=0.5000 lr=8.00e-04
2026-05-29 20:43:35 [INFO] vae.train — [Class 0/Benign] New best val_loss=-72.9576 — checkpoint saved.
2026-05-29 20:43:39 [INFO] vae.train — [Class 0/Benign] Epoch 61/200 | train_loss=-68.3878 val_loss=-72.0679 recon_metric=0.1048 constraint=0.0000 beta=0.5000 lr=7.94e-04
2026-05-29 20:43:42 [INFO] vae.train — [Class 0/Benign] Epoch 62/200 | train_loss=-68.7419 val_loss=-71.3807 recon_metric=0.1069 constraint=0.0000 beta=0.5000 lr=7.88e-04
2026-05-29 20:43:45 [INFO] vae.train — [Class 0/Benign] Epoch 63/200 | train_loss=-69.1579 val_loss=-72.8608 recon_metric=0.1057 constraint=0.0000 beta=0.5000 lr=7.81e-04
2026-05-29 20:43:48 [INFO] vae.train — [Class 0/Benign] Epoch 64/200 | train_loss=-69.0398 val_loss=-73.5365 recon_metric=0.1034 constraint=0.0000 beta=0.5000 lr=7.75e-04
2026-05-29 20:43:48 [INFO] vae.train — [Class 0/Benign] New best val_loss=-73.5365 — checkpoint saved.
2026-05-29 20:43:52 [INFO] vae.train — [Class 0/Benign] Epoch 65/200 | train_loss=-69.1174 val_loss=-68.7134 recon_metric=0.1139 constraint=0.0000 beta=0.5000 lr=7.68e-04
2026-05-29 20:43:55 [INFO] vae.train — [Class 0/Benign] Epoch 66/200 | train_loss=-69.4109 val_loss=-72.9376 recon_metric=0.1048 constraint=0.0000 beta=0.5000 lr=7.61e-04
2026-05-29 20:43:58 [INFO] vae.train — [Class 0/Benign] Epoch 67/200 | train_loss=-69.6132 val_loss=-73.0596 recon_metric=0.1047 constraint=0.0000 beta=0.5000 lr=7.55e-04
2026-05-29 20:44:01 [INFO] vae.train — [Class 0/Benign] Epoch 68/200 | train_loss=-69.3679 val_loss=-69.6166 recon_metric=0.1074 constraint=0.0000 beta=0.5000 lr=7.48e-04
2026-05-29 20:44:04 [INFO] vae.train — [Class 0/Benign] Epoch 69/200 | train_loss=-69.5374 val_loss=-71.7848 recon_metric=0.1050 constraint=0.0000 beta=0.5000 lr=7.41e-04
2026-05-29 20:44:06 [INFO] vae.train — [Class 0/Benign] Epoch 70/200 | train_loss=-69.8861 val_loss=-71.1432 recon_metric=0.1072 constraint=0.0000 beta=0.5000 lr=7.34e-04
2026-05-29 20:44:09 [INFO] vae.train — [Class 0/Benign] Epoch 71/200 | train_loss=-70.0689 val_loss=-73.3746 recon_metric=0.1107 constraint=0.0000 beta=0.5000 lr=7.27e-04
2026-05-29 20:44:12 [INFO] vae.train — [Class 0/Benign] Epoch 72/200 | train_loss=-69.6077 val_loss=-74.1994 recon_metric=0.1042 constraint=0.0000 beta=0.5000 lr=7.20e-04
2026-05-29 20:44:12 [INFO] vae.train — [Class 0/Benign] New best val_loss=-74.1994 — checkpoint saved.
2026-05-29 20:44:14 [INFO] vae.train — [Class 0/Benign] Epoch 73/200 | train_loss=-70.4318 val_loss=-74.0680 recon_metric=0.1051 constraint=0.0000 beta=0.5000 lr=7.13e-04
2026-05-29 20:44:17 [INFO] vae.train — [Class 0/Benign] Epoch 74/200 | train_loss=-69.5840 val_loss=-72.4127 recon_metric=0.1085 constraint=0.0000 beta=0.5000 lr=7.06e-04
2026-05-29 20:44:20 [INFO] vae.train — [Class 0/Benign] Epoch 75/200 | train_loss=-70.4515 val_loss=-71.9804 recon_metric=0.1079 constraint=0.0000 beta=0.5000 lr=6.99e-04
2026-05-29 20:44:22 [INFO] vae.train — [Class 0/Benign] Epoch 76/200 | train_loss=-70.4722 val_loss=-76.2914 recon_metric=0.1023 constraint=0.0000 beta=0.5000 lr=6.91e-04
2026-05-29 20:44:22 [INFO] vae.train — [Class 0/Benign] New best val_loss=-76.2914 — checkpoint saved.
2026-05-29 20:44:25 [INFO] vae.train — [Class 0/Benign] Epoch 77/200 | train_loss=-70.8739 val_loss=-76.1348 recon_metric=0.1028 constraint=0.0000 beta=0.5000 lr=6.84e-04
2026-05-29 20:44:27 [INFO] vae.train — [Class 0/Benign] Epoch 78/200 | train_loss=-71.2097 val_loss=-75.0265 recon_metric=0.1028 constraint=0.0000 beta=0.5000 lr=6.77e-04
2026-05-29 20:44:30 [INFO] vae.train — [Class 0/Benign] Epoch 79/200 | train_loss=-70.9524 val_loss=-76.0819 recon_metric=0.1018 constraint=0.0000 beta=0.5000 lr=6.69e-04
2026-05-29 20:44:34 [INFO] vae.train — [Class 0/Benign] Epoch 80/200 | train_loss=-70.8193 val_loss=-74.4889 recon_metric=0.1036 constraint=0.0000 beta=0.5000 lr=6.62e-04
2026-05-29 20:44:37 [INFO] vae.train — [Class 0/Benign] Epoch 81/200 | train_loss=-70.4492 val_loss=-76.8963 recon_metric=0.1015 constraint=0.0000 beta=0.5000 lr=6.55e-04
2026-05-29 20:44:37 [INFO] vae.train — [Class 0/Benign] New best val_loss=-76.8963 — checkpoint saved.
2026-05-29 20:44:40 [INFO] vae.train — [Class 0/Benign] Epoch 82/200 | train_loss=-71.1426 val_loss=-71.3026 recon_metric=0.1060 constraint=0.0000 beta=0.5000 lr=6.47e-04
2026-05-29 20:44:44 [INFO] vae.train — [Class 0/Benign] Epoch 83/200 | train_loss=-71.4139 val_loss=-77.5798 recon_metric=0.1039 constraint=0.0000 beta=0.5000 lr=6.39e-04
2026-05-29 20:44:44 [INFO] vae.train — [Class 0/Benign] New best val_loss=-77.5798 — checkpoint saved.
2026-05-29 20:44:47 [INFO] vae.train — [Class 0/Benign] Epoch 84/200 | train_loss=-71.0501 val_loss=-68.3854 recon_metric=0.1006 constraint=0.0000 beta=0.5000 lr=6.32e-04
2026-05-29 20:44:51 [INFO] vae.train — [Class 0/Benign] Epoch 85/200 | train_loss=-71.3033 val_loss=-72.7834 recon_metric=0.1003 constraint=0.0000 beta=0.5000 lr=6.24e-04
2026-05-29 20:44:54 [INFO] vae.train — [Class 0/Benign] Epoch 86/200 | train_loss=-71.5107 val_loss=-74.4808 recon_metric=0.1037 constraint=0.0000 beta=0.5000 lr=6.17e-04
2026-05-29 20:44:58 [INFO] vae.train — [Class 0/Benign] Epoch 87/200 | train_loss=-72.1762 val_loss=-74.4672 recon_metric=0.0998 constraint=0.0000 beta=0.5000 lr=6.09e-04
2026-05-29 20:45:01 [INFO] vae.train — [Class 0/Benign] Epoch 88/200 | train_loss=-71.7833 val_loss=-77.5575 recon_metric=0.1006 constraint=0.0000 beta=0.5000 lr=6.01e-04
2026-05-29 20:45:04 [INFO] vae.train — [Class 0/Benign] Epoch 89/200 | train_loss=-71.4200 val_loss=-76.9621 recon_metric=0.1005 constraint=0.0000 beta=0.5000 lr=5.94e-04
2026-05-29 20:45:08 [INFO] vae.train — [Class 0/Benign] Epoch 90/200 | train_loss=-72.6517 val_loss=-76.0746 recon_metric=0.1018 constraint=0.0000 beta=0.5000 lr=5.86e-04
2026-05-29 20:45:11 [INFO] vae.train — [Class 0/Benign] Epoch 91/200 | train_loss=-72.2875 val_loss=-75.0305 recon_metric=0.1099 constraint=0.0000 beta=0.5000 lr=5.78e-04
2026-05-29 20:45:14 [INFO] vae.train — [Class 0/Benign] Epoch 92/200 | train_loss=-72.8744 val_loss=-76.7571 recon_metric=0.1026 constraint=0.0000 beta=0.5000 lr=5.70e-04
2026-05-29 20:45:17 [INFO] vae.train — [Class 0/Benign] Epoch 93/200 | train_loss=-72.5840 val_loss=-73.7108 recon_metric=0.1023 constraint=0.0000 beta=0.5000 lr=5.63e-04
2026-05-29 20:45:17 [INFO] vae.train — [Class 0/Benign] Early stop after 93 epochs (patience=10).
2026-05-29 20:45:18 [INFO] vae.train — [Class 0/Benign] Curves saved to D:\thesis_final\results\vae\laplace_rerun_20260529\curves_Benign_laplace_rerun_20260529.png
2026-05-29 20:45:18 [INFO] __main__ — Reloading checkpoint from D:\thesis_final\models\vae\vae_class_0_Benign_laplace_rerun_20260529.pt
2026-05-29 20:45:18 [INFO] vae.dataset — Class 0: 19999 samples loaded
2026-05-29 20:45:18 [INFO] vae.diagnostics — === Running diagnostics for class 0 (Benign) ===
2026-05-29 20:45:18 [INFO] vae.diagnostics — Loaded validator via attack.validator.validate_batch
2026-05-29 20:45:18 [INFO] vae.diagnostics — [1/4] Posterior collapse check ...
2026-05-29 20:45:18 [INFO] vae.diagnostics — Posterior collapse: 0/16 dims below threshold 0.010
2026-05-29 20:45:18 [INFO] vae.diagnostics — [2/4] Per-feature reconstruction error ...
2026-05-29 20:45:18 [INFO] vae.diagnostics — Per-feature recon: protocol top-1=0.9977, worst feature=Time_To_Live (0.6097)
2026-05-29 20:45:18 [INFO] vae.diagnostics — [3/4] Unconditional sample validity (n=1000) ...
2026-05-29 20:45:18 [INFO] vae.diagnostics — Unconditional validity after raw_postprocess: 1.0000 overall (1000/1000 valid)
2026-05-29 20:45:18 [INFO] vae.diagnostics — Unconditional validity before raw_postprocess: 1.0000 overall (1000/1000 valid)
2026-05-29 20:45:18 [INFO] vae.diagnostics — Protocol-binary consistency: 1.0 (as expected)
2026-05-29 20:45:18 [INFO] vae.diagnostics — [4/4] Conditional reconstruction validity ...
2026-05-29 20:45:18 [INFO] vae.diagnostics — Conditional validity after raw_postprocess: 1.0000 overall (1000/1000 valid)
2026-05-29 20:45:18 [INFO] vae.diagnostics — Conditional validity before raw_postprocess: 1.0000 overall (1000/1000 valid)
2026-05-29 20:45:18 [INFO] vae.diagnostics — Diagnostics written to D:\thesis_final\results\vae\laplace_rerun_20260529\diagnostics_Benign.json
2026-05-29 20:45:18 [INFO] __main__ — Manifest updated for class Benign
2026-05-29 20:45:18 [INFO] __main__ — Class Benign done: best_val_loss=-77.5798 epochs=93 collapsed=0 uncond_pre=100.00% uncond_post=100.00% cond_pre=100.00% cond_post=100.00% proto_acc=99.77%
2026-05-29 20:45:18 [INFO] __main__ — ========== Training class 1/BruteForce ==========
2026-05-29 20:45:18 [INFO] vae.train — [Class 1/BruteForce] Loading split arrays from D:\thesis_final
2026-05-29 20:45:18 [INFO] vae.train — [Class 1/BruteForce] 8-class split: train=8766, val=1252
2026-05-29 20:45:18 [INFO] vae.dataset — Class 1: 8766 samples loaded
2026-05-29 20:45:18 [INFO] vae.dataset — Class 1: 1252 samples loaded
2026-05-29 20:45:18 [INFO] vae.train — [Class 1/BruteForce] Protocol class weights: [0.2627, 0.7705, 2.4364, 0.0286, 0.0654, 2.4364]
2026-05-29 20:45:18 [INFO] vae.train — [Class 1/BruteForce] Model: latent_dim=16, beta_target=0.5000, params=32887
2026-05-29 20:45:18 [INFO] vae.train — [Class 1/BruteForce] Epoch 1/200 | train_loss=74.6575 val_loss=38.7550 recon_metric=5.1214 constraint=0.0000 beta=0.0500 lr=1.00e-03
2026-05-29 20:45:18 [INFO] vae.train — [Class 1/BruteForce] New best val_loss=38.7550 — checkpoint saved.
2026-05-29 20:45:18 [INFO] vae.train — [Class 1/BruteForce] Epoch 2/200 | train_loss=24.3899 val_loss=11.7656 recon_metric=4.9050 constraint=0.0000 beta=0.1000 lr=1.00e-03
2026-05-29 20:45:18 [INFO] vae.train — [Class 1/BruteForce] New best val_loss=11.7656 — checkpoint saved.
2026-05-29 20:45:19 [INFO] vae.train — [Class 1/BruteForce] Epoch 3/200 | train_loss=4.9147 val_loss=-1.2299 recon_metric=4.5980 constraint=0.0000 beta=0.1500 lr=1.00e-03
2026-05-29 20:45:19 [INFO] vae.train — [Class 1/BruteForce] New best val_loss=-1.2299 — checkpoint saved.
2026-05-29 20:45:19 [INFO] vae.train — [Class 1/BruteForce] Epoch 4/200 | train_loss=-3.1158 val_loss=-7.4540 recon_metric=4.3535 constraint=0.0000 beta=0.2000 lr=9.99e-04
2026-05-29 20:45:19 [INFO] vae.train — [Class 1/BruteForce] New best val_loss=-7.4540 — checkpoint saved.
2026-05-29 20:45:19 [INFO] vae.train — [Class 1/BruteForce] Epoch 5/200 | train_loss=-7.7971 val_loss=-10.6647 recon_metric=4.0452 constraint=0.0000 beta=0.2500 lr=9.99e-04
2026-05-29 20:45:19 [INFO] vae.train — [Class 1/BruteForce] New best val_loss=-10.6647 — checkpoint saved.
2026-05-29 20:45:19 [INFO] vae.train — [Class 1/BruteForce] Epoch 6/200 | train_loss=-10.6698 val_loss=-13.2913 recon_metric=3.7324 constraint=0.0000 beta=0.3000 lr=9.98e-04
2026-05-29 20:45:19 [INFO] vae.train — [Class 1/BruteForce] New best val_loss=-13.2913 — checkpoint saved.
2026-05-29 20:45:19 [INFO] vae.train — [Class 1/BruteForce] Epoch 7/200 | train_loss=-12.9757 val_loss=-15.3260 recon_metric=3.3924 constraint=0.0000 beta=0.3500 lr=9.98e-04
2026-05-29 20:45:19 [INFO] vae.train — [Class 1/BruteForce] New best val_loss=-15.3260 — checkpoint saved.
2026-05-29 20:45:20 [INFO] vae.train — [Class 1/BruteForce] Epoch 8/200 | train_loss=-14.7743 val_loss=-16.9035 recon_metric=2.9449 constraint=0.0000 beta=0.4000 lr=9.97e-04
2026-05-29 20:45:20 [INFO] vae.train — [Class 1/BruteForce] New best val_loss=-16.9035 — checkpoint saved.
2026-05-29 20:45:20 [INFO] vae.train — [Class 1/BruteForce] Epoch 9/200 | train_loss=-16.1736 val_loss=-18.0501 recon_metric=2.6084 constraint=0.0000 beta=0.4500 lr=9.96e-04
2026-05-29 20:45:20 [INFO] vae.train — [Class 1/BruteForce] New best val_loss=-18.0501 — checkpoint saved.
2026-05-29 20:45:20 [INFO] vae.train — [Class 1/BruteForce] Epoch 10/200 | train_loss=-16.8999 val_loss=-18.7441 recon_metric=2.1893 constraint=0.0000 beta=0.5000 lr=9.95e-04
2026-05-29 20:45:20 [INFO] vae.train — [Class 1/BruteForce] New best val_loss=-18.7441 — checkpoint saved.
2026-05-29 20:45:20 [INFO] vae.train — [Class 1/BruteForce] Epoch 11/200 | train_loss=-17.9680 val_loss=-20.7011 recon_metric=1.7538 constraint=0.0000 beta=0.5000 lr=9.94e-04
2026-05-29 20:45:20 [INFO] vae.train — [Class 1/BruteForce] New best val_loss=-20.7011 — checkpoint saved.
2026-05-29 20:45:21 [INFO] vae.train — [Class 1/BruteForce] Epoch 12/200 | train_loss=-18.8052 val_loss=-20.3117 recon_metric=1.8266 constraint=0.0000 beta=0.5000 lr=9.93e-04
2026-05-29 20:45:21 [INFO] vae.train — [Class 1/BruteForce] Epoch 13/200 | train_loss=-19.6310 val_loss=-22.3151 recon_metric=1.4821 constraint=0.0000 beta=0.5000 lr=9.91e-04
2026-05-29 20:45:21 [INFO] vae.train — [Class 1/BruteForce] New best val_loss=-22.3151 — checkpoint saved.
2026-05-29 20:45:21 [INFO] vae.train — [Class 1/BruteForce] Epoch 14/200 | train_loss=-20.6959 val_loss=-23.5830 recon_metric=1.3435 constraint=0.0000 beta=0.5000 lr=9.90e-04
2026-05-29 20:45:21 [INFO] vae.train — [Class 1/BruteForce] New best val_loss=-23.5830 — checkpoint saved.
2026-05-29 20:45:21 [INFO] vae.train — [Class 1/BruteForce] Epoch 15/200 | train_loss=-21.3679 val_loss=-24.1979 recon_metric=1.3768 constraint=0.0000 beta=0.5000 lr=9.88e-04
2026-05-29 20:45:21 [INFO] vae.train — [Class 1/BruteForce] New best val_loss=-24.1979 — checkpoint saved.
2026-05-29 20:45:21 [INFO] vae.train — [Class 1/BruteForce] Epoch 16/200 | train_loss=-22.5099 val_loss=-25.3792 recon_metric=1.2709 constraint=0.0000 beta=0.5000 lr=9.86e-04
2026-05-29 20:45:21 [INFO] vae.train — [Class 1/BruteForce] New best val_loss=-25.3792 — checkpoint saved.
2026-05-29 20:45:22 [INFO] vae.train — [Class 1/BruteForce] Epoch 17/200 | train_loss=-23.1603 val_loss=-25.4161 recon_metric=1.2724 constraint=0.0000 beta=0.5000 lr=9.84e-04
2026-05-29 20:45:22 [INFO] vae.train — [Class 1/BruteForce] New best val_loss=-25.4161 — checkpoint saved.
2026-05-29 20:45:22 [INFO] vae.train — [Class 1/BruteForce] Epoch 18/200 | train_loss=-24.0283 val_loss=-26.5915 recon_metric=1.2064 constraint=0.0000 beta=0.5000 lr=9.82e-04
2026-05-29 20:45:22 [INFO] vae.train — [Class 1/BruteForce] New best val_loss=-26.5915 — checkpoint saved.
2026-05-29 20:45:22 [INFO] vae.train — [Class 1/BruteForce] Epoch 19/200 | train_loss=-24.7513 val_loss=-27.5196 recon_metric=1.1197 constraint=0.0000 beta=0.5000 lr=9.80e-04
2026-05-29 20:45:22 [INFO] vae.train — [Class 1/BruteForce] New best val_loss=-27.5196 — checkpoint saved.
2026-05-29 20:45:22 [INFO] vae.train — [Class 1/BruteForce] Epoch 20/200 | train_loss=-25.9502 val_loss=-27.7693 recon_metric=1.1760 constraint=0.0000 beta=0.5000 lr=9.78e-04
2026-05-29 20:45:22 [INFO] vae.train — [Class 1/BruteForce] New best val_loss=-27.7693 — checkpoint saved.
2026-05-29 20:45:22 [INFO] vae.train — [Class 1/BruteForce] Epoch 21/200 | train_loss=-26.5677 val_loss=-28.8723 recon_metric=1.1514 constraint=0.0000 beta=0.5000 lr=9.76e-04
2026-05-29 20:45:22 [INFO] vae.train — [Class 1/BruteForce] New best val_loss=-28.8723 — checkpoint saved.
2026-05-29 20:45:23 [INFO] vae.train — [Class 1/BruteForce] Epoch 22/200 | train_loss=-27.4798 val_loss=-30.2508 recon_metric=1.1226 constraint=0.0000 beta=0.5000 lr=9.73e-04
2026-05-29 20:45:23 [INFO] vae.train — [Class 1/BruteForce] New best val_loss=-30.2508 — checkpoint saved.
2026-05-29 20:45:23 [INFO] vae.train — [Class 1/BruteForce] Epoch 23/200 | train_loss=-28.3321 val_loss=-30.3901 recon_metric=1.1203 constraint=0.0000 beta=0.5000 lr=9.70e-04
2026-05-29 20:45:23 [INFO] vae.train — [Class 1/BruteForce] New best val_loss=-30.3901 — checkpoint saved.
2026-05-29 20:45:23 [INFO] vae.train — [Class 1/BruteForce] Epoch 24/200 | train_loss=-28.9407 val_loss=-30.7883 recon_metric=1.1213 constraint=0.0000 beta=0.5000 lr=9.68e-04
2026-05-29 20:45:23 [INFO] vae.train — [Class 1/BruteForce] New best val_loss=-30.7883 — checkpoint saved.
2026-05-29 20:45:23 [INFO] vae.train — [Class 1/BruteForce] Epoch 25/200 | train_loss=-29.0361 val_loss=-30.4436 recon_metric=1.2051 constraint=0.0000 beta=0.5000 lr=9.65e-04
2026-05-29 20:45:23 [INFO] vae.train — [Class 1/BruteForce] Epoch 26/200 | train_loss=-29.6619 val_loss=-31.7718 recon_metric=1.1119 constraint=0.0000 beta=0.5000 lr=9.62e-04
2026-05-29 20:45:23 [INFO] vae.train — [Class 1/BruteForce] New best val_loss=-31.7718 — checkpoint saved.
2026-05-29 20:45:24 [INFO] vae.train — [Class 1/BruteForce] Epoch 27/200 | train_loss=-30.7270 val_loss=-33.0322 recon_metric=1.0526 constraint=0.0000 beta=0.5000 lr=9.59e-04
2026-05-29 20:45:24 [INFO] vae.train — [Class 1/BruteForce] New best val_loss=-33.0322 — checkpoint saved.
2026-05-29 20:45:24 [INFO] vae.train — [Class 1/BruteForce] Epoch 28/200 | train_loss=-31.1061 val_loss=-33.7448 recon_metric=1.0707 constraint=0.0000 beta=0.5000 lr=9.56e-04
2026-05-29 20:45:24 [INFO] vae.train — [Class 1/BruteForce] New best val_loss=-33.7448 — checkpoint saved.
2026-05-29 20:45:24 [INFO] vae.train — [Class 1/BruteForce] Epoch 29/200 | train_loss=-31.5945 val_loss=-33.4191 recon_metric=1.0769 constraint=0.0000 beta=0.5000 lr=9.52e-04
2026-05-29 20:45:24 [INFO] vae.train — [Class 1/BruteForce] Epoch 30/200 | train_loss=-32.2397 val_loss=-34.2549 recon_metric=1.0472 constraint=0.0000 beta=0.5000 lr=9.49e-04
2026-05-29 20:45:24 [INFO] vae.train — [Class 1/BruteForce] New best val_loss=-34.2549 — checkpoint saved.
2026-05-29 20:45:24 [INFO] vae.train — [Class 1/BruteForce] Epoch 31/200 | train_loss=-32.8480 val_loss=-34.4937 recon_metric=1.0122 constraint=0.0000 beta=0.5000 lr=9.46e-04
2026-05-29 20:45:24 [INFO] vae.train — [Class 1/BruteForce] New best val_loss=-34.4937 — checkpoint saved.
2026-05-29 20:45:25 [INFO] vae.train — [Class 1/BruteForce] Epoch 32/200 | train_loss=-32.8371 val_loss=-34.7362 recon_metric=1.0116 constraint=0.0000 beta=0.5000 lr=9.42e-04
2026-05-29 20:45:25 [INFO] vae.train — [Class 1/BruteForce] New best val_loss=-34.7362 — checkpoint saved.
2026-05-29 20:45:25 [INFO] vae.train — [Class 1/BruteForce] Epoch 33/200 | train_loss=-33.3818 val_loss=-35.2798 recon_metric=1.0521 constraint=0.0000 beta=0.5000 lr=9.38e-04
2026-05-29 20:45:25 [INFO] vae.train — [Class 1/BruteForce] New best val_loss=-35.2798 — checkpoint saved.
2026-05-29 20:45:25 [INFO] vae.train — [Class 1/BruteForce] Epoch 34/200 | train_loss=-33.8223 val_loss=-35.6299 recon_metric=1.0124 constraint=0.0000 beta=0.5000 lr=9.34e-04
2026-05-29 20:45:25 [INFO] vae.train — [Class 1/BruteForce] New best val_loss=-35.6299 — checkpoint saved.
2026-05-29 20:45:25 [INFO] vae.train — [Class 1/BruteForce] Epoch 35/200 | train_loss=-33.9827 val_loss=-36.4826 recon_metric=1.0122 constraint=0.0000 beta=0.5000 lr=9.30e-04
2026-05-29 20:45:25 [INFO] vae.train — [Class 1/BruteForce] New best val_loss=-36.4826 — checkpoint saved.
2026-05-29 20:45:25 [INFO] vae.train — [Class 1/BruteForce] Epoch 36/200 | train_loss=-34.2590 val_loss=-36.4328 recon_metric=1.0131 constraint=0.0000 beta=0.5000 lr=9.26e-04
2026-05-29 20:45:26 [INFO] vae.train — [Class 1/BruteForce] Epoch 37/200 | train_loss=-34.6014 val_loss=-37.2126 recon_metric=1.0021 constraint=0.0000 beta=0.5000 lr=9.22e-04
2026-05-29 20:45:26 [INFO] vae.train — [Class 1/BruteForce] New best val_loss=-37.2126 — checkpoint saved.
2026-05-29 20:45:26 [INFO] vae.train — [Class 1/BruteForce] Epoch 38/200 | train_loss=-35.2543 val_loss=-36.8896 recon_metric=0.9859 constraint=0.0000 beta=0.5000 lr=9.18e-04
2026-05-29 20:45:26 [INFO] vae.train — [Class 1/BruteForce] Epoch 39/200 | train_loss=-35.4906 val_loss=-37.9422 recon_metric=1.0230 constraint=0.0000 beta=0.5000 lr=9.14e-04
2026-05-29 20:45:26 [INFO] vae.train — [Class 1/BruteForce] New best val_loss=-37.9422 — checkpoint saved.
2026-05-29 20:45:26 [INFO] vae.train — [Class 1/BruteForce] Epoch 40/200 | train_loss=-35.3563 val_loss=-36.4325 recon_metric=1.0250 constraint=0.0000 beta=0.5000 lr=9.09e-04
2026-05-29 20:45:27 [INFO] vae.train — [Class 1/BruteForce] Epoch 41/200 | train_loss=-35.2005 val_loss=-37.7895 recon_metric=0.9992 constraint=0.0000 beta=0.5000 lr=9.05e-04
2026-05-29 20:45:27 [INFO] vae.train — [Class 1/BruteForce] Epoch 42/200 | train_loss=-36.1175 val_loss=-37.8523 recon_metric=0.9446 constraint=0.0000 beta=0.5000 lr=9.00e-04
2026-05-29 20:45:27 [INFO] vae.train — [Class 1/BruteForce] Epoch 43/200 | train_loss=-36.4337 val_loss=-37.6544 recon_metric=0.9384 constraint=0.0000 beta=0.5000 lr=8.95e-04
2026-05-29 20:45:27 [INFO] vae.train — [Class 1/BruteForce] Epoch 44/200 | train_loss=-36.9247 val_loss=-37.6550 recon_metric=0.9516 constraint=0.0000 beta=0.5000 lr=8.90e-04
2026-05-29 20:45:27 [INFO] vae.train — [Class 1/BruteForce] Epoch 45/200 | train_loss=-36.5367 val_loss=-39.3135 recon_metric=0.9725 constraint=0.0000 beta=0.5000 lr=8.85e-04
2026-05-29 20:45:27 [INFO] vae.train — [Class 1/BruteForce] New best val_loss=-39.3135 — checkpoint saved.
2026-05-29 20:45:28 [INFO] vae.train — [Class 1/BruteForce] Epoch 46/200 | train_loss=-37.0183 val_loss=-39.2237 recon_metric=0.9663 constraint=0.0000 beta=0.5000 lr=8.80e-04
2026-05-29 20:45:28 [INFO] vae.train — [Class 1/BruteForce] Epoch 47/200 | train_loss=-37.5666 val_loss=-40.1313 recon_metric=0.9503 constraint=0.0000 beta=0.5000 lr=8.75e-04
2026-05-29 20:45:28 [INFO] vae.train — [Class 1/BruteForce] New best val_loss=-40.1313 — checkpoint saved.
2026-05-29 20:45:28 [INFO] vae.train — [Class 1/BruteForce] Epoch 48/200 | train_loss=-37.8800 val_loss=-39.5174 recon_metric=0.9132 constraint=0.0000 beta=0.5000 lr=8.70e-04
2026-05-29 20:45:28 [INFO] vae.train — [Class 1/BruteForce] Epoch 49/200 | train_loss=-37.8590 val_loss=-40.2955 recon_metric=0.9463 constraint=0.0000 beta=0.5000 lr=8.64e-04
2026-05-29 20:45:28 [INFO] vae.train — [Class 1/BruteForce] New best val_loss=-40.2955 — checkpoint saved.
2026-05-29 20:45:28 [INFO] vae.train — [Class 1/BruteForce] Epoch 50/200 | train_loss=-38.3480 val_loss=-39.6079 recon_metric=0.9534 constraint=0.0000 beta=0.5000 lr=8.59e-04
2026-05-29 20:45:29 [INFO] vae.train — [Class 1/BruteForce] Epoch 51/200 | train_loss=-37.8799 val_loss=-39.6415 recon_metric=1.0195 constraint=0.0000 beta=0.5000 lr=8.54e-04
2026-05-29 20:45:29 [INFO] vae.train — [Class 1/BruteForce] Epoch 52/200 | train_loss=-38.3443 val_loss=-40.2114 recon_metric=0.9508 constraint=0.0000 beta=0.5000 lr=8.48e-04
2026-05-29 20:45:29 [INFO] vae.train — [Class 1/BruteForce] Epoch 53/200 | train_loss=-38.0903 val_loss=-39.5752 recon_metric=1.0142 constraint=0.0000 beta=0.5000 lr=8.42e-04
2026-05-29 20:45:29 [INFO] vae.train — [Class 1/BruteForce] Epoch 54/200 | train_loss=-38.5565 val_loss=-41.3208 recon_metric=0.9544 constraint=0.0000 beta=0.5000 lr=8.37e-04
2026-05-29 20:45:29 [INFO] vae.train — [Class 1/BruteForce] New best val_loss=-41.3208 — checkpoint saved.
2026-05-29 20:45:30 [INFO] vae.train — [Class 1/BruteForce] Epoch 55/200 | train_loss=-38.7683 val_loss=-41.2246 recon_metric=0.9896 constraint=0.0000 beta=0.5000 lr=8.31e-04
2026-05-29 20:45:30 [INFO] vae.train — [Class 1/BruteForce] Epoch 56/200 | train_loss=-38.9787 val_loss=-41.3960 recon_metric=0.9932 constraint=0.0000 beta=0.5000 lr=8.25e-04
2026-05-29 20:45:30 [INFO] vae.train — [Class 1/BruteForce] New best val_loss=-41.3960 — checkpoint saved.
2026-05-29 20:45:30 [INFO] vae.train — [Class 1/BruteForce] Epoch 57/200 | train_loss=-38.8363 val_loss=-40.8682 recon_metric=0.9433 constraint=0.0000 beta=0.5000 lr=8.19e-04
2026-05-29 20:45:30 [INFO] vae.train — [Class 1/BruteForce] Epoch 58/200 | train_loss=-38.5604 val_loss=-40.6747 recon_metric=1.0255 constraint=0.0000 beta=0.5000 lr=8.13e-04
2026-05-29 20:45:30 [INFO] vae.train — [Class 1/BruteForce] Epoch 59/200 | train_loss=-39.5531 val_loss=-42.0728 recon_metric=0.9704 constraint=0.0000 beta=0.5000 lr=8.06e-04
2026-05-29 20:45:30 [INFO] vae.train — [Class 1/BruteForce] New best val_loss=-42.0728 — checkpoint saved.
2026-05-29 20:45:31 [INFO] vae.train — [Class 1/BruteForce] Epoch 60/200 | train_loss=-38.9779 val_loss=-40.3734 recon_metric=1.0267 constraint=0.0000 beta=0.5000 lr=8.00e-04
2026-05-29 20:45:31 [INFO] vae.train — [Class 1/BruteForce] Epoch 61/200 | train_loss=-39.8018 val_loss=-42.1886 recon_metric=0.9117 constraint=0.0000 beta=0.5000 lr=7.94e-04
2026-05-29 20:45:31 [INFO] vae.train — [Class 1/BruteForce] New best val_loss=-42.1886 — checkpoint saved.
2026-05-29 20:45:31 [INFO] vae.train — [Class 1/BruteForce] Epoch 62/200 | train_loss=-39.2628 val_loss=-41.0478 recon_metric=1.0104 constraint=0.0000 beta=0.5000 lr=7.88e-04
2026-05-29 20:45:31 [INFO] vae.train — [Class 1/BruteForce] Epoch 63/200 | train_loss=-39.6890 val_loss=-42.0319 recon_metric=0.9420 constraint=0.0000 beta=0.5000 lr=7.81e-04
2026-05-29 20:45:32 [INFO] vae.train — [Class 1/BruteForce] Epoch 64/200 | train_loss=-40.4805 val_loss=-42.0360 recon_metric=0.9896 constraint=0.0000 beta=0.5000 lr=7.75e-04
2026-05-29 20:45:32 [INFO] vae.train — [Class 1/BruteForce] Epoch 65/200 | train_loss=-39.8935 val_loss=-41.2294 recon_metric=0.9793 constraint=0.0000 beta=0.5000 lr=7.68e-04
2026-05-29 20:45:32 [INFO] vae.train — [Class 1/BruteForce] Epoch 66/200 | train_loss=-40.3245 val_loss=-41.6607 recon_metric=0.9870 constraint=0.0000 beta=0.5000 lr=7.61e-04
2026-05-29 20:45:32 [INFO] vae.train — [Class 1/BruteForce] Epoch 67/200 | train_loss=-40.6142 val_loss=-41.7705 recon_metric=0.9499 constraint=0.0000 beta=0.5000 lr=7.55e-04
2026-05-29 20:45:32 [INFO] vae.train — [Class 1/BruteForce] Epoch 68/200 | train_loss=-40.7013 val_loss=-42.7808 recon_metric=0.9582 constraint=0.0000 beta=0.5000 lr=7.48e-04
2026-05-29 20:45:32 [INFO] vae.train — [Class 1/BruteForce] New best val_loss=-42.7808 — checkpoint saved.
2026-05-29 20:45:33 [INFO] vae.train — [Class 1/BruteForce] Epoch 69/200 | train_loss=-40.8372 val_loss=-42.1219 recon_metric=0.9472 constraint=0.0000 beta=0.5000 lr=7.41e-04
2026-05-29 20:45:33 [INFO] vae.train — [Class 1/BruteForce] Epoch 70/200 | train_loss=-41.1003 val_loss=-43.2710 recon_metric=0.9762 constraint=0.0000 beta=0.5000 lr=7.34e-04
2026-05-29 20:45:33 [INFO] vae.train — [Class 1/BruteForce] New best val_loss=-43.2710 — checkpoint saved.
2026-05-29 20:45:33 [INFO] vae.train — [Class 1/BruteForce] Epoch 71/200 | train_loss=-41.4951 val_loss=-43.4566 recon_metric=0.9481 constraint=0.0000 beta=0.5000 lr=7.27e-04
2026-05-29 20:45:33 [INFO] vae.train — [Class 1/BruteForce] New best val_loss=-43.4566 — checkpoint saved.
2026-05-29 20:45:33 [INFO] vae.train — [Class 1/BruteForce] Epoch 72/200 | train_loss=-41.4875 val_loss=-42.7740 recon_metric=0.9743 constraint=0.0000 beta=0.5000 lr=7.20e-04
2026-05-29 20:45:33 [INFO] vae.train — [Class 1/BruteForce] Epoch 73/200 | train_loss=-40.8374 val_loss=-42.7622 recon_metric=0.9607 constraint=0.0000 beta=0.5000 lr=7.13e-04
2026-05-29 20:45:34 [INFO] vae.train — [Class 1/BruteForce] Epoch 74/200 | train_loss=-41.2820 val_loss=-43.6663 recon_metric=0.9613 constraint=0.0000 beta=0.5000 lr=7.06e-04
2026-05-29 20:45:34 [INFO] vae.train — [Class 1/BruteForce] New best val_loss=-43.6663 — checkpoint saved.
2026-05-29 20:45:34 [INFO] vae.train — [Class 1/BruteForce] Epoch 75/200 | train_loss=-41.8944 val_loss=-43.5459 recon_metric=0.9401 constraint=0.0000 beta=0.5000 lr=6.99e-04
2026-05-29 20:45:34 [INFO] vae.train — [Class 1/BruteForce] Epoch 76/200 | train_loss=-42.0245 val_loss=-43.6806 recon_metric=0.9607 constraint=0.0000 beta=0.5000 lr=6.91e-04
2026-05-29 20:45:34 [INFO] vae.train — [Class 1/BruteForce] New best val_loss=-43.6806 — checkpoint saved.
2026-05-29 20:45:34 [INFO] vae.train — [Class 1/BruteForce] Epoch 77/200 | train_loss=-41.6347 val_loss=-43.5346 recon_metric=0.9422 constraint=0.0000 beta=0.5000 lr=6.84e-04
2026-05-29 20:45:34 [INFO] vae.train — [Class 1/BruteForce] Epoch 78/200 | train_loss=-42.5048 val_loss=-43.9143 recon_metric=0.9350 constraint=0.0000 beta=0.5000 lr=6.77e-04
2026-05-29 20:45:34 [INFO] vae.train — [Class 1/BruteForce] New best val_loss=-43.9143 — checkpoint saved.
2026-05-29 20:45:35 [INFO] vae.train — [Class 1/BruteForce] Epoch 79/200 | train_loss=-42.1757 val_loss=-44.5566 recon_metric=0.9599 constraint=0.0000 beta=0.5000 lr=6.69e-04
2026-05-29 20:45:35 [INFO] vae.train — [Class 1/BruteForce] New best val_loss=-44.5566 — checkpoint saved.
2026-05-29 20:45:35 [INFO] vae.train — [Class 1/BruteForce] Epoch 80/200 | train_loss=-42.3815 val_loss=-43.5026 recon_metric=0.9728 constraint=0.0000 beta=0.5000 lr=6.62e-04
2026-05-29 20:45:35 [INFO] vae.train — [Class 1/BruteForce] Epoch 81/200 | train_loss=-42.1980 val_loss=-43.9410 recon_metric=0.9255 constraint=0.0000 beta=0.5000 lr=6.55e-04
2026-05-29 20:45:35 [INFO] vae.train — [Class 1/BruteForce] Epoch 82/200 | train_loss=-42.5738 val_loss=-44.7501 recon_metric=0.9160 constraint=0.0000 beta=0.5000 lr=6.47e-04
2026-05-29 20:45:35 [INFO] vae.train — [Class 1/BruteForce] New best val_loss=-44.7501 — checkpoint saved.
2026-05-29 20:45:35 [INFO] vae.train — [Class 1/BruteForce] Epoch 83/200 | train_loss=-43.1815 val_loss=-45.6571 recon_metric=0.9278 constraint=0.0000 beta=0.5000 lr=6.39e-04
2026-05-29 20:45:35 [INFO] vae.train — [Class 1/BruteForce] New best val_loss=-45.6571 — checkpoint saved.
2026-05-29 20:45:36 [INFO] vae.train — [Class 1/BruteForce] Epoch 84/200 | train_loss=-43.0945 val_loss=-44.9085 recon_metric=0.9166 constraint=0.0000 beta=0.5000 lr=6.32e-04
2026-05-29 20:45:36 [INFO] vae.train — [Class 1/BruteForce] Epoch 85/200 | train_loss=-43.4788 val_loss=-44.1782 recon_metric=0.9262 constraint=0.0000 beta=0.5000 lr=6.24e-04
2026-05-29 20:45:36 [INFO] vae.train — [Class 1/BruteForce] Epoch 86/200 | train_loss=-42.9784 val_loss=-44.9260 recon_metric=0.9196 constraint=0.0000 beta=0.5000 lr=6.17e-04
2026-05-29 20:45:36 [INFO] vae.train — [Class 1/BruteForce] Epoch 87/200 | train_loss=-43.6151 val_loss=-45.9700 recon_metric=0.8765 constraint=0.0000 beta=0.5000 lr=6.09e-04
2026-05-29 20:45:36 [INFO] vae.train — [Class 1/BruteForce] New best val_loss=-45.9700 — checkpoint saved.
2026-05-29 20:45:37 [INFO] vae.train — [Class 1/BruteForce] Epoch 88/200 | train_loss=-43.7393 val_loss=-45.3698 recon_metric=0.8805 constraint=0.0000 beta=0.5000 lr=6.01e-04
2026-05-29 20:45:37 [INFO] vae.train — [Class 1/BruteForce] Epoch 89/200 | train_loss=-44.1100 val_loss=-45.4264 recon_metric=0.9216 constraint=0.0000 beta=0.5000 lr=5.94e-04
2026-05-29 20:45:37 [INFO] vae.train — [Class 1/BruteForce] Epoch 90/200 | train_loss=-44.2969 val_loss=-46.5294 recon_metric=0.9031 constraint=0.0000 beta=0.5000 lr=5.86e-04
2026-05-29 20:45:37 [INFO] vae.train — [Class 1/BruteForce] New best val_loss=-46.5294 — checkpoint saved.
2026-05-29 20:45:37 [INFO] vae.train — [Class 1/BruteForce] Epoch 91/200 | train_loss=-44.1102 val_loss=-46.2850 recon_metric=0.9037 constraint=0.0000 beta=0.5000 lr=5.78e-04
2026-05-29 20:45:37 [INFO] vae.train — [Class 1/BruteForce] Epoch 92/200 | train_loss=-44.1731 val_loss=-46.6617 recon_metric=0.8943 constraint=0.0000 beta=0.5000 lr=5.70e-04
2026-05-29 20:45:37 [INFO] vae.train — [Class 1/BruteForce] New best val_loss=-46.6617 — checkpoint saved.
2026-05-29 20:45:38 [INFO] vae.train — [Class 1/BruteForce] Epoch 93/200 | train_loss=-44.3616 val_loss=-46.4890 recon_metric=0.8860 constraint=0.0000 beta=0.5000 lr=5.63e-04
2026-05-29 20:45:38 [INFO] vae.train — [Class 1/BruteForce] Epoch 94/200 | train_loss=-44.4722 val_loss=-46.3584 recon_metric=0.8631 constraint=0.0000 beta=0.5000 lr=5.55e-04
2026-05-29 20:45:38 [INFO] vae.train — [Class 1/BruteForce] Epoch 95/200 | train_loss=-44.9343 val_loss=-45.2725 recon_metric=0.8836 constraint=0.0000 beta=0.5000 lr=5.47e-04
2026-05-29 20:45:38 [INFO] vae.train — [Class 1/BruteForce] Epoch 96/200 | train_loss=-44.6979 val_loss=-46.8209 recon_metric=0.8693 constraint=0.0000 beta=0.5000 lr=5.39e-04
2026-05-29 20:45:38 [INFO] vae.train — [Class 1/BruteForce] New best val_loss=-46.8209 — checkpoint saved.
2026-05-29 20:45:38 [INFO] vae.train — [Class 1/BruteForce] Epoch 97/200 | train_loss=-45.0941 val_loss=-47.1181 recon_metric=0.8643 constraint=0.0000 beta=0.5000 lr=5.31e-04
2026-05-29 20:45:38 [INFO] vae.train — [Class 1/BruteForce] New best val_loss=-47.1181 — checkpoint saved.
2026-05-29 20:45:39 [INFO] vae.train — [Class 1/BruteForce] Epoch 98/200 | train_loss=-45.0377 val_loss=-46.9618 recon_metric=0.8728 constraint=0.0000 beta=0.5000 lr=5.24e-04
2026-05-29 20:45:39 [INFO] vae.train — [Class 1/BruteForce] Epoch 99/200 | train_loss=-45.0967 val_loss=-47.1999 recon_metric=0.8737 constraint=0.0000 beta=0.5000 lr=5.16e-04
2026-05-29 20:45:39 [INFO] vae.train — [Class 1/BruteForce] New best val_loss=-47.1999 — checkpoint saved.
2026-05-29 20:45:39 [INFO] vae.train — [Class 1/BruteForce] Epoch 100/200 | train_loss=-45.2693 val_loss=-46.8109 recon_metric=0.8522 constraint=0.0000 beta=0.5000 lr=5.08e-04
2026-05-29 20:45:39 [INFO] vae.train — [Class 1/BruteForce] Epoch 101/200 | train_loss=-45.7523 val_loss=-47.6306 recon_metric=0.8778 constraint=0.0000 beta=0.5000 lr=5.00e-04
2026-05-29 20:45:39 [INFO] vae.train — [Class 1/BruteForce] New best val_loss=-47.6306 — checkpoint saved.
2026-05-29 20:45:39 [INFO] vae.train — [Class 1/BruteForce] Epoch 102/200 | train_loss=-45.6648 val_loss=-47.5417 recon_metric=0.8842 constraint=0.0000 beta=0.5000 lr=4.92e-04
2026-05-29 20:45:40 [INFO] vae.train — [Class 1/BruteForce] Epoch 103/200 | train_loss=-46.0907 val_loss=-47.4766 recon_metric=0.8712 constraint=0.0000 beta=0.5000 lr=4.84e-04
2026-05-29 20:45:40 [INFO] vae.train — [Class 1/BruteForce] Epoch 104/200 | train_loss=-45.8744 val_loss=-47.3080 recon_metric=0.8662 constraint=0.0000 beta=0.5000 lr=4.76e-04
2026-05-29 20:45:40 [INFO] vae.train — [Class 1/BruteForce] Epoch 105/200 | train_loss=-46.1112 val_loss=-47.8736 recon_metric=0.8705 constraint=0.0000 beta=0.5000 lr=4.69e-04
2026-05-29 20:45:40 [INFO] vae.train — [Class 1/BruteForce] New best val_loss=-47.8736 — checkpoint saved.
2026-05-29 20:45:40 [INFO] vae.train — [Class 1/BruteForce] Epoch 106/200 | train_loss=-46.2473 val_loss=-48.0042 recon_metric=0.8854 constraint=0.0000 beta=0.5000 lr=4.61e-04
2026-05-29 20:45:40 [INFO] vae.train — [Class 1/BruteForce] New best val_loss=-48.0042 — checkpoint saved.
2026-05-29 20:45:40 [INFO] vae.train — [Class 1/BruteForce] Epoch 107/200 | train_loss=-46.3342 val_loss=-48.5044 recon_metric=0.8551 constraint=0.0000 beta=0.5000 lr=4.53e-04
2026-05-29 20:45:40 [INFO] vae.train — [Class 1/BruteForce] New best val_loss=-48.5044 — checkpoint saved.
2026-05-29 20:45:41 [INFO] vae.train — [Class 1/BruteForce] Epoch 108/200 | train_loss=-46.5710 val_loss=-48.4979 recon_metric=0.8534 constraint=0.0000 beta=0.5000 lr=4.45e-04
2026-05-29 20:45:41 [INFO] vae.train — [Class 1/BruteForce] Epoch 109/200 | train_loss=-46.6254 val_loss=-48.1503 recon_metric=0.8694 constraint=0.0000 beta=0.5000 lr=4.37e-04
2026-05-29 20:45:41 [INFO] vae.train — [Class 1/BruteForce] Epoch 110/200 | train_loss=-46.5144 val_loss=-48.6157 recon_metric=0.8659 constraint=0.0000 beta=0.5000 lr=4.30e-04
2026-05-29 20:45:41 [INFO] vae.train — [Class 1/BruteForce] New best val_loss=-48.6157 — checkpoint saved.
2026-05-29 20:45:41 [INFO] vae.train — [Class 1/BruteForce] Epoch 111/200 | train_loss=-46.8175 val_loss=-48.8084 recon_metric=0.8583 constraint=0.0000 beta=0.5000 lr=4.22e-04
2026-05-29 20:45:41 [INFO] vae.train — [Class 1/BruteForce] New best val_loss=-48.8084 — checkpoint saved.
2026-05-29 20:45:42 [INFO] vae.train — [Class 1/BruteForce] Epoch 112/200 | train_loss=-46.9296 val_loss=-48.6046 recon_metric=0.8446 constraint=0.0000 beta=0.5000 lr=4.14e-04
2026-05-29 20:45:42 [INFO] vae.train — [Class 1/BruteForce] Epoch 113/200 | train_loss=-47.1678 val_loss=-48.1000 recon_metric=0.8481 constraint=0.0000 beta=0.5000 lr=4.06e-04
2026-05-29 20:45:42 [INFO] vae.train — [Class 1/BruteForce] Epoch 114/200 | train_loss=-46.7520 val_loss=-47.8778 recon_metric=0.8638 constraint=0.0000 beta=0.5000 lr=3.99e-04
2026-05-29 20:45:42 [INFO] vae.train — [Class 1/BruteForce] Epoch 115/200 | train_loss=-47.0635 val_loss=-48.8421 recon_metric=0.8485 constraint=0.0000 beta=0.5000 lr=3.91e-04
2026-05-29 20:45:42 [INFO] vae.train — [Class 1/BruteForce] New best val_loss=-48.8421 — checkpoint saved.
2026-05-29 20:45:42 [INFO] vae.train — [Class 1/BruteForce] Epoch 116/200 | train_loss=-47.4077 val_loss=-49.2609 recon_metric=0.8408 constraint=0.0000 beta=0.5000 lr=3.83e-04
2026-05-29 20:45:42 [INFO] vae.train — [Class 1/BruteForce] New best val_loss=-49.2609 — checkpoint saved.
2026-05-29 20:45:43 [INFO] vae.train — [Class 1/BruteForce] Epoch 117/200 | train_loss=-47.5216 val_loss=-49.3064 recon_metric=0.8445 constraint=0.0000 beta=0.5000 lr=3.76e-04
2026-05-29 20:45:43 [INFO] vae.train — [Class 1/BruteForce] New best val_loss=-49.3064 — checkpoint saved.
2026-05-29 20:45:43 [INFO] vae.train — [Class 1/BruteForce] Epoch 118/200 | train_loss=-47.3949 val_loss=-49.5800 recon_metric=0.8563 constraint=0.0000 beta=0.5000 lr=3.68e-04
2026-05-29 20:45:43 [INFO] vae.train — [Class 1/BruteForce] New best val_loss=-49.5800 — checkpoint saved.
2026-05-29 20:45:43 [INFO] vae.train — [Class 1/BruteForce] Epoch 119/200 | train_loss=-47.4602 val_loss=-49.2364 recon_metric=0.8410 constraint=0.0000 beta=0.5000 lr=3.61e-04
2026-05-29 20:45:43 [INFO] vae.train — [Class 1/BruteForce] Epoch 120/200 | train_loss=-47.5390 val_loss=-48.8023 recon_metric=0.8639 constraint=0.0000 beta=0.5000 lr=3.53e-04
2026-05-29 20:45:43 [INFO] vae.train — [Class 1/BruteForce] Epoch 121/200 | train_loss=-47.4683 val_loss=-48.9977 recon_metric=0.8735 constraint=0.0000 beta=0.5000 lr=3.45e-04
2026-05-29 20:45:44 [INFO] vae.train — [Class 1/BruteForce] Epoch 122/200 | train_loss=-47.4993 val_loss=-49.0062 recon_metric=0.8388 constraint=0.0000 beta=0.5000 lr=3.38e-04
2026-05-29 20:45:44 [INFO] vae.train — [Class 1/BruteForce] Epoch 123/200 | train_loss=-47.5735 val_loss=-49.3571 recon_metric=0.8450 constraint=0.0000 beta=0.5000 lr=3.31e-04
2026-05-29 20:45:44 [INFO] vae.train — [Class 1/BruteForce] Epoch 124/200 | train_loss=-47.7053 val_loss=-49.9389 recon_metric=0.8438 constraint=0.0000 beta=0.5000 lr=3.23e-04
2026-05-29 20:45:44 [INFO] vae.train — [Class 1/BruteForce] New best val_loss=-49.9389 — checkpoint saved.
2026-05-29 20:45:44 [INFO] vae.train — [Class 1/BruteForce] Epoch 125/200 | train_loss=-47.9401 val_loss=-49.6421 recon_metric=0.8334 constraint=0.0000 beta=0.5000 lr=3.16e-04
2026-05-29 20:45:45 [INFO] vae.train — [Class 1/BruteForce] Epoch 126/200 | train_loss=-48.1473 val_loss=-49.8902 recon_metric=0.8305 constraint=0.0000 beta=0.5000 lr=3.09e-04
2026-05-29 20:45:45 [INFO] vae.train — [Class 1/BruteForce] Epoch 127/200 | train_loss=-48.1517 val_loss=-48.6080 recon_metric=0.8336 constraint=0.0000 beta=0.5000 lr=3.01e-04
2026-05-29 20:45:45 [INFO] vae.train — [Class 1/BruteForce] Epoch 128/200 | train_loss=-47.5510 val_loss=-50.0906 recon_metric=0.8250 constraint=0.0000 beta=0.5000 lr=2.94e-04
2026-05-29 20:45:45 [INFO] vae.train — [Class 1/BruteForce] New best val_loss=-50.0906 — checkpoint saved.
2026-05-29 20:45:45 [INFO] vae.train — [Class 1/BruteForce] Epoch 129/200 | train_loss=-48.0693 val_loss=-49.8797 recon_metric=0.8397 constraint=0.0000 beta=0.5000 lr=2.87e-04
2026-05-29 20:45:45 [INFO] vae.train — [Class 1/BruteForce] Epoch 130/200 | train_loss=-48.2889 val_loss=-49.9898 recon_metric=0.8258 constraint=0.0000 beta=0.5000 lr=2.80e-04
2026-05-29 20:45:46 [INFO] vae.train — [Class 1/BruteForce] Epoch 131/200 | train_loss=-48.2283 val_loss=-50.0223 recon_metric=0.8240 constraint=0.0000 beta=0.5000 lr=2.73e-04
2026-05-29 20:45:46 [INFO] vae.train — [Class 1/BruteForce] Epoch 132/200 | train_loss=-48.1234 val_loss=-48.9486 recon_metric=0.8443 constraint=0.0000 beta=0.5000 lr=2.66e-04
2026-05-29 20:45:46 [INFO] vae.train — [Class 1/BruteForce] Epoch 133/200 | train_loss=-48.3344 val_loss=-49.9380 recon_metric=0.8277 constraint=0.0000 beta=0.5000 lr=2.59e-04
2026-05-29 20:45:46 [INFO] vae.train — [Class 1/BruteForce] Epoch 134/200 | train_loss=-48.2488 val_loss=-50.2845 recon_metric=0.8326 constraint=0.0000 beta=0.5000 lr=2.52e-04
2026-05-29 20:45:46 [INFO] vae.train — [Class 1/BruteForce] New best val_loss=-50.2845 — checkpoint saved.
2026-05-29 20:45:47 [INFO] vae.train — [Class 1/BruteForce] Epoch 135/200 | train_loss=-48.4732 val_loss=-50.3591 recon_metric=0.8327 constraint=0.0000 beta=0.5000 lr=2.45e-04
2026-05-29 20:45:47 [INFO] vae.train — [Class 1/BruteForce] New best val_loss=-50.3591 — checkpoint saved.
2026-05-29 20:45:47 [INFO] vae.train — [Class 1/BruteForce] Epoch 136/200 | train_loss=-48.6702 val_loss=-50.3055 recon_metric=0.8115 constraint=0.0000 beta=0.5000 lr=2.39e-04
2026-05-29 20:45:47 [INFO] vae.train — [Class 1/BruteForce] Epoch 137/200 | train_loss=-48.8884 val_loss=-50.4749 recon_metric=0.8255 constraint=0.0000 beta=0.5000 lr=2.32e-04
2026-05-29 20:45:47 [INFO] vae.train — [Class 1/BruteForce] New best val_loss=-50.4749 — checkpoint saved.
2026-05-29 20:45:47 [INFO] vae.train — [Class 1/BruteForce] Epoch 138/200 | train_loss=-48.8635 val_loss=-50.5439 recon_metric=0.8345 constraint=0.0000 beta=0.5000 lr=2.25e-04
2026-05-29 20:45:47 [INFO] vae.train — [Class 1/BruteForce] New best val_loss=-50.5439 — checkpoint saved.
2026-05-29 20:45:47 [INFO] vae.train — [Class 1/BruteForce] Epoch 139/200 | train_loss=-48.8929 val_loss=-50.4713 recon_metric=0.8327 constraint=0.0000 beta=0.5000 lr=2.19e-04
2026-05-29 20:45:48 [INFO] vae.train — [Class 1/BruteForce] Epoch 140/200 | train_loss=-48.6652 val_loss=-50.6204 recon_metric=0.8269 constraint=0.0000 beta=0.5000 lr=2.12e-04
2026-05-29 20:45:48 [INFO] vae.train — [Class 1/BruteForce] New best val_loss=-50.6204 — checkpoint saved.
2026-05-29 20:45:48 [INFO] vae.train — [Class 1/BruteForce] Epoch 141/200 | train_loss=-48.8193 val_loss=-50.5140 recon_metric=0.8207 constraint=0.0000 beta=0.5000 lr=2.06e-04
2026-05-29 20:45:48 [INFO] vae.train — [Class 1/BruteForce] Epoch 142/200 | train_loss=-48.8781 val_loss=-50.7162 recon_metric=0.8261 constraint=0.0000 beta=0.5000 lr=2.00e-04
2026-05-29 20:45:48 [INFO] vae.train — [Class 1/BruteForce] New best val_loss=-50.7162 — checkpoint saved.
2026-05-29 20:45:48 [INFO] vae.train — [Class 1/BruteForce] Epoch 143/200 | train_loss=-48.8976 val_loss=-50.7651 recon_metric=0.8232 constraint=0.0000 beta=0.5000 lr=1.94e-04
2026-05-29 20:45:48 [INFO] vae.train — [Class 1/BruteForce] New best val_loss=-50.7651 — checkpoint saved.
2026-05-29 20:45:49 [INFO] vae.train — [Class 1/BruteForce] Epoch 144/200 | train_loss=-48.7409 val_loss=-50.5778 recon_metric=0.8122 constraint=0.0000 beta=0.5000 lr=1.87e-04
2026-05-29 20:45:49 [INFO] vae.train — [Class 1/BruteForce] Epoch 145/200 | train_loss=-48.9085 val_loss=-50.7719 recon_metric=0.8180 constraint=0.0000 beta=0.5000 lr=1.81e-04
2026-05-29 20:45:49 [INFO] vae.train — [Class 1/BruteForce] New best val_loss=-50.7719 — checkpoint saved.
2026-05-29 20:45:49 [INFO] vae.train — [Class 1/BruteForce] Epoch 146/200 | train_loss=-48.9835 val_loss=-50.7747 recon_metric=0.8161 constraint=0.0000 beta=0.5000 lr=1.75e-04
2026-05-29 20:45:49 [INFO] vae.train — [Class 1/BruteForce] New best val_loss=-50.7747 — checkpoint saved.
2026-05-29 20:45:49 [INFO] vae.train — [Class 1/BruteForce] Epoch 147/200 | train_loss=-48.8453 val_loss=-50.7068 recon_metric=0.8173 constraint=0.0000 beta=0.5000 lr=1.69e-04
2026-05-29 20:45:49 [INFO] vae.train — [Class 1/BruteForce] Epoch 148/200 | train_loss=-49.0321 val_loss=-50.7938 recon_metric=0.8159 constraint=0.0000 beta=0.5000 lr=1.63e-04
2026-05-29 20:45:49 [INFO] vae.train — [Class 1/BruteForce] New best val_loss=-50.7938 — checkpoint saved.
2026-05-29 20:45:50 [INFO] vae.train — [Class 1/BruteForce] Epoch 149/200 | train_loss=-49.2742 val_loss=-50.8556 recon_metric=0.8154 constraint=0.0000 beta=0.5000 lr=1.58e-04
2026-05-29 20:45:50 [INFO] vae.train — [Class 1/BruteForce] New best val_loss=-50.8556 — checkpoint saved.
2026-05-29 20:45:50 [INFO] vae.train — [Class 1/BruteForce] Epoch 150/200 | train_loss=-49.1116 val_loss=-50.7791 recon_metric=0.8106 constraint=0.0000 beta=0.5000 lr=1.52e-04
2026-05-29 20:45:50 [INFO] vae.train — [Class 1/BruteForce] Epoch 151/200 | train_loss=-49.1103 val_loss=-51.2314 recon_metric=0.8179 constraint=0.0000 beta=0.5000 lr=1.46e-04
2026-05-29 20:45:50 [INFO] vae.train — [Class 1/BruteForce] New best val_loss=-51.2314 — checkpoint saved.
2026-05-29 20:45:50 [INFO] vae.train — [Class 1/BruteForce] Epoch 152/200 | train_loss=-49.0779 val_loss=-50.7716 recon_metric=0.8177 constraint=0.0000 beta=0.5000 lr=1.41e-04
2026-05-29 20:45:50 [INFO] vae.train — [Class 1/BruteForce] Epoch 153/200 | train_loss=-49.4591 val_loss=-51.0897 recon_metric=0.8174 constraint=0.0000 beta=0.5000 lr=1.36e-04
2026-05-29 20:45:51 [INFO] vae.train — [Class 1/BruteForce] Epoch 154/200 | train_loss=-49.2725 val_loss=-50.7310 recon_metric=0.8107 constraint=0.0000 beta=0.5000 lr=1.30e-04
2026-05-29 20:45:51 [INFO] vae.train — [Class 1/BruteForce] Epoch 155/200 | train_loss=-49.3373 val_loss=-50.9948 recon_metric=0.8172 constraint=0.0000 beta=0.5000 lr=1.25e-04
2026-05-29 20:45:51 [INFO] vae.train — [Class 1/BruteForce] Epoch 156/200 | train_loss=-49.1532 val_loss=-51.1510 recon_metric=0.8170 constraint=0.0000 beta=0.5000 lr=1.20e-04
2026-05-29 20:45:51 [INFO] vae.train — [Class 1/BruteForce] Epoch 157/200 | train_loss=-49.4114 val_loss=-50.8923 recon_metric=0.8166 constraint=0.0000 beta=0.5000 lr=1.15e-04
2026-05-29 20:45:51 [INFO] vae.train — [Class 1/BruteForce] Epoch 158/200 | train_loss=-49.3273 val_loss=-50.6691 recon_metric=0.8124 constraint=0.0000 beta=0.5000 lr=1.10e-04
2026-05-29 20:45:52 [INFO] vae.train — [Class 1/BruteForce] Epoch 159/200 | train_loss=-49.4622 val_loss=-51.1748 recon_metric=0.8112 constraint=0.0000 beta=0.5000 lr=1.05e-04
2026-05-29 20:45:52 [INFO] vae.train — [Class 1/BruteForce] Epoch 160/200 | train_loss=-49.4646 val_loss=-51.2964 recon_metric=0.8112 constraint=0.0000 beta=0.5000 lr=1.00e-04
2026-05-29 20:45:52 [INFO] vae.train — [Class 1/BruteForce] New best val_loss=-51.2964 — checkpoint saved.
2026-05-29 20:45:52 [INFO] vae.train — [Class 1/BruteForce] Epoch 161/200 | train_loss=-49.3899 val_loss=-51.3551 recon_metric=0.8082 constraint=0.0000 beta=0.5000 lr=9.55e-05
2026-05-29 20:45:52 [INFO] vae.train — [Class 1/BruteForce] New best val_loss=-51.3551 — checkpoint saved.
2026-05-29 20:45:52 [INFO] vae.train — [Class 1/BruteForce] Epoch 162/200 | train_loss=-49.3982 val_loss=-51.4458 recon_metric=0.8016 constraint=0.0000 beta=0.5000 lr=9.09e-05
2026-05-29 20:45:52 [INFO] vae.train — [Class 1/BruteForce] New best val_loss=-51.4458 — checkpoint saved.
2026-05-29 20:45:53 [INFO] vae.train — [Class 1/BruteForce] Epoch 163/200 | train_loss=-49.6126 val_loss=-51.1841 recon_metric=0.8060 constraint=0.0000 beta=0.5000 lr=8.65e-05
2026-05-29 20:45:53 [INFO] vae.train — [Class 1/BruteForce] Epoch 164/200 | train_loss=-49.3904 val_loss=-51.4833 recon_metric=0.8116 constraint=0.0000 beta=0.5000 lr=8.21e-05
2026-05-29 20:45:53 [INFO] vae.train — [Class 1/BruteForce] New best val_loss=-51.4833 — checkpoint saved.
2026-05-29 20:45:53 [INFO] vae.train — [Class 1/BruteForce] Epoch 165/200 | train_loss=-49.5654 val_loss=-51.4534 recon_metric=0.8099 constraint=0.0000 beta=0.5000 lr=7.78e-05
2026-05-29 20:45:53 [INFO] vae.train — [Class 1/BruteForce] Epoch 166/200 | train_loss=-49.6434 val_loss=-51.4060 recon_metric=0.8113 constraint=0.0000 beta=0.5000 lr=7.37e-05
2026-05-29 20:45:54 [INFO] vae.train — [Class 1/BruteForce] Epoch 167/200 | train_loss=-49.6849 val_loss=-51.4478 recon_metric=0.8052 constraint=0.0000 beta=0.5000 lr=6.96e-05
2026-05-29 20:45:54 [INFO] vae.train — [Class 1/BruteForce] Epoch 168/200 | train_loss=-49.5929 val_loss=-51.5075 recon_metric=0.8026 constraint=0.0000 beta=0.5000 lr=6.57e-05
2026-05-29 20:45:54 [INFO] vae.train — [Class 1/BruteForce] New best val_loss=-51.5075 — checkpoint saved.
2026-05-29 20:45:54 [INFO] vae.train — [Class 1/BruteForce] Epoch 169/200 | train_loss=-49.7340 val_loss=-51.5547 recon_metric=0.8015 constraint=0.0000 beta=0.5000 lr=6.18e-05
2026-05-29 20:45:54 [INFO] vae.train — [Class 1/BruteForce] New best val_loss=-51.5547 — checkpoint saved.
2026-05-29 20:45:54 [INFO] vae.train — [Class 1/BruteForce] Epoch 170/200 | train_loss=-49.5697 val_loss=-51.4468 recon_metric=0.8017 constraint=0.0000 beta=0.5000 lr=5.81e-05
2026-05-29 20:45:54 [INFO] vae.train — [Class 1/BruteForce] Epoch 171/200 | train_loss=-49.6876 val_loss=-51.3632 recon_metric=0.8112 constraint=0.0000 beta=0.5000 lr=5.45e-05
2026-05-29 20:45:55 [INFO] vae.train — [Class 1/BruteForce] Epoch 172/200 | train_loss=-49.5658 val_loss=-51.2999 recon_metric=0.8075 constraint=0.0000 beta=0.5000 lr=5.10e-05
2026-05-29 20:45:55 [INFO] vae.train — [Class 1/BruteForce] Epoch 173/200 | train_loss=-49.5104 val_loss=-51.5312 recon_metric=0.8065 constraint=0.0000 beta=0.5000 lr=4.76e-05
2026-05-29 20:45:55 [INFO] vae.train — [Class 1/BruteForce] Epoch 174/200 | train_loss=-49.7445 val_loss=-51.4492 recon_metric=0.8074 constraint=0.0000 beta=0.5000 lr=4.43e-05
2026-05-29 20:45:55 [INFO] vae.train — [Class 1/BruteForce] Epoch 175/200 | train_loss=-49.5687 val_loss=-51.6200 recon_metric=0.8046 constraint=0.0000 beta=0.5000 lr=4.11e-05
2026-05-29 20:45:55 [INFO] vae.train — [Class 1/BruteForce] New best val_loss=-51.6200 — checkpoint saved.
2026-05-29 20:45:55 [INFO] vae.train — [Class 1/BruteForce] Epoch 176/200 | train_loss=-49.6821 val_loss=-51.6487 recon_metric=0.8037 constraint=0.0000 beta=0.5000 lr=3.81e-05
2026-05-29 20:45:55 [INFO] vae.train — [Class 1/BruteForce] New best val_loss=-51.6487 — checkpoint saved.
2026-05-29 20:45:56 [INFO] vae.train — [Class 1/BruteForce] Epoch 177/200 | train_loss=-49.8956 val_loss=-51.6300 recon_metric=0.8069 constraint=0.0000 beta=0.5000 lr=3.51e-05
2026-05-29 20:45:56 [INFO] vae.train — [Class 1/BruteForce] Epoch 178/200 | train_loss=-49.8717 val_loss=-51.5557 recon_metric=0.8047 constraint=0.0000 beta=0.5000 lr=3.23e-05
2026-05-29 20:45:56 [INFO] vae.train — [Class 1/BruteForce] Epoch 179/200 | train_loss=-49.9053 val_loss=-51.6639 recon_metric=0.8049 constraint=0.0000 beta=0.5000 lr=2.96e-05
2026-05-29 20:45:56 [INFO] vae.train — [Class 1/BruteForce] New best val_loss=-51.6639 — checkpoint saved.
2026-05-29 20:45:56 [INFO] vae.train — [Class 1/BruteForce] Epoch 180/200 | train_loss=-49.9129 val_loss=-51.5231 recon_metric=0.8084 constraint=0.0000 beta=0.5000 lr=2.70e-05
2026-05-29 20:45:56 [INFO] vae.train — [Class 1/BruteForce] Epoch 181/200 | train_loss=-49.8541 val_loss=-51.6045 recon_metric=0.8071 constraint=0.0000 beta=0.5000 lr=2.45e-05
2026-05-29 20:45:57 [INFO] vae.train — [Class 1/BruteForce] Epoch 182/200 | train_loss=-49.8911 val_loss=-51.6133 recon_metric=0.8048 constraint=0.0000 beta=0.5000 lr=2.21e-05
2026-05-29 20:45:57 [INFO] vae.train — [Class 1/BruteForce] Epoch 183/200 | train_loss=-49.8763 val_loss=-51.6760 recon_metric=0.8009 constraint=0.0000 beta=0.5000 lr=1.99e-05
2026-05-29 20:45:57 [INFO] vae.train — [Class 1/BruteForce] New best val_loss=-51.6760 — checkpoint saved.
2026-05-29 20:45:57 [INFO] vae.train — [Class 1/BruteForce] Epoch 184/200 | train_loss=-49.7497 val_loss=-51.6844 recon_metric=0.8015 constraint=0.0000 beta=0.5000 lr=1.77e-05
2026-05-29 20:45:57 [INFO] vae.train — [Class 1/BruteForce] New best val_loss=-51.6844 — checkpoint saved.
2026-05-29 20:45:57 [INFO] vae.train — [Class 1/BruteForce] Epoch 185/200 | train_loss=-49.8239 val_loss=-51.6710 recon_metric=0.8001 constraint=0.0000 beta=0.5000 lr=1.57e-05
2026-05-29 20:45:57 [INFO] vae.train — [Class 1/BruteForce] Epoch 186/200 | train_loss=-49.8562 val_loss=-51.6357 recon_metric=0.8012 constraint=0.0000 beta=0.5000 lr=1.38e-05
2026-05-29 20:45:58 [INFO] vae.train — [Class 1/BruteForce] Epoch 187/200 | train_loss=-49.8132 val_loss=-51.7042 recon_metric=0.8013 constraint=0.0000 beta=0.5000 lr=1.20e-05
2026-05-29 20:45:58 [INFO] vae.train — [Class 1/BruteForce] New best val_loss=-51.7042 — checkpoint saved.
2026-05-29 20:45:58 [INFO] vae.train — [Class 1/BruteForce] Epoch 188/200 | train_loss=-49.9355 val_loss=-51.7063 recon_metric=0.8023 constraint=0.0000 beta=0.5000 lr=1.04e-05
2026-05-29 20:45:58 [INFO] vae.train — [Class 1/BruteForce] New best val_loss=-51.7063 — checkpoint saved.
2026-05-29 20:45:58 [INFO] vae.train — [Class 1/BruteForce] Epoch 189/200 | train_loss=-49.8614 val_loss=-51.7162 recon_metric=0.8021 constraint=0.0000 beta=0.5000 lr=8.86e-06
2026-05-29 20:45:58 [INFO] vae.train — [Class 1/BruteForce] New best val_loss=-51.7162 — checkpoint saved.
2026-05-29 20:45:58 [INFO] vae.train — [Class 1/BruteForce] Epoch 190/200 | train_loss=-49.9160 val_loss=-51.7312 recon_metric=0.8032 constraint=0.0000 beta=0.5000 lr=7.45e-06
2026-05-29 20:45:58 [INFO] vae.train — [Class 1/BruteForce] New best val_loss=-51.7312 — checkpoint saved.
2026-05-29 20:45:58 [INFO] vae.train — [Class 1/BruteForce] Epoch 191/200 | train_loss=-49.9920 val_loss=-51.6998 recon_metric=0.8041 constraint=0.0000 beta=0.5000 lr=6.16e-06
2026-05-29 20:45:59 [INFO] vae.train — [Class 1/BruteForce] Epoch 192/200 | train_loss=-49.9697 val_loss=-51.7202 recon_metric=0.8041 constraint=0.0000 beta=0.5000 lr=4.99e-06
2026-05-29 20:45:59 [INFO] vae.train — [Class 1/BruteForce] Epoch 193/200 | train_loss=-49.8349 val_loss=-51.7446 recon_metric=0.8042 constraint=0.0000 beta=0.5000 lr=3.94e-06
2026-05-29 20:45:59 [INFO] vae.train — [Class 1/BruteForce] New best val_loss=-51.7446 — checkpoint saved.
2026-05-29 20:45:59 [INFO] vae.train — [Class 1/BruteForce] Epoch 194/200 | train_loss=-49.9824 val_loss=-51.7362 recon_metric=0.8042 constraint=0.0000 beta=0.5000 lr=3.02e-06
2026-05-29 20:45:59 [INFO] vae.train — [Class 1/BruteForce] Epoch 195/200 | train_loss=-49.8396 val_loss=-51.7317 recon_metric=0.8048 constraint=0.0000 beta=0.5000 lr=2.22e-06
2026-05-29 20:45:59 [INFO] vae.train — [Class 1/BruteForce] Epoch 196/200 | train_loss=-50.0569 val_loss=-51.7200 recon_metric=0.8043 constraint=0.0000 beta=0.5000 lr=1.54e-06
2026-05-29 20:46:00 [INFO] vae.train — [Class 1/BruteForce] Epoch 197/200 | train_loss=-50.2084 val_loss=-51.7518 recon_metric=0.8040 constraint=0.0000 beta=0.5000 lr=9.87e-07
2026-05-29 20:46:00 [INFO] vae.train — [Class 1/BruteForce] New best val_loss=-51.7518 — checkpoint saved.
2026-05-29 20:46:00 [INFO] vae.train — [Class 1/BruteForce] Epoch 198/200 | train_loss=-50.0698 val_loss=-51.7440 recon_metric=0.8038 constraint=0.0000 beta=0.5000 lr=5.55e-07
2026-05-29 20:46:00 [INFO] vae.train — [Class 1/BruteForce] Epoch 199/200 | train_loss=-49.8105 val_loss=-51.7437 recon_metric=0.8037 constraint=0.0000 beta=0.5000 lr=2.47e-07
2026-05-29 20:46:00 [INFO] vae.train — [Class 1/BruteForce] Epoch 200/200 | train_loss=-49.9854 val_loss=-51.7446 recon_metric=0.8037 constraint=0.0000 beta=0.5000 lr=6.17e-08
2026-05-29 20:46:00 [INFO] vae.train — [Class 1/BruteForce] Curves saved to D:\thesis_final\results\vae\laplace_rerun_20260529\curves_BruteForce_laplace_rerun_20260529.png
2026-05-29 20:46:00 [INFO] __main__ — Reloading checkpoint from D:\thesis_final\models\vae\vae_class_1_BruteForce_laplace_rerun_20260529.pt
2026-05-29 20:46:00 [INFO] vae.dataset — Class 1: 1252 samples loaded
2026-05-29 20:46:00 [INFO] vae.diagnostics — === Running diagnostics for class 1 (BruteForce) ===
2026-05-29 20:46:00 [INFO] vae.diagnostics — Loaded validator via attack.validator.validate_batch
2026-05-29 20:46:00 [INFO] vae.diagnostics — [1/4] Posterior collapse check ...
2026-05-29 20:46:00 [INFO] vae.diagnostics — Posterior collapse: 0/16 dims below threshold 0.010
2026-05-29 20:46:00 [INFO] vae.diagnostics — [2/4] Per-feature reconstruction error ...
2026-05-29 20:46:00 [INFO] vae.diagnostics — Per-feature recon: protocol top-1=0.9704, worst feature=Time_To_Live (3.4582)
2026-05-29 20:46:00 [INFO] vae.diagnostics — [3/4] Unconditional sample validity (n=1000) ...
2026-05-29 20:46:00 [INFO] vae.diagnostics — Unconditional validity after raw_postprocess: 1.0000 overall (1000/1000 valid)
2026-05-29 20:46:00 [INFO] vae.diagnostics — Unconditional validity before raw_postprocess: 1.0000 overall (1000/1000 valid)
2026-05-29 20:46:01 [INFO] vae.diagnostics — Protocol-binary consistency: 1.0 (as expected)
2026-05-29 20:46:01 [INFO] vae.diagnostics — [4/4] Conditional reconstruction validity ...
2026-05-29 20:46:01 [INFO] vae.diagnostics — Conditional validity after raw_postprocess: 1.0000 overall (1000/1000 valid)
2026-05-29 20:46:01 [INFO] vae.diagnostics — Conditional validity before raw_postprocess: 1.0000 overall (1000/1000 valid)
2026-05-29 20:46:01 [INFO] vae.diagnostics — Diagnostics written to D:\thesis_final\results\vae\laplace_rerun_20260529\diagnostics_BruteForce.json
2026-05-29 20:46:01 [INFO] __main__ — Manifest updated for class BruteForce
2026-05-29 20:46:01 [INFO] __main__ — Class BruteForce done: best_val_loss=-51.7518 epochs=200 collapsed=0 uncond_pre=100.00% uncond_post=100.00% cond_pre=100.00% cond_post=100.00% proto_acc=97.04%
2026-05-29 20:46:01 [INFO] __main__ — ========== Training class 2/DDoS ==========
2026-05-29 20:46:01 [INFO] vae.train — [Class 2/DDoS] Loading split arrays from D:\thesis_final
2026-05-29 20:46:01 [INFO] vae.train — [Class 2/DDoS] 8-class split: train=1434940, val=204993
2026-05-29 20:46:02 [INFO] vae.dataset — Class 2: 1434940 samples loaded
2026-05-29 20:46:02 [INFO] vae.dataset — Class 2: 204993 samples loaded
2026-05-29 20:46:02 [INFO] vae.train — [Class 2/DDoS] Protocol class weights: [0.1948, 0.0055, 2.8956, 0.0031, 0.0055, 2.8956]
2026-05-29 20:46:02 [INFO] vae.train — [Class 2/DDoS] Model: latent_dim=16, beta_target=0.5000, params=32887
2026-05-29 20:46:29 [INFO] vae.train — [Class 2/DDoS] Epoch 1/200 | train_loss=-48.6139 val_loss=-62.1199 recon_metric=1.2912 constraint=0.0000 beta=0.0500 lr=1.00e-03
2026-05-29 20:46:29 [INFO] vae.train — [Class 2/DDoS] New best val_loss=-62.1199 — checkpoint saved.
2026-05-29 20:47:03 [INFO] vae.train — [Class 2/DDoS] Epoch 2/200 | train_loss=-63.1901 val_loss=-64.2358 recon_metric=0.9214 constraint=0.0000 beta=0.1000 lr=1.00e-03
2026-05-29 20:47:03 [INFO] vae.train — [Class 2/DDoS] New best val_loss=-64.2358 — checkpoint saved.
2026-05-29 20:47:38 [INFO] vae.train — [Class 2/DDoS] Epoch 3/200 | train_loss=-66.2283 val_loss=-70.1185 recon_metric=0.8789 constraint=0.0000 beta=0.1500 lr=1.00e-03
2026-05-29 20:47:38 [INFO] vae.train — [Class 2/DDoS] New best val_loss=-70.1185 — checkpoint saved.
2026-05-29 20:48:11 [INFO] vae.train — [Class 2/DDoS] Epoch 4/200 | train_loss=-71.6031 val_loss=-77.2962 recon_metric=0.9627 constraint=0.0000 beta=0.2000 lr=9.99e-04
2026-05-29 20:48:11 [INFO] vae.train — [Class 2/DDoS] New best val_loss=-77.2962 — checkpoint saved.
2026-05-29 20:48:40 [INFO] vae.train — [Class 2/DDoS] Epoch 5/200 | train_loss=-76.9768 val_loss=-80.7468 recon_metric=0.7561 constraint=0.0000 beta=0.2500 lr=9.99e-04
2026-05-29 20:48:40 [INFO] vae.train — [Class 2/DDoS] New best val_loss=-80.7468 — checkpoint saved.
2026-05-29 20:49:15 [INFO] vae.train — [Class 2/DDoS] Epoch 6/200 | train_loss=-79.6284 val_loss=-77.9857 recon_metric=0.7483 constraint=0.0000 beta=0.3000 lr=9.98e-04
2026-05-29 20:49:50 [INFO] vae.train — [Class 2/DDoS] Epoch 7/200 | train_loss=-80.4589 val_loss=-82.4871 recon_metric=0.7405 constraint=0.0000 beta=0.3500 lr=9.98e-04
2026-05-29 20:49:50 [INFO] vae.train — [Class 2/DDoS] New best val_loss=-82.4871 — checkpoint saved.
2026-05-29 20:50:19 [INFO] vae.train — [Class 2/DDoS] Epoch 8/200 | train_loss=-80.6537 val_loss=-82.5661 recon_metric=0.7498 constraint=0.0000 beta=0.4000 lr=9.97e-04
2026-05-29 20:50:19 [INFO] vae.train — [Class 2/DDoS] New best val_loss=-82.5661 — checkpoint saved.
2026-05-29 20:50:51 [INFO] vae.train — [Class 2/DDoS] Epoch 9/200 | train_loss=-81.6424 val_loss=-83.8567 recon_metric=0.7464 constraint=0.0000 beta=0.4500 lr=9.96e-04
2026-05-29 20:50:51 [INFO] vae.train — [Class 2/DDoS] New best val_loss=-83.8567 — checkpoint saved.
2026-05-29 20:51:26 [INFO] vae.train — [Class 2/DDoS] Epoch 10/200 | train_loss=-82.1926 val_loss=-85.8343 recon_metric=0.7374 constraint=0.0000 beta=0.5000 lr=9.95e-04
2026-05-29 20:51:26 [INFO] vae.train — [Class 2/DDoS] New best val_loss=-85.8343 — checkpoint saved.
2026-05-29 20:51:59 [INFO] vae.train — [Class 2/DDoS] Epoch 11/200 | train_loss=-82.3842 val_loss=-83.8346 recon_metric=0.7419 constraint=0.0000 beta=0.5000 lr=9.94e-04
2026-05-29 20:52:26 [INFO] vae.train — [Class 2/DDoS] Epoch 12/200 | train_loss=-82.7446 val_loss=-84.4822 recon_metric=0.7386 constraint=0.0000 beta=0.5000 lr=9.93e-04
2026-05-29 20:53:00 [INFO] vae.train — [Class 2/DDoS] Epoch 13/200 | train_loss=-83.1918 val_loss=-84.4476 recon_metric=0.7360 constraint=0.0000 beta=0.5000 lr=9.91e-04
2026-05-29 20:53:35 [INFO] vae.train — [Class 2/DDoS] Epoch 14/200 | train_loss=-83.4745 val_loss=-85.9198 recon_metric=0.7312 constraint=0.0000 beta=0.5000 lr=9.90e-04
2026-05-29 20:53:35 [INFO] vae.train — [Class 2/DDoS] New best val_loss=-85.9198 — checkpoint saved.
2026-05-29 20:54:08 [INFO] vae.train — [Class 2/DDoS] Epoch 15/200 | train_loss=-83.9380 val_loss=-86.9371 recon_metric=0.7344 constraint=0.0000 beta=0.5000 lr=9.88e-04
2026-05-29 20:54:08 [INFO] vae.train — [Class 2/DDoS] New best val_loss=-86.9371 — checkpoint saved.
2026-05-29 20:54:37 [INFO] vae.train — [Class 2/DDoS] Epoch 16/200 | train_loss=-84.2454 val_loss=-88.2792 recon_metric=0.7181 constraint=0.0000 beta=0.5000 lr=9.86e-04
2026-05-29 20:54:37 [INFO] vae.train — [Class 2/DDoS] New best val_loss=-88.2792 — checkpoint saved.
2026-05-29 20:55:12 [INFO] vae.train — [Class 2/DDoS] Epoch 17/200 | train_loss=-84.5174 val_loss=-84.4577 recon_metric=0.7131 constraint=0.0000 beta=0.5000 lr=9.84e-04
2026-05-29 20:55:45 [INFO] vae.train — [Class 2/DDoS] Epoch 18/200 | train_loss=-85.0134 val_loss=-85.2830 recon_metric=0.6563 constraint=0.0000 beta=0.5000 lr=9.82e-04
2026-05-29 20:56:16 [INFO] vae.train — [Class 2/DDoS] Epoch 19/200 | train_loss=-86.5799 val_loss=-89.0475 recon_metric=0.5370 constraint=0.0000 beta=0.5000 lr=9.80e-04
2026-05-29 20:56:16 [INFO] vae.train — [Class 2/DDoS] New best val_loss=-89.0475 — checkpoint saved.
2026-05-29 20:56:46 [INFO] vae.train — [Class 2/DDoS] Epoch 20/200 | train_loss=-87.2689 val_loss=-87.7012 recon_metric=0.5430 constraint=0.0000 beta=0.5000 lr=9.78e-04
2026-05-29 20:57:20 [INFO] vae.train — [Class 2/DDoS] Epoch 21/200 | train_loss=-87.2471 val_loss=-90.4662 recon_metric=0.5252 constraint=0.0000 beta=0.5000 lr=9.76e-04
2026-05-29 20:57:20 [INFO] vae.train — [Class 2/DDoS] New best val_loss=-90.4662 — checkpoint saved.
2026-05-29 20:57:54 [INFO] vae.train — [Class 2/DDoS] Epoch 22/200 | train_loss=-87.7646 val_loss=-89.6650 recon_metric=0.5328 constraint=0.0000 beta=0.5000 lr=9.73e-04
2026-05-29 20:58:22 [INFO] vae.train — [Class 2/DDoS] Epoch 23/200 | train_loss=-87.8029 val_loss=-90.2384 recon_metric=0.5253 constraint=0.0000 beta=0.5000 lr=9.70e-04
2026-05-29 20:58:55 [INFO] vae.train — [Class 2/DDoS] Epoch 24/200 | train_loss=-87.9885 val_loss=-89.7911 recon_metric=0.5300 constraint=0.0000 beta=0.5000 lr=9.68e-04
2026-05-29 20:59:29 [INFO] vae.train — [Class 2/DDoS] Epoch 25/200 | train_loss=-87.9593 val_loss=-89.5760 recon_metric=0.5372 constraint=0.0000 beta=0.5000 lr=9.65e-04
2026-05-29 21:00:04 [INFO] vae.train — [Class 2/DDoS] Epoch 26/200 | train_loss=-88.3562 val_loss=-89.7340 recon_metric=0.5297 constraint=0.0000 beta=0.5000 lr=9.62e-04
2026-05-29 21:00:31 [INFO] vae.train — [Class 2/DDoS] Epoch 27/200 | train_loss=-88.2778 val_loss=-88.1126 recon_metric=0.5299 constraint=0.0000 beta=0.5000 lr=9.59e-04
2026-05-29 21:01:06 [INFO] vae.train — [Class 2/DDoS] Epoch 28/200 | train_loss=-88.4423 val_loss=-90.0964 recon_metric=0.5180 constraint=0.0000 beta=0.5000 lr=9.56e-04
2026-05-29 21:01:41 [INFO] vae.train — [Class 2/DDoS] Epoch 29/200 | train_loss=-88.5138 val_loss=-90.0400 recon_metric=0.5296 constraint=0.0000 beta=0.5000 lr=9.52e-04
2026-05-29 21:02:12 [INFO] vae.train — [Class 2/DDoS] Epoch 30/200 | train_loss=-88.4001 val_loss=-91.9112 recon_metric=0.5155 constraint=0.0000 beta=0.5000 lr=9.49e-04
2026-05-29 21:02:12 [INFO] vae.train — [Class 2/DDoS] New best val_loss=-91.9112 — checkpoint saved.
2026-05-29 21:02:42 [INFO] vae.train — [Class 2/DDoS] Epoch 31/200 | train_loss=-88.5553 val_loss=-88.9409 recon_metric=0.5361 constraint=0.0000 beta=0.5000 lr=9.46e-04
2026-05-29 21:03:16 [INFO] vae.train — [Class 2/DDoS] Epoch 32/200 | train_loss=-88.8573 val_loss=-89.5711 recon_metric=0.5197 constraint=0.0000 beta=0.5000 lr=9.42e-04
2026-05-29 21:03:50 [INFO] vae.train — [Class 2/DDoS] Epoch 33/200 | train_loss=-88.6250 val_loss=-90.6664 recon_metric=0.5159 constraint=0.0000 beta=0.5000 lr=9.38e-04
2026-05-29 21:04:19 [INFO] vae.train — [Class 2/DDoS] Epoch 34/200 | train_loss=-88.6211 val_loss=-88.2436 recon_metric=0.5269 constraint=0.0000 beta=0.5000 lr=9.34e-04
2026-05-29 21:04:50 [INFO] vae.train — [Class 2/DDoS] Epoch 35/200 | train_loss=-88.8879 val_loss=-91.8233 recon_metric=0.5164 constraint=0.0000 beta=0.5000 lr=9.30e-04
2026-05-29 21:05:25 [INFO] vae.train — [Class 2/DDoS] Epoch 36/200 | train_loss=-88.7275 val_loss=-91.2353 recon_metric=0.5205 constraint=0.0000 beta=0.5000 lr=9.26e-04
2026-05-29 21:06:00 [INFO] vae.train — [Class 2/DDoS] Epoch 37/200 | train_loss=-89.1769 val_loss=-90.3437 recon_metric=0.5330 constraint=0.0000 beta=0.5000 lr=9.22e-04
2026-05-29 21:06:28 [INFO] vae.train — [Class 2/DDoS] Epoch 38/200 | train_loss=-89.2761 val_loss=-87.6642 recon_metric=0.5202 constraint=0.0000 beta=0.5000 lr=9.18e-04
2026-05-29 21:07:03 [INFO] vae.train — [Class 2/DDoS] Epoch 39/200 | train_loss=-89.1620 val_loss=-89.8341 recon_metric=0.5297 constraint=0.0000 beta=0.5000 lr=9.14e-04
2026-05-29 21:07:39 [INFO] vae.train — [Class 2/DDoS] Epoch 40/200 | train_loss=-89.2836 val_loss=-92.4290 recon_metric=0.5179 constraint=0.0000 beta=0.5000 lr=9.09e-04
2026-05-29 21:07:39 [INFO] vae.train — [Class 2/DDoS] New best val_loss=-92.4290 — checkpoint saved.
2026-05-29 21:08:11 [INFO] vae.train — [Class 2/DDoS] Epoch 41/200 | train_loss=-89.5653 val_loss=-91.6296 recon_metric=0.5203 constraint=0.0000 beta=0.5000 lr=9.05e-04
2026-05-29 21:08:41 [INFO] vae.train — [Class 2/DDoS] Epoch 42/200 | train_loss=-89.6800 val_loss=-91.4900 recon_metric=0.5171 constraint=0.0000 beta=0.5000 lr=9.00e-04
2026-05-29 21:09:16 [INFO] vae.train — [Class 2/DDoS] Epoch 43/200 | train_loss=-89.7019 val_loss=-91.5371 recon_metric=0.5160 constraint=0.0000 beta=0.5000 lr=8.95e-04
2026-05-29 21:09:51 [INFO] vae.train — [Class 2/DDoS] Epoch 44/200 | train_loss=-89.7097 val_loss=-89.9051 recon_metric=0.5344 constraint=0.0000 beta=0.5000 lr=8.90e-04
2026-05-29 21:10:20 [INFO] vae.train — [Class 2/DDoS] Epoch 45/200 | train_loss=-89.7317 val_loss=-91.1930 recon_metric=0.5214 constraint=0.0000 beta=0.5000 lr=8.85e-04
2026-05-29 21:10:53 [INFO] vae.train — [Class 2/DDoS] Epoch 46/200 | train_loss=-89.7830 val_loss=-91.1397 recon_metric=0.5189 constraint=0.0000 beta=0.5000 lr=8.80e-04
2026-05-29 21:11:28 [INFO] vae.train — [Class 2/DDoS] Epoch 47/200 | train_loss=-89.4789 val_loss=-91.4319 recon_metric=0.5205 constraint=0.0000 beta=0.5000 lr=8.75e-04
2026-05-29 21:12:03 [INFO] vae.train — [Class 2/DDoS] Epoch 48/200 | train_loss=-89.9575 val_loss=-92.0549 recon_metric=0.5167 constraint=0.0000 beta=0.5000 lr=8.70e-04
2026-05-29 21:12:31 [INFO] vae.train — [Class 2/DDoS] Epoch 49/200 | train_loss=-90.0106 val_loss=-93.2472 recon_metric=0.5179 constraint=0.0000 beta=0.5000 lr=8.64e-04
2026-05-29 21:12:31 [INFO] vae.train — [Class 2/DDoS] New best val_loss=-93.2472 — checkpoint saved.
2026-05-29 21:13:07 [INFO] vae.train — [Class 2/DDoS] Epoch 50/200 | train_loss=-89.9043 val_loss=-91.3321 recon_metric=0.5212 constraint=0.0000 beta=0.5000 lr=8.59e-04
2026-05-29 21:13:43 [INFO] vae.train — [Class 2/DDoS] Epoch 51/200 | train_loss=-90.2130 val_loss=-91.4195 recon_metric=0.5157 constraint=0.0000 beta=0.5000 lr=8.54e-04
2026-05-29 21:14:14 [INFO] vae.train — [Class 2/DDoS] Epoch 52/200 | train_loss=-90.3114 val_loss=-91.1627 recon_metric=0.5209 constraint=0.0000 beta=0.5000 lr=8.48e-04
2026-05-29 21:14:46 [INFO] vae.train — [Class 2/DDoS] Epoch 53/200 | train_loss=-90.2420 val_loss=-89.4851 recon_metric=0.5249 constraint=0.0000 beta=0.5000 lr=8.42e-04
2026-05-29 21:15:21 [INFO] vae.train — [Class 2/DDoS] Epoch 54/200 | train_loss=-90.5055 val_loss=-92.0781 recon_metric=0.5134 constraint=0.0000 beta=0.5000 lr=8.37e-04
2026-05-29 21:15:56 [INFO] vae.train — [Class 2/DDoS] Epoch 55/200 | train_loss=-90.2399 val_loss=-93.3302 recon_metric=0.5273 constraint=0.0000 beta=0.5000 lr=8.31e-04
2026-05-29 21:15:56 [INFO] vae.train — [Class 2/DDoS] New best val_loss=-93.3302 — checkpoint saved.
2026-05-29 21:16:24 [INFO] vae.train — [Class 2/DDoS] Epoch 56/200 | train_loss=-90.5247 val_loss=-93.8684 recon_metric=0.5131 constraint=0.0000 beta=0.5000 lr=8.25e-04
2026-05-29 21:16:24 [INFO] vae.train — [Class 2/DDoS] New best val_loss=-93.8684 — checkpoint saved.
2026-05-29 21:16:57 [INFO] vae.train — [Class 2/DDoS] Epoch 57/200 | train_loss=-90.8354 val_loss=-94.2377 recon_metric=0.5172 constraint=0.0000 beta=0.5000 lr=8.19e-04
2026-05-29 21:16:57 [INFO] vae.train — [Class 2/DDoS] New best val_loss=-94.2377 — checkpoint saved.
2026-05-29 21:17:33 [INFO] vae.train — [Class 2/DDoS] Epoch 58/200 | train_loss=-90.7823 val_loss=-92.6074 recon_metric=0.5197 constraint=0.0000 beta=0.5000 lr=8.13e-04
2026-05-29 21:18:07 [INFO] vae.train — [Class 2/DDoS] Epoch 59/200 | train_loss=-90.7134 val_loss=-89.7301 recon_metric=0.5140 constraint=0.0000 beta=0.5000 lr=8.06e-04
2026-05-29 21:18:35 [INFO] vae.train — [Class 2/DDoS] Epoch 60/200 | train_loss=-90.9072 val_loss=-90.8356 recon_metric=0.5115 constraint=0.0000 beta=0.5000 lr=8.00e-04
2026-05-29 21:19:11 [INFO] vae.train — [Class 2/DDoS] Epoch 61/200 | train_loss=-90.8230 val_loss=-91.5216 recon_metric=0.5153 constraint=0.0000 beta=0.5000 lr=7.94e-04
2026-05-29 21:19:47 [INFO] vae.train — [Class 2/DDoS] Epoch 62/200 | train_loss=-90.9317 val_loss=-93.5631 recon_metric=0.5134 constraint=0.0000 beta=0.5000 lr=7.88e-04
2026-05-29 21:20:17 [INFO] vae.train — [Class 2/DDoS] Epoch 63/200 | train_loss=-91.0231 val_loss=-93.5896 recon_metric=0.5206 constraint=0.0000 beta=0.5000 lr=7.81e-04
2026-05-29 21:20:49 [INFO] vae.train — [Class 2/DDoS] Epoch 64/200 | train_loss=-91.2756 val_loss=-91.2851 recon_metric=0.5248 constraint=0.0000 beta=0.5000 lr=7.75e-04
2026-05-29 21:21:24 [INFO] vae.train — [Class 2/DDoS] Epoch 65/200 | train_loss=-91.1121 val_loss=-93.3590 recon_metric=0.5123 constraint=0.0000 beta=0.5000 lr=7.68e-04
2026-05-29 21:21:59 [INFO] vae.train — [Class 2/DDoS] Epoch 66/200 | train_loss=-91.3238 val_loss=-93.1923 recon_metric=0.5149 constraint=0.0000 beta=0.5000 lr=7.61e-04
2026-05-29 21:22:27 [INFO] vae.train — [Class 2/DDoS] Epoch 67/200 | train_loss=-91.2405 val_loss=-94.6505 recon_metric=0.5135 constraint=0.0000 beta=0.5000 lr=7.55e-04
2026-05-29 21:22:27 [INFO] vae.train — [Class 2/DDoS] New best val_loss=-94.6505 — checkpoint saved.
2026-05-29 21:23:01 [INFO] vae.train — [Class 2/DDoS] Epoch 68/200 | train_loss=-91.2850 val_loss=-94.0311 recon_metric=0.5137 constraint=0.0000 beta=0.5000 lr=7.48e-04
2026-05-29 21:23:36 [INFO] vae.train — [Class 2/DDoS] Epoch 69/200 | train_loss=-91.5430 val_loss=-92.6260 recon_metric=0.5124 constraint=0.0000 beta=0.5000 lr=7.41e-04
2026-05-29 21:24:09 [INFO] vae.train — [Class 2/DDoS] Epoch 70/200 | train_loss=-91.2210 val_loss=-93.2910 recon_metric=0.5143 constraint=0.0000 beta=0.5000 lr=7.34e-04
2026-05-29 21:24:39 [INFO] vae.train — [Class 2/DDoS] Epoch 71/200 | train_loss=-91.5666 val_loss=-91.6960 recon_metric=0.5180 constraint=0.0000 beta=0.5000 lr=7.27e-04
2026-05-29 21:25:14 [INFO] vae.train — [Class 2/DDoS] Epoch 72/200 | train_loss=-91.6472 val_loss=-93.3282 recon_metric=0.5123 constraint=0.0000 beta=0.5000 lr=7.20e-04
2026-05-29 21:25:48 [INFO] vae.train — [Class 2/DDoS] Epoch 73/200 | train_loss=-91.6930 val_loss=-94.9859 recon_metric=0.5135 constraint=0.0000 beta=0.5000 lr=7.13e-04
2026-05-29 21:25:48 [INFO] vae.train — [Class 2/DDoS] New best val_loss=-94.9859 — checkpoint saved.
2026-05-29 21:26:18 [INFO] vae.train — [Class 2/DDoS] Epoch 74/200 | train_loss=-91.8877 val_loss=-93.4048 recon_metric=0.5130 constraint=0.0000 beta=0.5000 lr=7.06e-04
2026-05-29 21:26:49 [INFO] vae.train — [Class 2/DDoS] Epoch 75/200 | train_loss=-91.8248 val_loss=-93.7609 recon_metric=0.5176 constraint=0.0000 beta=0.5000 lr=6.99e-04
2026-05-29 21:27:24 [INFO] vae.train — [Class 2/DDoS] Epoch 76/200 | train_loss=-91.7302 val_loss=-93.3190 recon_metric=0.5209 constraint=0.0000 beta=0.5000 lr=6.91e-04
2026-05-29 21:27:59 [INFO] vae.train — [Class 2/DDoS] Epoch 77/200 | train_loss=-91.7814 val_loss=-93.8228 recon_metric=0.5193 constraint=0.0000 beta=0.5000 lr=6.84e-04
2026-05-29 21:28:26 [INFO] vae.train — [Class 2/DDoS] Epoch 78/200 | train_loss=-91.7894 val_loss=-94.7264 recon_metric=0.5192 constraint=0.0000 beta=0.5000 lr=6.77e-04
2026-05-29 21:29:00 [INFO] vae.train — [Class 2/DDoS] Epoch 79/200 | train_loss=-92.0077 val_loss=-93.9088 recon_metric=0.5176 constraint=0.0000 beta=0.5000 lr=6.69e-04
2026-05-29 21:29:35 [INFO] vae.train — [Class 2/DDoS] Epoch 80/200 | train_loss=-91.8706 val_loss=-93.1107 recon_metric=0.5238 constraint=0.0000 beta=0.5000 lr=6.62e-04
2026-05-29 21:30:08 [INFO] vae.train — [Class 2/DDoS] Epoch 81/200 | train_loss=-92.2882 val_loss=-93.6574 recon_metric=0.5172 constraint=0.0000 beta=0.5000 lr=6.55e-04
2026-05-29 21:30:36 [INFO] vae.train — [Class 2/DDoS] Epoch 82/200 | train_loss=-92.1386 val_loss=-94.3867 recon_metric=0.5188 constraint=0.0000 beta=0.5000 lr=6.47e-04
2026-05-29 21:31:11 [INFO] vae.train — [Class 2/DDoS] Epoch 83/200 | train_loss=-92.0743 val_loss=-92.2242 recon_metric=0.5226 constraint=0.0000 beta=0.5000 lr=6.39e-04
2026-05-29 21:31:11 [INFO] vae.train — [Class 2/DDoS] Early stop after 83 epochs (patience=10).
2026-05-29 21:31:11 [INFO] vae.train — [Class 2/DDoS] Curves saved to D:\thesis_final\results\vae\laplace_rerun_20260529\curves_DDoS_laplace_rerun_20260529.png
2026-05-29 21:31:11 [INFO] __main__ — Reloading checkpoint from D:\thesis_final\models\vae\vae_class_2_DDoS_laplace_rerun_20260529.pt
2026-05-29 21:31:12 [INFO] vae.dataset — Class 2: 204993 samples loaded
2026-05-29 21:31:12 [INFO] vae.diagnostics — === Running diagnostics for class 2 (DDoS) ===
2026-05-29 21:31:12 [INFO] vae.diagnostics — Loaded validator via attack.validator.validate_batch
2026-05-29 21:31:12 [INFO] vae.diagnostics — [1/4] Posterior collapse check ...
2026-05-29 21:31:13 [INFO] vae.diagnostics — Posterior collapse: 0/16 dims below threshold 0.010
2026-05-29 21:31:13 [INFO] vae.diagnostics — [2/4] Per-feature reconstruction error ...
2026-05-29 21:31:14 [INFO] vae.diagnostics — Per-feature recon: protocol top-1=0.9996, worst feature=HTTP (0.1023)
2026-05-29 21:31:14 [INFO] vae.diagnostics — [3/4] Unconditional sample validity (n=1000) ...
2026-05-29 21:31:14 [INFO] vae.diagnostics — Unconditional validity after raw_postprocess: 1.0000 overall (1000/1000 valid)
2026-05-29 21:31:14 [INFO] vae.diagnostics — Unconditional validity before raw_postprocess: 1.0000 overall (1000/1000 valid)
2026-05-29 21:31:14 [INFO] vae.diagnostics — Protocol-binary consistency: 1.0 (as expected)
2026-05-29 21:31:14 [INFO] vae.diagnostics — [4/4] Conditional reconstruction validity ...
2026-05-29 21:31:14 [INFO] vae.diagnostics — Conditional validity after raw_postprocess: 1.0000 overall (1000/1000 valid)
2026-05-29 21:31:14 [INFO] vae.diagnostics — Conditional validity before raw_postprocess: 1.0000 overall (1000/1000 valid)
2026-05-29 21:31:14 [INFO] vae.diagnostics — Diagnostics written to D:\thesis_final\results\vae\laplace_rerun_20260529\diagnostics_DDoS.json
2026-05-29 21:31:14 [INFO] __main__ — Manifest updated for class DDoS
2026-05-29 21:31:14 [INFO] __main__ — Class DDoS done: best_val_loss=-94.9859 epochs=83 collapsed=0 uncond_pre=100.00% uncond_post=100.00% cond_pre=100.00% cond_post=100.00% proto_acc=99.96%
2026-05-29 21:31:14 [INFO] __main__ — ========== Training class 3/DoS ==========
2026-05-29 21:31:14 [INFO] vae.train — [Class 3/DoS] Loading split arrays from D:\thesis_final
2026-05-29 21:31:14 [INFO] vae.train — [Class 3/DoS] 8-class split: train=468144, val=66876
2026-05-29 21:31:15 [INFO] vae.dataset — Class 3: 468144 samples loaded
2026-05-29 21:31:15 [INFO] vae.dataset — Class 3: 66876 samples loaded
2026-05-29 21:31:15 [INFO] vae.train — [Class 3/DoS] Protocol class weights: [1.0731, 0.1175, 2.3994, 0.0042, 0.0064, 2.3994]
2026-05-29 21:31:15 [INFO] vae.train — [Class 3/DoS] Model: latent_dim=16, beta_target=0.5000, params=32887
2026-05-29 21:31:24 [INFO] vae.train — [Class 3/DoS] Epoch 1/200 | train_loss=-43.0427 val_loss=-58.2967 recon_metric=3.5150 constraint=0.0000 beta=0.0500 lr=1.00e-03
2026-05-29 21:31:24 [INFO] vae.train — [Class 3/DoS] New best val_loss=-58.2967 — checkpoint saved.
2026-05-29 21:31:36 [INFO] vae.train — [Class 3/DoS] Epoch 2/200 | train_loss=-62.9625 val_loss=-64.9821 recon_metric=1.9004 constraint=0.0000 beta=0.1000 lr=1.00e-03
2026-05-29 21:31:36 [INFO] vae.train — [Class 3/DoS] New best val_loss=-64.9821 — checkpoint saved.
2026-05-29 21:31:47 [INFO] vae.train — [Class 3/DoS] Epoch 3/200 | train_loss=-67.1183 val_loss=-67.6754 recon_metric=1.5149 constraint=0.0000 beta=0.1500 lr=1.00e-03
2026-05-29 21:31:47 [INFO] vae.train — [Class 3/DoS] New best val_loss=-67.6754 — checkpoint saved.
2026-05-29 21:31:59 [INFO] vae.train — [Class 3/DoS] Epoch 4/200 | train_loss=-69.8497 val_loss=-73.4688 recon_metric=1.7817 constraint=0.0000 beta=0.2000 lr=9.99e-04
2026-05-29 21:31:59 [INFO] vae.train — [Class 3/DoS] New best val_loss=-73.4688 — checkpoint saved.
2026-05-29 21:32:08 [INFO] vae.train — [Class 3/DoS] Epoch 5/200 | train_loss=-72.3344 val_loss=-74.0742 recon_metric=1.0626 constraint=0.0000 beta=0.2500 lr=9.99e-04
2026-05-29 21:32:08 [INFO] vae.train — [Class 3/DoS] New best val_loss=-74.0742 — checkpoint saved.
2026-05-29 21:32:17 [INFO] vae.train — [Class 3/DoS] Epoch 6/200 | train_loss=-73.7573 val_loss=-76.2734 recon_metric=1.0714 constraint=0.0000 beta=0.3000 lr=9.98e-04
2026-05-29 21:32:17 [INFO] vae.train — [Class 3/DoS] New best val_loss=-76.2734 — checkpoint saved.
2026-05-29 21:32:26 [INFO] vae.train — [Class 3/DoS] Epoch 7/200 | train_loss=-74.8447 val_loss=-76.2425 recon_metric=1.3636 constraint=0.0000 beta=0.3500 lr=9.98e-04
2026-05-29 21:32:37 [INFO] vae.train — [Class 3/DoS] Epoch 8/200 | train_loss=-76.7385 val_loss=-79.5011 recon_metric=0.5553 constraint=0.0000 beta=0.4000 lr=9.97e-04
2026-05-29 21:32:37 [INFO] vae.train — [Class 3/DoS] New best val_loss=-79.5011 — checkpoint saved.
2026-05-29 21:32:48 [INFO] vae.train — [Class 3/DoS] Epoch 9/200 | train_loss=-78.0758 val_loss=-80.6872 recon_metric=0.6405 constraint=0.0000 beta=0.4500 lr=9.96e-04
2026-05-29 21:32:48 [INFO] vae.train — [Class 3/DoS] New best val_loss=-80.6872 — checkpoint saved.
2026-05-29 21:33:00 [INFO] vae.train — [Class 3/DoS] Epoch 10/200 | train_loss=-79.3175 val_loss=-82.7915 recon_metric=1.3584 constraint=0.0000 beta=0.5000 lr=9.95e-04
2026-05-29 21:33:00 [INFO] vae.train — [Class 3/DoS] New best val_loss=-82.7915 — checkpoint saved.
2026-05-29 21:33:11 [INFO] vae.train — [Class 3/DoS] Epoch 11/200 | train_loss=-83.6225 val_loss=-86.9347 recon_metric=1.1271 constraint=0.0000 beta=0.5000 lr=9.94e-04
2026-05-29 21:33:11 [INFO] vae.train — [Class 3/DoS] New best val_loss=-86.9347 — checkpoint saved.
2026-05-29 21:33:22 [INFO] vae.train — [Class 3/DoS] Epoch 12/200 | train_loss=-85.7292 val_loss=-87.0217 recon_metric=0.6618 constraint=0.0000 beta=0.5000 lr=9.93e-04
2026-05-29 21:33:22 [INFO] vae.train — [Class 3/DoS] New best val_loss=-87.0217 — checkpoint saved.
2026-05-29 21:33:34 [INFO] vae.train — [Class 3/DoS] Epoch 13/200 | train_loss=-86.8957 val_loss=-88.0665 recon_metric=0.9172 constraint=0.0000 beta=0.5000 lr=9.91e-04
2026-05-29 21:33:34 [INFO] vae.train — [Class 3/DoS] New best val_loss=-88.0665 — checkpoint saved.
2026-05-29 21:33:45 [INFO] vae.train — [Class 3/DoS] Epoch 14/200 | train_loss=-88.3864 val_loss=-90.9906 recon_metric=0.5017 constraint=0.0000 beta=0.5000 lr=9.90e-04
2026-05-29 21:33:45 [INFO] vae.train — [Class 3/DoS] New best val_loss=-90.9906 — checkpoint saved.
2026-05-29 21:33:56 [INFO] vae.train — [Class 3/DoS] Epoch 15/200 | train_loss=-89.7982 val_loss=-89.4039 recon_metric=0.3443 constraint=0.0000 beta=0.5000 lr=9.88e-04
2026-05-29 21:34:06 [INFO] vae.train — [Class 3/DoS] Epoch 16/200 | train_loss=-90.8133 val_loss=-93.7887 recon_metric=0.3576 constraint=0.0000 beta=0.5000 lr=9.86e-04
2026-05-29 21:34:06 [INFO] vae.train — [Class 3/DoS] New best val_loss=-93.7887 — checkpoint saved.
2026-05-29 21:34:15 [INFO] vae.train — [Class 3/DoS] Epoch 17/200 | train_loss=-92.1588 val_loss=-94.5650 recon_metric=0.2998 constraint=0.0000 beta=0.5000 lr=9.84e-04
2026-05-29 21:34:15 [INFO] vae.train — [Class 3/DoS] New best val_loss=-94.5650 — checkpoint saved.
2026-05-29 21:34:23 [INFO] vae.train — [Class 3/DoS] Epoch 18/200 | train_loss=-91.5259 val_loss=-94.0938 recon_metric=0.3105 constraint=0.0000 beta=0.5000 lr=9.82e-04
2026-05-29 21:34:32 [INFO] vae.train — [Class 3/DoS] Epoch 19/200 | train_loss=-92.4635 val_loss=-95.1102 recon_metric=0.3282 constraint=0.0000 beta=0.5000 lr=9.80e-04
2026-05-29 21:34:32 [INFO] vae.train — [Class 3/DoS] New best val_loss=-95.1102 — checkpoint saved.
2026-05-29 21:34:44 [INFO] vae.train — [Class 3/DoS] Epoch 20/200 | train_loss=-92.9610 val_loss=-90.4299 recon_metric=0.3130 constraint=0.0000 beta=0.5000 lr=9.78e-04
2026-05-29 21:34:55 [INFO] vae.train — [Class 3/DoS] Epoch 21/200 | train_loss=-93.5798 val_loss=-91.5635 recon_metric=0.3602 constraint=0.0000 beta=0.5000 lr=9.76e-04
2026-05-29 21:35:06 [INFO] vae.train — [Class 3/DoS] Epoch 22/200 | train_loss=-93.5906 val_loss=-93.5666 recon_metric=0.3016 constraint=0.0000 beta=0.5000 lr=9.73e-04
2026-05-29 21:35:17 [INFO] vae.train — [Class 3/DoS] Epoch 23/200 | train_loss=-94.0358 val_loss=-93.0015 recon_metric=0.2970 constraint=0.0000 beta=0.5000 lr=9.70e-04
2026-05-29 21:35:29 [INFO] vae.train — [Class 3/DoS] Epoch 24/200 | train_loss=-93.7402 val_loss=-93.1963 recon_metric=0.3313 constraint=0.0000 beta=0.5000 lr=9.68e-04
2026-05-29 21:35:40 [INFO] vae.train — [Class 3/DoS] Epoch 25/200 | train_loss=-94.0643 val_loss=-93.8928 recon_metric=0.2869 constraint=0.0000 beta=0.5000 lr=9.65e-04
2026-05-29 21:35:51 [INFO] vae.train — [Class 3/DoS] Epoch 26/200 | train_loss=-94.6363 val_loss=-92.7541 recon_metric=0.2784 constraint=0.0000 beta=0.5000 lr=9.62e-04
2026-05-29 21:36:02 [INFO] vae.train — [Class 3/DoS] Epoch 27/200 | train_loss=-94.6259 val_loss=-94.0371 recon_metric=0.2867 constraint=0.0000 beta=0.5000 lr=9.59e-04
2026-05-29 21:36:11 [INFO] vae.train — [Class 3/DoS] Epoch 28/200 | train_loss=-94.8593 val_loss=-94.1167 recon_metric=0.3195 constraint=0.0000 beta=0.5000 lr=9.56e-04
2026-05-29 21:36:20 [INFO] vae.train — [Class 3/DoS] Epoch 29/200 | train_loss=-94.6451 val_loss=-94.8228 recon_metric=0.2814 constraint=0.0000 beta=0.5000 lr=9.52e-04
2026-05-29 21:36:20 [INFO] vae.train — [Class 3/DoS] Early stop after 29 epochs (patience=10).
2026-05-29 21:36:20 [INFO] vae.train — [Class 3/DoS] Curves saved to D:\thesis_final\results\vae\laplace_rerun_20260529\curves_DoS_laplace_rerun_20260529.png
2026-05-29 21:36:20 [INFO] __main__ — Reloading checkpoint from D:\thesis_final\models\vae\vae_class_3_DoS_laplace_rerun_20260529.pt
2026-05-29 21:36:20 [INFO] vae.dataset — Class 3: 66876 samples loaded
2026-05-29 21:36:20 [INFO] vae.diagnostics — === Running diagnostics for class 3 (DoS) ===
2026-05-29 21:36:20 [INFO] vae.diagnostics — Loaded validator via attack.validator.validate_batch
2026-05-29 21:36:20 [INFO] vae.diagnostics — [1/4] Posterior collapse check ...
2026-05-29 21:36:20 [INFO] vae.diagnostics — Posterior collapse: 0/16 dims below threshold 0.010
2026-05-29 21:36:20 [INFO] vae.diagnostics — [2/4] Per-feature reconstruction error ...
2026-05-29 21:36:21 [INFO] vae.diagnostics — Per-feature recon: protocol top-1=0.9997, worst feature=HTTP (0.1743)
2026-05-29 21:36:21 [INFO] vae.diagnostics — [3/4] Unconditional sample validity (n=1000) ...
2026-05-29 21:36:21 [INFO] vae.diagnostics — Unconditional validity after raw_postprocess: 1.0000 overall (1000/1000 valid)
2026-05-29 21:36:21 [INFO] vae.diagnostics — Unconditional validity before raw_postprocess: 1.0000 overall (1000/1000 valid)
2026-05-29 21:36:21 [INFO] vae.diagnostics — Protocol-binary consistency: 1.0 (as expected)
2026-05-29 21:36:21 [INFO] vae.diagnostics — [4/4] Conditional reconstruction validity ...
2026-05-29 21:36:21 [INFO] vae.diagnostics — Conditional validity after raw_postprocess: 1.0000 overall (1000/1000 valid)
2026-05-29 21:36:21 [INFO] vae.diagnostics — Conditional validity before raw_postprocess: 1.0000 overall (1000/1000 valid)
2026-05-29 21:36:21 [INFO] vae.diagnostics — Diagnostics written to D:\thesis_final\results\vae\laplace_rerun_20260529\diagnostics_DoS.json
2026-05-29 21:36:21 [INFO] __main__ — Manifest updated for class DoS
2026-05-29 21:36:21 [INFO] __main__ — Class DoS done: best_val_loss=-95.1102 epochs=29 collapsed=0 uncond_pre=100.00% uncond_post=100.00% cond_pre=100.00% cond_post=100.00% proto_acc=99.97%
2026-05-29 21:36:21 [INFO] __main__ — ========== Training class 4/Mirai ==========
2026-05-29 21:36:21 [INFO] vae.train — [Class 4/Mirai] Loading split arrays from D:\thesis_final
2026-05-29 21:36:21 [INFO] vae.train — [Class 4/Mirai] 8-class split: train=419972, val=59996
2026-05-29 21:36:21 [INFO] vae.dataset — Class 4: 419972 samples loaded
2026-05-29 21:36:21 [INFO] vae.dataset — Class 4: 59996 samples loaded
2026-05-29 21:36:21 [INFO] vae.train — [Class 4/Mirai] Protocol class weights: [0.5999, 0.4752, 4.7993, 0.1037, 0.0128, 0.0091]
2026-05-29 21:36:21 [INFO] vae.train — [Class 4/Mirai] Model: latent_dim=16, beta_target=0.5000, params=32887
2026-05-29 21:36:29 [INFO] vae.train — [Class 4/Mirai] Epoch 1/200 | train_loss=-51.6876 val_loss=-67.8492 recon_metric=0.7462 constraint=0.0000 beta=0.0500 lr=1.00e-03
2026-05-29 21:36:29 [INFO] vae.train — [Class 4/Mirai] New best val_loss=-67.8492 — checkpoint saved.
2026-05-29 21:36:39 [INFO] vae.train — [Class 4/Mirai] Epoch 2/200 | train_loss=-70.8328 val_loss=-75.3881 recon_metric=0.2528 constraint=0.0000 beta=0.1000 lr=1.00e-03
2026-05-29 21:36:39 [INFO] vae.train — [Class 4/Mirai] New best val_loss=-75.3881 — checkpoint saved.
2026-05-29 21:36:50 [INFO] vae.train — [Class 4/Mirai] Epoch 3/200 | train_loss=-74.7444 val_loss=-77.3396 recon_metric=0.2236 constraint=0.0000 beta=0.1500 lr=1.00e-03
2026-05-29 21:36:50 [INFO] vae.train — [Class 4/Mirai] New best val_loss=-77.3396 — checkpoint saved.
2026-05-29 21:37:00 [INFO] vae.train — [Class 4/Mirai] Epoch 4/200 | train_loss=-77.2740 val_loss=-82.6396 recon_metric=0.1980 constraint=0.0000 beta=0.2000 lr=9.99e-04
2026-05-29 21:37:00 [INFO] vae.train — [Class 4/Mirai] New best val_loss=-82.6396 — checkpoint saved.
2026-05-29 21:37:10 [INFO] vae.train — [Class 4/Mirai] Epoch 5/200 | train_loss=-79.8477 val_loss=-80.5631 recon_metric=0.1892 constraint=0.0000 beta=0.2500 lr=9.99e-04
2026-05-29 21:37:19 [INFO] vae.train — [Class 4/Mirai] Epoch 6/200 | train_loss=-80.9533 val_loss=-84.1103 recon_metric=0.1795 constraint=0.0000 beta=0.3000 lr=9.98e-04
2026-05-29 21:37:19 [INFO] vae.train — [Class 4/Mirai] New best val_loss=-84.1103 — checkpoint saved.
2026-05-29 21:37:29 [INFO] vae.train — [Class 4/Mirai] Epoch 7/200 | train_loss=-81.4946 val_loss=-83.9688 recon_metric=0.1932 constraint=0.0000 beta=0.3500 lr=9.98e-04
2026-05-29 21:37:38 [INFO] vae.train — [Class 4/Mirai] Epoch 8/200 | train_loss=-82.3724 val_loss=-84.3333 recon_metric=0.1775 constraint=0.0000 beta=0.4000 lr=9.97e-04
2026-05-29 21:37:38 [INFO] vae.train — [Class 4/Mirai] New best val_loss=-84.3333 — checkpoint saved.
2026-05-29 21:37:48 [INFO] vae.train — [Class 4/Mirai] Epoch 9/200 | train_loss=-82.6887 val_loss=-86.4712 recon_metric=0.1908 constraint=0.0000 beta=0.4500 lr=9.96e-04
2026-05-29 21:37:48 [INFO] vae.train — [Class 4/Mirai] New best val_loss=-86.4712 — checkpoint saved.
2026-05-29 21:37:58 [INFO] vae.train — [Class 4/Mirai] Epoch 10/200 | train_loss=-83.4680 val_loss=-83.3931 recon_metric=0.1897 constraint=0.0000 beta=0.5000 lr=9.95e-04
2026-05-29 21:38:06 [INFO] vae.train — [Class 4/Mirai] Epoch 11/200 | train_loss=-84.8154 val_loss=-88.5149 recon_metric=0.1540 constraint=0.0000 beta=0.5000 lr=9.94e-04
2026-05-29 21:38:06 [INFO] vae.train — [Class 4/Mirai] New best val_loss=-88.5149 — checkpoint saved.
2026-05-29 21:38:14 [INFO] vae.train — [Class 4/Mirai] Epoch 12/200 | train_loss=-84.9509 val_loss=-85.8321 recon_metric=0.1762 constraint=0.0000 beta=0.5000 lr=9.93e-04
2026-05-29 21:38:22 [INFO] vae.train — [Class 4/Mirai] Epoch 13/200 | train_loss=-85.7640 val_loss=-90.7866 recon_metric=0.1521 constraint=0.0000 beta=0.5000 lr=9.91e-04
2026-05-29 21:38:22 [INFO] vae.train — [Class 4/Mirai] New best val_loss=-90.7866 — checkpoint saved.
2026-05-29 21:38:30 [INFO] vae.train — [Class 4/Mirai] Epoch 14/200 | train_loss=-85.2163 val_loss=-75.6792 recon_metric=0.2118 constraint=0.0000 beta=0.5000 lr=9.90e-04
2026-05-29 21:38:40 [INFO] vae.train — [Class 4/Mirai] Epoch 15/200 | train_loss=-84.1412 val_loss=-86.9443 recon_metric=0.1455 constraint=0.0000 beta=0.5000 lr=9.88e-04
2026-05-29 21:38:51 [INFO] vae.train — [Class 4/Mirai] Epoch 16/200 | train_loss=-86.5848 val_loss=-92.2293 recon_metric=0.1436 constraint=0.0000 beta=0.5000 lr=9.86e-04
2026-05-29 21:38:51 [INFO] vae.train — [Class 4/Mirai] New best val_loss=-92.2293 — checkpoint saved.
2026-05-29 21:39:02 [INFO] vae.train — [Class 4/Mirai] Epoch 17/200 | train_loss=-87.3250 val_loss=-92.9431 recon_metric=0.1148 constraint=0.0000 beta=0.5000 lr=9.84e-04
2026-05-29 21:39:02 [INFO] vae.train — [Class 4/Mirai] New best val_loss=-92.9431 — checkpoint saved.
2026-05-29 21:39:12 [INFO] vae.train — [Class 4/Mirai] Epoch 18/200 | train_loss=-87.9323 val_loss=-87.4188 recon_metric=0.1422 constraint=0.0000 beta=0.5000 lr=9.82e-04
2026-05-29 21:39:22 [INFO] vae.train — [Class 4/Mirai] Epoch 19/200 | train_loss=-89.1751 val_loss=-95.1860 recon_metric=0.1050 constraint=0.0000 beta=0.5000 lr=9.80e-04
2026-05-29 21:39:22 [INFO] vae.train — [Class 4/Mirai] New best val_loss=-95.1860 — checkpoint saved.
2026-05-29 21:39:33 [INFO] vae.train — [Class 4/Mirai] Epoch 20/200 | train_loss=-89.5798 val_loss=-90.7106 recon_metric=0.1063 constraint=0.0000 beta=0.5000 lr=9.78e-04
2026-05-29 21:39:43 [INFO] vae.train — [Class 4/Mirai] Epoch 21/200 | train_loss=-90.5037 val_loss=-96.1658 recon_metric=0.1040 constraint=0.0000 beta=0.5000 lr=9.76e-04
2026-05-29 21:39:43 [INFO] vae.train — [Class 4/Mirai] New best val_loss=-96.1658 — checkpoint saved.
2026-05-29 21:39:53 [INFO] vae.train — [Class 4/Mirai] Epoch 22/200 | train_loss=-91.9083 val_loss=-98.1449 recon_metric=0.1000 constraint=0.0000 beta=0.5000 lr=9.73e-04
2026-05-29 21:39:53 [INFO] vae.train — [Class 4/Mirai] New best val_loss=-98.1449 — checkpoint saved.
2026-05-29 21:40:03 [INFO] vae.train — [Class 4/Mirai] Epoch 23/200 | train_loss=-91.5820 val_loss=-97.1217 recon_metric=0.1036 constraint=0.0000 beta=0.5000 lr=9.70e-04
2026-05-29 21:40:10 [INFO] vae.train — [Class 4/Mirai] Epoch 24/200 | train_loss=-93.0575 val_loss=-91.3476 recon_metric=0.1041 constraint=0.0000 beta=0.5000 lr=9.68e-04
2026-05-29 21:40:18 [INFO] vae.train — [Class 4/Mirai] Epoch 25/200 | train_loss=-93.6096 val_loss=-98.6149 recon_metric=0.1084 constraint=0.0000 beta=0.5000 lr=9.65e-04
2026-05-29 21:40:18 [INFO] vae.train — [Class 4/Mirai] New best val_loss=-98.6149 — checkpoint saved.
2026-05-29 21:40:26 [INFO] vae.train — [Class 4/Mirai] Epoch 26/200 | train_loss=-93.1245 val_loss=-98.9025 recon_metric=0.1071 constraint=0.0000 beta=0.5000 lr=9.62e-04
2026-05-29 21:40:26 [INFO] vae.train — [Class 4/Mirai] New best val_loss=-98.9025 — checkpoint saved.
2026-05-29 21:40:35 [INFO] vae.train — [Class 4/Mirai] Epoch 27/200 | train_loss=-95.5116 val_loss=-99.8690 recon_metric=0.1084 constraint=0.0000 beta=0.5000 lr=9.59e-04
2026-05-29 21:40:35 [INFO] vae.train — [Class 4/Mirai] New best val_loss=-99.8690 — checkpoint saved.
2026-05-29 21:40:45 [INFO] vae.train — [Class 4/Mirai] Epoch 28/200 | train_loss=-94.3414 val_loss=-98.8749 recon_metric=0.1096 constraint=0.0000 beta=0.5000 lr=9.56e-04
2026-05-29 21:40:55 [INFO] vae.train — [Class 4/Mirai] Epoch 29/200 | train_loss=-93.8847 val_loss=-90.6845 recon_metric=0.1088 constraint=0.0000 beta=0.5000 lr=9.52e-04
2026-05-29 21:41:05 [INFO] vae.train — [Class 4/Mirai] Epoch 30/200 | train_loss=-93.6194 val_loss=-95.0178 recon_metric=0.1129 constraint=0.0000 beta=0.5000 lr=9.49e-04
2026-05-29 21:41:16 [INFO] vae.train — [Class 4/Mirai] Epoch 31/200 | train_loss=-96.4536 val_loss=-98.1081 recon_metric=0.1078 constraint=0.0000 beta=0.5000 lr=9.46e-04
2026-05-29 21:41:26 [INFO] vae.train — [Class 4/Mirai] Epoch 32/200 | train_loss=-96.9358 val_loss=-100.0873 recon_metric=0.1119 constraint=0.0000 beta=0.5000 lr=9.42e-04
2026-05-29 21:41:26 [INFO] vae.train — [Class 4/Mirai] New best val_loss=-100.0873 — checkpoint saved.
2026-05-29 21:41:36 [INFO] vae.train — [Class 4/Mirai] Epoch 33/200 | train_loss=-97.0286 val_loss=-97.3651 recon_metric=0.1077 constraint=0.0000 beta=0.5000 lr=9.38e-04
2026-05-29 21:41:46 [INFO] vae.train — [Class 4/Mirai] Epoch 34/200 | train_loss=-97.1027 val_loss=-98.8041 recon_metric=0.1019 constraint=0.0000 beta=0.5000 lr=9.34e-04
2026-05-29 21:41:57 [INFO] vae.train — [Class 4/Mirai] Epoch 35/200 | train_loss=-97.2299 val_loss=-98.4680 recon_metric=0.1006 constraint=0.0000 beta=0.5000 lr=9.30e-04
2026-05-29 21:42:05 [INFO] vae.train — [Class 4/Mirai] Epoch 36/200 | train_loss=-97.3495 val_loss=-101.3282 recon_metric=0.0947 constraint=0.0000 beta=0.5000 lr=9.26e-04
2026-05-29 21:42:05 [INFO] vae.train — [Class 4/Mirai] New best val_loss=-101.3282 — checkpoint saved.
2026-05-29 21:42:13 [INFO] vae.train — [Class 4/Mirai] Epoch 37/200 | train_loss=-98.1519 val_loss=-99.2868 recon_metric=0.0995 constraint=0.0000 beta=0.5000 lr=9.22e-04
2026-05-29 21:42:21 [INFO] vae.train — [Class 4/Mirai] Epoch 38/200 | train_loss=-96.8369 val_loss=-89.3789 recon_metric=0.1044 constraint=0.0000 beta=0.5000 lr=9.18e-04
2026-05-29 21:42:29 [INFO] vae.train — [Class 4/Mirai] Epoch 39/200 | train_loss=-96.8718 val_loss=-99.9358 recon_metric=0.0880 constraint=0.0000 beta=0.5000 lr=9.14e-04
2026-05-29 21:42:39 [INFO] vae.train — [Class 4/Mirai] Epoch 40/200 | train_loss=-98.2207 val_loss=-101.3516 recon_metric=0.0873 constraint=0.0000 beta=0.5000 lr=9.09e-04
2026-05-29 21:42:39 [INFO] vae.train — [Class 4/Mirai] New best val_loss=-101.3516 — checkpoint saved.
2026-05-29 21:42:50 [INFO] vae.train — [Class 4/Mirai] Epoch 41/200 | train_loss=-98.0500 val_loss=-102.3662 recon_metric=0.0826 constraint=0.0000 beta=0.5000 lr=9.05e-04
2026-05-29 21:42:50 [INFO] vae.train — [Class 4/Mirai] New best val_loss=-102.3662 — checkpoint saved.
2026-05-29 21:43:00 [INFO] vae.train — [Class 4/Mirai] Epoch 42/200 | train_loss=-98.5732 val_loss=-103.1354 recon_metric=0.0863 constraint=0.0000 beta=0.5000 lr=9.00e-04
2026-05-29 21:43:00 [INFO] vae.train — [Class 4/Mirai] New best val_loss=-103.1354 — checkpoint saved.
2026-05-29 21:43:10 [INFO] vae.train — [Class 4/Mirai] Epoch 43/200 | train_loss=-98.2195 val_loss=-102.8595 recon_metric=0.0801 constraint=0.0000 beta=0.5000 lr=8.95e-04
2026-05-29 21:43:21 [INFO] vae.train — [Class 4/Mirai] Epoch 44/200 | train_loss=-99.6517 val_loss=-100.9248 recon_metric=0.0827 constraint=0.0000 beta=0.5000 lr=8.90e-04
2026-05-29 21:43:31 [INFO] vae.train — [Class 4/Mirai] Epoch 45/200 | train_loss=-98.6941 val_loss=-88.3723 recon_metric=0.0869 constraint=0.0000 beta=0.5000 lr=8.85e-04
2026-05-29 21:43:41 [INFO] vae.train — [Class 4/Mirai] Epoch 46/200 | train_loss=-98.2112 val_loss=-94.5507 recon_metric=0.0932 constraint=0.0000 beta=0.5000 lr=8.80e-04
2026-05-29 21:43:52 [INFO] vae.train — [Class 4/Mirai] Epoch 47/200 | train_loss=-98.8067 val_loss=-100.8231 recon_metric=0.0876 constraint=0.0000 beta=0.5000 lr=8.75e-04
2026-05-29 21:44:02 [INFO] vae.train — [Class 4/Mirai] Epoch 48/200 | train_loss=-98.3394 val_loss=-101.7255 recon_metric=0.0831 constraint=0.0000 beta=0.5000 lr=8.70e-04
2026-05-29 21:44:09 [INFO] vae.train — [Class 4/Mirai] Epoch 49/200 | train_loss=-99.0922 val_loss=-96.6517 recon_metric=0.0855 constraint=0.0000 beta=0.5000 lr=8.64e-04
2026-05-29 21:44:17 [INFO] vae.train — [Class 4/Mirai] Epoch 50/200 | train_loss=-98.3825 val_loss=-95.1995 recon_metric=0.0943 constraint=0.0000 beta=0.5000 lr=8.59e-04
2026-05-29 21:44:25 [INFO] vae.train — [Class 4/Mirai] Epoch 51/200 | train_loss=-99.5561 val_loss=-100.5049 recon_metric=0.0810 constraint=0.0000 beta=0.5000 lr=8.54e-04
2026-05-29 21:44:34 [INFO] vae.train — [Class 4/Mirai] Epoch 52/200 | train_loss=-98.0751 val_loss=-102.7755 recon_metric=0.0776 constraint=0.0000 beta=0.5000 lr=8.48e-04
2026-05-29 21:44:34 [INFO] vae.train — [Class 4/Mirai] Early stop after 52 epochs (patience=10).
2026-05-29 21:44:34 [INFO] vae.train — [Class 4/Mirai] Curves saved to D:\thesis_final\results\vae\laplace_rerun_20260529\curves_Mirai_laplace_rerun_20260529.png
2026-05-29 21:44:34 [INFO] __main__ — Reloading checkpoint from D:\thesis_final\models\vae\vae_class_4_Mirai_laplace_rerun_20260529.pt
2026-05-29 21:44:34 [INFO] vae.dataset — Class 4: 59996 samples loaded
2026-05-29 21:44:34 [INFO] vae.diagnostics — === Running diagnostics for class 4 (Mirai) ===
2026-05-29 21:44:34 [INFO] vae.diagnostics — Loaded validator via attack.validator.validate_batch
2026-05-29 21:44:34 [INFO] vae.diagnostics — [1/4] Posterior collapse check ...
2026-05-29 21:44:34 [INFO] vae.diagnostics — Posterior collapse: 0/16 dims below threshold 0.010
2026-05-29 21:44:34 [INFO] vae.diagnostics — [2/4] Per-feature reconstruction error ...
2026-05-29 21:44:35 [INFO] vae.diagnostics — Per-feature recon: protocol top-1=0.9991, worst feature=HTTPS (0.0017)
2026-05-29 21:44:35 [INFO] vae.diagnostics — [3/4] Unconditional sample validity (n=1000) ...
2026-05-29 21:44:35 [INFO] vae.diagnostics — Unconditional validity after raw_postprocess: 1.0000 overall (1000/1000 valid)
2026-05-29 21:44:35 [INFO] vae.diagnostics — Unconditional validity before raw_postprocess: 1.0000 overall (1000/1000 valid)
2026-05-29 21:44:35 [INFO] vae.diagnostics — Protocol-binary consistency: 1.0 (as expected)
2026-05-29 21:44:35 [INFO] vae.diagnostics — [4/4] Conditional reconstruction validity ...
2026-05-29 21:44:35 [INFO] vae.diagnostics — Conditional validity after raw_postprocess: 1.0000 overall (1000/1000 valid)
2026-05-29 21:44:35 [INFO] vae.diagnostics — Conditional validity before raw_postprocess: 1.0000 overall (1000/1000 valid)
2026-05-29 21:44:35 [INFO] vae.diagnostics — Diagnostics written to D:\thesis_final\results\vae\laplace_rerun_20260529\diagnostics_Mirai.json
2026-05-29 21:44:35 [INFO] __main__ — Manifest updated for class Mirai
2026-05-29 21:44:35 [INFO] __main__ — Class Mirai done: best_val_loss=-103.1354 epochs=52 collapsed=0 uncond_pre=100.00% uncond_post=100.00% cond_pre=100.00% cond_post=100.00% proto_acc=99.91%
2026-05-29 21:44:35 [INFO] __main__ — ========== Training class 5/Recon ==========
2026-05-29 21:44:35 [INFO] vae.train — [Class 5/Recon] Loading split arrays from D:\thesis_final
2026-05-29 21:44:35 [INFO] vae.train — [Class 5/Recon] 8-class split: train=352470, val=50353
2026-05-29 21:44:35 [INFO] vae.dataset — Class 5: 352470 samples loaded
2026-05-29 21:44:35 [INFO] vae.dataset — Class 5: 50353 samples loaded
2026-05-29 21:44:35 [INFO] vae.train — [Class 5/Recon] Protocol class weights: [0.0491, 0.189, 2.8718, 0.0052, 0.013, 2.8718]
2026-05-29 21:44:35 [INFO] vae.train — [Class 5/Recon] Model: latent_dim=16, beta_target=0.5000, params=32887
2026-05-29 21:44:44 [INFO] vae.train — [Class 5/Recon] Epoch 1/200 | train_loss=-21.6513 val_loss=-38.5178 recon_metric=0.7115 constraint=0.0000 beta=0.0500 lr=1.00e-03
2026-05-29 21:44:44 [INFO] vae.train — [Class 5/Recon] New best val_loss=-38.5178 — checkpoint saved.
2026-05-29 21:44:53 [INFO] vae.train — [Class 5/Recon] Epoch 2/200 | train_loss=-42.7919 val_loss=-47.0401 recon_metric=0.6299 constraint=0.0000 beta=0.1000 lr=1.00e-03
2026-05-29 21:44:53 [INFO] vae.train — [Class 5/Recon] New best val_loss=-47.0401 — checkpoint saved.
2026-05-29 21:45:02 [INFO] vae.train — [Class 5/Recon] Epoch 3/200 | train_loss=-47.5660 val_loss=-50.3371 recon_metric=0.6185 constraint=0.0000 beta=0.1500 lr=1.00e-03
2026-05-29 21:45:02 [INFO] vae.train — [Class 5/Recon] New best val_loss=-50.3371 — checkpoint saved.
2026-05-29 21:45:10 [INFO] vae.train — [Class 5/Recon] Epoch 4/200 | train_loss=-51.8082 val_loss=-53.6064 recon_metric=0.6061 constraint=0.0000 beta=0.2000 lr=9.99e-04
2026-05-29 21:45:10 [INFO] vae.train — [Class 5/Recon] New best val_loss=-53.6064 — checkpoint saved.
2026-05-29 21:45:19 [INFO] vae.train — [Class 5/Recon] Epoch 5/200 | train_loss=-54.3218 val_loss=-57.5190 recon_metric=0.5309 constraint=0.0000 beta=0.2500 lr=9.99e-04
2026-05-29 21:45:19 [INFO] vae.train — [Class 5/Recon] New best val_loss=-57.5190 — checkpoint saved.
2026-05-29 21:45:28 [INFO] vae.train — [Class 5/Recon] Epoch 6/200 | train_loss=-55.5197 val_loss=-58.9826 recon_metric=0.4228 constraint=0.0000 beta=0.3000 lr=9.98e-04
2026-05-29 21:45:28 [INFO] vae.train — [Class 5/Recon] New best val_loss=-58.9826 — checkpoint saved.
2026-05-29 21:45:37 [INFO] vae.train — [Class 5/Recon] Epoch 7/200 | train_loss=-56.3383 val_loss=-58.6716 recon_metric=0.3688 constraint=0.0000 beta=0.3500 lr=9.98e-04
2026-05-29 21:45:46 [INFO] vae.train — [Class 5/Recon] Epoch 8/200 | train_loss=-57.0564 val_loss=-61.2775 recon_metric=0.3248 constraint=0.0000 beta=0.4000 lr=9.97e-04
2026-05-29 21:45:46 [INFO] vae.train — [Class 5/Recon] New best val_loss=-61.2775 — checkpoint saved.
2026-05-29 21:45:54 [INFO] vae.train — [Class 5/Recon] Epoch 9/200 | train_loss=-57.5689 val_loss=-61.4573 recon_metric=0.3320 constraint=0.0000 beta=0.4500 lr=9.96e-04
2026-05-29 21:45:54 [INFO] vae.train — [Class 5/Recon] New best val_loss=-61.4573 — checkpoint saved.
2026-05-29 21:46:02 [INFO] vae.train — [Class 5/Recon] Epoch 10/200 | train_loss=-57.7136 val_loss=-61.0834 recon_metric=0.3349 constraint=0.0000 beta=0.5000 lr=9.95e-04
2026-05-29 21:46:09 [INFO] vae.train — [Class 5/Recon] Epoch 11/200 | train_loss=-58.7993 val_loss=-59.9639 recon_metric=0.3352 constraint=0.0000 beta=0.5000 lr=9.94e-04
2026-05-29 21:46:15 [INFO] vae.train — [Class 5/Recon] Epoch 12/200 | train_loss=-60.0489 val_loss=-64.8182 recon_metric=0.3099 constraint=0.0000 beta=0.5000 lr=9.93e-04
2026-05-29 21:46:15 [INFO] vae.train — [Class 5/Recon] New best val_loss=-64.8182 — checkpoint saved.
2026-05-29 21:46:22 [INFO] vae.train — [Class 5/Recon] Epoch 13/200 | train_loss=-61.7896 val_loss=-66.1605 recon_metric=0.2997 constraint=0.0000 beta=0.5000 lr=9.91e-04
2026-05-29 21:46:22 [INFO] vae.train — [Class 5/Recon] New best val_loss=-66.1605 — checkpoint saved.
2026-05-29 21:46:28 [INFO] vae.train — [Class 5/Recon] Epoch 14/200 | train_loss=-63.4568 val_loss=-67.2865 recon_metric=0.3422 constraint=0.0000 beta=0.5000 lr=9.90e-04
2026-05-29 21:46:28 [INFO] vae.train — [Class 5/Recon] New best val_loss=-67.2865 — checkpoint saved.
2026-05-29 21:46:36 [INFO] vae.train — [Class 5/Recon] Epoch 15/200 | train_loss=-64.8832 val_loss=-68.1714 recon_metric=0.3073 constraint=0.0000 beta=0.5000 lr=9.88e-04
2026-05-29 21:46:36 [INFO] vae.train — [Class 5/Recon] New best val_loss=-68.1714 — checkpoint saved.
2026-05-29 21:46:45 [INFO] vae.train — [Class 5/Recon] Epoch 16/200 | train_loss=-65.4135 val_loss=-68.4612 recon_metric=0.2904 constraint=0.0000 beta=0.5000 lr=9.86e-04
2026-05-29 21:46:45 [INFO] vae.train — [Class 5/Recon] New best val_loss=-68.4612 — checkpoint saved.
2026-05-29 21:46:53 [INFO] vae.train — [Class 5/Recon] Epoch 17/200 | train_loss=-65.9966 val_loss=-67.0294 recon_metric=0.2909 constraint=0.0000 beta=0.5000 lr=9.84e-04
2026-05-29 21:47:02 [INFO] vae.train — [Class 5/Recon] Epoch 18/200 | train_loss=-66.5550 val_loss=-69.7209 recon_metric=0.2757 constraint=0.0000 beta=0.5000 lr=9.82e-04
2026-05-29 21:47:02 [INFO] vae.train — [Class 5/Recon] New best val_loss=-69.7209 — checkpoint saved.
2026-05-29 21:47:10 [INFO] vae.train — [Class 5/Recon] Epoch 19/200 | train_loss=-67.0105 val_loss=-69.4037 recon_metric=0.2891 constraint=0.0000 beta=0.5000 lr=9.80e-04
2026-05-29 21:47:19 [INFO] vae.train — [Class 5/Recon] Epoch 20/200 | train_loss=-67.5377 val_loss=-71.9588 recon_metric=0.2688 constraint=0.0000 beta=0.5000 lr=9.78e-04
2026-05-29 21:47:19 [INFO] vae.train — [Class 5/Recon] New best val_loss=-71.9588 — checkpoint saved.
2026-05-29 21:47:28 [INFO] vae.train — [Class 5/Recon] Epoch 21/200 | train_loss=-68.2002 val_loss=-73.3717 recon_metric=0.2660 constraint=0.0000 beta=0.5000 lr=9.76e-04
2026-05-29 21:47:28 [INFO] vae.train — [Class 5/Recon] New best val_loss=-73.3717 — checkpoint saved.
2026-05-29 21:47:37 [INFO] vae.train — [Class 5/Recon] Epoch 22/200 | train_loss=-68.4334 val_loss=-72.2506 recon_metric=0.2579 constraint=0.0000 beta=0.5000 lr=9.73e-04
2026-05-29 21:47:45 [INFO] vae.train — [Class 5/Recon] Epoch 23/200 | train_loss=-68.8125 val_loss=-72.2229 recon_metric=0.2572 constraint=0.0000 beta=0.5000 lr=9.70e-04
2026-05-29 21:47:54 [INFO] vae.train — [Class 5/Recon] Epoch 24/200 | train_loss=-68.7531 val_loss=-72.8202 recon_metric=0.2567 constraint=0.0000 beta=0.5000 lr=9.68e-04
2026-05-29 21:48:02 [INFO] vae.train — [Class 5/Recon] Epoch 25/200 | train_loss=-69.7190 val_loss=-71.4004 recon_metric=0.2523 constraint=0.0000 beta=0.5000 lr=9.65e-04
2026-05-29 21:48:08 [INFO] vae.train — [Class 5/Recon] Epoch 26/200 | train_loss=-70.1181 val_loss=-74.2148 recon_metric=0.2415 constraint=0.0000 beta=0.5000 lr=9.62e-04
2026-05-29 21:48:08 [INFO] vae.train — [Class 5/Recon] New best val_loss=-74.2148 — checkpoint saved.
2026-05-29 21:48:15 [INFO] vae.train — [Class 5/Recon] Epoch 27/200 | train_loss=-70.1095 val_loss=-71.4188 recon_metric=0.2394 constraint=0.0000 beta=0.5000 lr=9.59e-04
2026-05-29 21:48:21 [INFO] vae.train — [Class 5/Recon] Epoch 28/200 | train_loss=-70.6361 val_loss=-74.2755 recon_metric=0.2434 constraint=0.0000 beta=0.5000 lr=9.56e-04
2026-05-29 21:48:21 [INFO] vae.train — [Class 5/Recon] New best val_loss=-74.2755 — checkpoint saved.
2026-05-29 21:48:28 [INFO] vae.train — [Class 5/Recon] Epoch 29/200 | train_loss=-71.0498 val_loss=-75.8850 recon_metric=0.2261 constraint=0.0000 beta=0.5000 lr=9.52e-04
2026-05-29 21:48:28 [INFO] vae.train — [Class 5/Recon] New best val_loss=-75.8850 — checkpoint saved.
2026-05-29 21:48:36 [INFO] vae.train — [Class 5/Recon] Epoch 30/200 | train_loss=-71.1264 val_loss=-75.4285 recon_metric=0.2299 constraint=0.0000 beta=0.5000 lr=9.49e-04
2026-05-29 21:48:45 [INFO] vae.train — [Class 5/Recon] Epoch 31/200 | train_loss=-71.9255 val_loss=-75.4953 recon_metric=0.2450 constraint=0.0000 beta=0.5000 lr=9.46e-04
2026-05-29 21:48:54 [INFO] vae.train — [Class 5/Recon] Epoch 32/200 | train_loss=-71.7148 val_loss=-77.0074 recon_metric=0.2369 constraint=0.0000 beta=0.5000 lr=9.42e-04
2026-05-29 21:48:54 [INFO] vae.train — [Class 5/Recon] New best val_loss=-77.0074 — checkpoint saved.
2026-05-29 21:49:03 [INFO] vae.train — [Class 5/Recon] Epoch 33/200 | train_loss=-72.2584 val_loss=-75.4016 recon_metric=0.2542 constraint=0.0000 beta=0.5000 lr=9.38e-04
2026-05-29 21:49:11 [INFO] vae.train — [Class 5/Recon] Epoch 34/200 | train_loss=-71.7343 val_loss=-76.7733 recon_metric=0.2299 constraint=0.0000 beta=0.5000 lr=9.34e-04
2026-05-29 21:49:20 [INFO] vae.train — [Class 5/Recon] Epoch 35/200 | train_loss=-72.6181 val_loss=-75.9014 recon_metric=0.2255 constraint=0.0000 beta=0.5000 lr=9.30e-04
2026-05-29 21:49:29 [INFO] vae.train — [Class 5/Recon] Epoch 36/200 | train_loss=-73.1064 val_loss=-75.0441 recon_metric=0.2208 constraint=0.0000 beta=0.5000 lr=9.26e-04
2026-05-29 21:49:37 [INFO] vae.train — [Class 5/Recon] Epoch 37/200 | train_loss=-72.9324 val_loss=-76.8221 recon_metric=0.2289 constraint=0.0000 beta=0.5000 lr=9.22e-04
2026-05-29 21:49:46 [INFO] vae.train — [Class 5/Recon] Epoch 38/200 | train_loss=-73.1862 val_loss=-76.6578 recon_metric=0.2293 constraint=0.0000 beta=0.5000 lr=9.18e-04
2026-05-29 21:49:55 [INFO] vae.train — [Class 5/Recon] Epoch 39/200 | train_loss=-73.6087 val_loss=-74.6416 recon_metric=0.2354 constraint=0.0000 beta=0.5000 lr=9.14e-04
2026-05-29 21:50:03 [INFO] vae.train — [Class 5/Recon] Epoch 40/200 | train_loss=-73.5345 val_loss=-77.8767 recon_metric=0.2223 constraint=0.0000 beta=0.5000 lr=9.09e-04
2026-05-29 21:50:03 [INFO] vae.train — [Class 5/Recon] New best val_loss=-77.8767 — checkpoint saved.
2026-05-29 21:50:09 [INFO] vae.train — [Class 5/Recon] Epoch 41/200 | train_loss=-74.0547 val_loss=-77.9785 recon_metric=0.2220 constraint=0.0000 beta=0.5000 lr=9.05e-04
2026-05-29 21:50:09 [INFO] vae.train — [Class 5/Recon] New best val_loss=-77.9785 — checkpoint saved.
2026-05-29 21:50:16 [INFO] vae.train — [Class 5/Recon] Epoch 42/200 | train_loss=-73.9843 val_loss=-77.1317 recon_metric=0.2421 constraint=0.0000 beta=0.5000 lr=9.00e-04
2026-05-29 21:50:22 [INFO] vae.train — [Class 5/Recon] Epoch 43/200 | train_loss=-74.4219 val_loss=-77.7564 recon_metric=0.2099 constraint=0.0000 beta=0.5000 lr=8.95e-04
2026-05-29 21:50:29 [INFO] vae.train — [Class 5/Recon] Epoch 44/200 | train_loss=-74.3254 val_loss=-70.6456 recon_metric=0.2310 constraint=0.0000 beta=0.5000 lr=8.90e-04
2026-05-29 21:50:37 [INFO] vae.train — [Class 5/Recon] Epoch 45/200 | train_loss=-74.5284 val_loss=-75.3305 recon_metric=0.2030 constraint=0.0000 beta=0.5000 lr=8.85e-04
2026-05-29 21:50:46 [INFO] vae.train — [Class 5/Recon] Epoch 46/200 | train_loss=-74.7437 val_loss=-79.5310 recon_metric=0.2118 constraint=0.0000 beta=0.5000 lr=8.80e-04
2026-05-29 21:50:46 [INFO] vae.train — [Class 5/Recon] New best val_loss=-79.5310 — checkpoint saved.
2026-05-29 21:50:55 [INFO] vae.train — [Class 5/Recon] Epoch 47/200 | train_loss=-75.0888 val_loss=-80.2278 recon_metric=0.2114 constraint=0.0000 beta=0.5000 lr=8.75e-04
2026-05-29 21:50:55 [INFO] vae.train — [Class 5/Recon] New best val_loss=-80.2278 — checkpoint saved.
2026-05-29 21:51:04 [INFO] vae.train — [Class 5/Recon] Epoch 48/200 | train_loss=-75.6086 val_loss=-79.7441 recon_metric=0.2235 constraint=0.0000 beta=0.5000 lr=8.70e-04
2026-05-29 21:51:12 [INFO] vae.train — [Class 5/Recon] Epoch 49/200 | train_loss=-75.1660 val_loss=-78.8609 recon_metric=0.2167 constraint=0.0000 beta=0.5000 lr=8.64e-04
2026-05-29 21:51:21 [INFO] vae.train — [Class 5/Recon] Epoch 50/200 | train_loss=-75.6206 val_loss=-76.9768 recon_metric=0.2139 constraint=0.0000 beta=0.5000 lr=8.59e-04
2026-05-29 21:51:30 [INFO] vae.train — [Class 5/Recon] Epoch 51/200 | train_loss=-75.5987 val_loss=-78.3895 recon_metric=0.2139 constraint=0.0000 beta=0.5000 lr=8.54e-04
2026-05-29 21:51:39 [INFO] vae.train — [Class 5/Recon] Epoch 52/200 | train_loss=-75.3847 val_loss=-80.3375 recon_metric=0.2056 constraint=0.0000 beta=0.5000 lr=8.48e-04
2026-05-29 21:51:39 [INFO] vae.train — [Class 5/Recon] New best val_loss=-80.3375 — checkpoint saved.
2026-05-29 21:51:47 [INFO] vae.train — [Class 5/Recon] Epoch 53/200 | train_loss=-75.9566 val_loss=-79.7926 recon_metric=0.2234 constraint=0.0000 beta=0.5000 lr=8.42e-04
2026-05-29 21:51:56 [INFO] vae.train — [Class 5/Recon] Epoch 54/200 | train_loss=-76.0054 val_loss=-77.8282 recon_metric=0.2288 constraint=0.0000 beta=0.5000 lr=8.37e-04
2026-05-29 21:52:04 [INFO] vae.train — [Class 5/Recon] Epoch 55/200 | train_loss=-76.3257 val_loss=-80.7907 recon_metric=0.2028 constraint=0.0000 beta=0.5000 lr=8.31e-04
2026-05-29 21:52:04 [INFO] vae.train — [Class 5/Recon] New best val_loss=-80.7907 — checkpoint saved.
2026-05-29 21:52:10 [INFO] vae.train — [Class 5/Recon] Epoch 56/200 | train_loss=-76.3829 val_loss=-81.0619 recon_metric=0.2175 constraint=0.0000 beta=0.5000 lr=8.25e-04
2026-05-29 21:52:10 [INFO] vae.train — [Class 5/Recon] New best val_loss=-81.0619 — checkpoint saved.
2026-05-29 21:52:17 [INFO] vae.train — [Class 5/Recon] Epoch 57/200 | train_loss=-76.6216 val_loss=-80.5750 recon_metric=0.2204 constraint=0.0000 beta=0.5000 lr=8.19e-04
2026-05-29 21:52:23 [INFO] vae.train — [Class 5/Recon] Epoch 58/200 | train_loss=-76.6904 val_loss=-82.7260 recon_metric=0.1974 constraint=0.0000 beta=0.5000 lr=8.13e-04
2026-05-29 21:52:23 [INFO] vae.train — [Class 5/Recon] New best val_loss=-82.7260 — checkpoint saved.
2026-05-29 21:52:30 [INFO] vae.train — [Class 5/Recon] Epoch 59/200 | train_loss=-76.8789 val_loss=-79.9161 recon_metric=0.2259 constraint=0.0000 beta=0.5000 lr=8.06e-04
2026-05-29 21:52:38 [INFO] vae.train — [Class 5/Recon] Epoch 60/200 | train_loss=-77.0748 val_loss=-79.7809 recon_metric=0.2114 constraint=0.0000 beta=0.5000 lr=8.00e-04
2026-05-29 21:52:47 [INFO] vae.train — [Class 5/Recon] Epoch 61/200 | train_loss=-76.8653 val_loss=-81.7308 recon_metric=0.1987 constraint=0.0000 beta=0.5000 lr=7.94e-04
2026-05-29 21:52:55 [INFO] vae.train — [Class 5/Recon] Epoch 62/200 | train_loss=-77.2485 val_loss=-81.3161 recon_metric=0.2088 constraint=0.0000 beta=0.5000 lr=7.88e-04
2026-05-29 21:53:04 [INFO] vae.train — [Class 5/Recon] Epoch 63/200 | train_loss=-77.0522 val_loss=-81.7708 recon_metric=0.2099 constraint=0.0000 beta=0.5000 lr=7.81e-04
2026-05-29 21:53:13 [INFO] vae.train — [Class 5/Recon] Epoch 64/200 | train_loss=-77.0481 val_loss=-82.4208 recon_metric=0.2004 constraint=0.0000 beta=0.5000 lr=7.75e-04
2026-05-29 21:53:21 [INFO] vae.train — [Class 5/Recon] Epoch 65/200 | train_loss=-77.8275 val_loss=-81.8188 recon_metric=0.2122 constraint=0.0000 beta=0.5000 lr=7.68e-04
2026-05-29 21:53:30 [INFO] vae.train — [Class 5/Recon] Epoch 66/200 | train_loss=-77.7253 val_loss=-80.7089 recon_metric=0.2081 constraint=0.0000 beta=0.5000 lr=7.61e-04
2026-05-29 21:53:39 [INFO] vae.train — [Class 5/Recon] Epoch 67/200 | train_loss=-77.9236 val_loss=-81.5494 recon_metric=0.1995 constraint=0.0000 beta=0.5000 lr=7.55e-04
2026-05-29 21:53:47 [INFO] vae.train — [Class 5/Recon] Epoch 68/200 | train_loss=-78.3303 val_loss=-83.1803 recon_metric=0.2052 constraint=0.0000 beta=0.5000 lr=7.48e-04
2026-05-29 21:53:47 [INFO] vae.train — [Class 5/Recon] New best val_loss=-83.1803 — checkpoint saved.
2026-05-29 21:53:56 [INFO] vae.train — [Class 5/Recon] Epoch 69/200 | train_loss=-78.6423 val_loss=-82.6781 recon_metric=0.1996 constraint=0.0000 beta=0.5000 lr=7.41e-04
2026-05-29 21:54:04 [INFO] vae.train — [Class 5/Recon] Epoch 70/200 | train_loss=-78.5481 val_loss=-81.6533 recon_metric=0.1993 constraint=0.0000 beta=0.5000 lr=7.34e-04
2026-05-29 21:54:10 [INFO] vae.train — [Class 5/Recon] Epoch 71/200 | train_loss=-79.2556 val_loss=-83.6549 recon_metric=0.2014 constraint=0.0000 beta=0.5000 lr=7.27e-04
2026-05-29 21:54:10 [INFO] vae.train — [Class 5/Recon] New best val_loss=-83.6549 — checkpoint saved.
2026-05-29 21:54:17 [INFO] vae.train — [Class 5/Recon] Epoch 72/200 | train_loss=-79.4699 val_loss=-82.1444 recon_metric=0.2001 constraint=0.0000 beta=0.5000 lr=7.20e-04
2026-05-29 21:54:23 [INFO] vae.train — [Class 5/Recon] Epoch 73/200 | train_loss=-79.2199 val_loss=-83.8064 recon_metric=0.2057 constraint=0.0000 beta=0.5000 lr=7.13e-04
2026-05-29 21:54:23 [INFO] vae.train — [Class 5/Recon] New best val_loss=-83.8064 — checkpoint saved.
2026-05-29 21:54:30 [INFO] vae.train — [Class 5/Recon] Epoch 74/200 | train_loss=-79.8496 val_loss=-84.2395 recon_metric=0.2072 constraint=0.0000 beta=0.5000 lr=7.06e-04
2026-05-29 21:54:30 [INFO] vae.train — [Class 5/Recon] New best val_loss=-84.2395 — checkpoint saved.
2026-05-29 21:54:39 [INFO] vae.train — [Class 5/Recon] Epoch 75/200 | train_loss=-79.7112 val_loss=-83.4175 recon_metric=0.2014 constraint=0.0000 beta=0.5000 lr=6.99e-04
2026-05-29 21:54:47 [INFO] vae.train — [Class 5/Recon] Epoch 76/200 | train_loss=-79.9899 val_loss=-83.5919 recon_metric=0.1973 constraint=0.0000 beta=0.5000 lr=6.91e-04
2026-05-29 21:54:56 [INFO] vae.train — [Class 5/Recon] Epoch 77/200 | train_loss=-80.0904 val_loss=-84.3697 recon_metric=0.2004 constraint=0.0000 beta=0.5000 lr=6.84e-04
2026-05-29 21:54:56 [INFO] vae.train — [Class 5/Recon] New best val_loss=-84.3697 — checkpoint saved.
2026-05-29 21:55:05 [INFO] vae.train — [Class 5/Recon] Epoch 78/200 | train_loss=-80.0883 val_loss=-84.0319 recon_metric=0.1947 constraint=0.0000 beta=0.5000 lr=6.77e-04
2026-05-29 21:55:13 [INFO] vae.train — [Class 5/Recon] Epoch 79/200 | train_loss=-80.3327 val_loss=-82.8851 recon_metric=0.2072 constraint=0.0000 beta=0.5000 lr=6.69e-04
2026-05-29 21:55:22 [INFO] vae.train — [Class 5/Recon] Epoch 80/200 | train_loss=-80.2925 val_loss=-84.5938 recon_metric=0.1971 constraint=0.0000 beta=0.5000 lr=6.62e-04
2026-05-29 21:55:22 [INFO] vae.train — [Class 5/Recon] New best val_loss=-84.5938 — checkpoint saved.
2026-05-29 21:55:30 [INFO] vae.train — [Class 5/Recon] Epoch 81/200 | train_loss=-80.5785 val_loss=-85.3872 recon_metric=0.2035 constraint=0.0000 beta=0.5000 lr=6.55e-04
2026-05-29 21:55:30 [INFO] vae.train — [Class 5/Recon] New best val_loss=-85.3872 — checkpoint saved.
2026-05-29 21:55:39 [INFO] vae.train — [Class 5/Recon] Epoch 82/200 | train_loss=-80.5614 val_loss=-85.4688 recon_metric=0.2053 constraint=0.0000 beta=0.5000 lr=6.47e-04
2026-05-29 21:55:39 [INFO] vae.train — [Class 5/Recon] New best val_loss=-85.4688 — checkpoint saved.
2026-05-29 21:55:48 [INFO] vae.train — [Class 5/Recon] Epoch 83/200 | train_loss=-81.0301 val_loss=-85.3217 recon_metric=0.1973 constraint=0.0000 beta=0.5000 lr=6.39e-04
2026-05-29 21:55:56 [INFO] vae.train — [Class 5/Recon] Epoch 84/200 | train_loss=-80.9251 val_loss=-83.2365 recon_metric=0.1991 constraint=0.0000 beta=0.5000 lr=6.32e-04
2026-05-29 21:56:04 [INFO] vae.train — [Class 5/Recon] Epoch 85/200 | train_loss=-80.8510 val_loss=-85.4430 recon_metric=0.2201 constraint=0.0000 beta=0.5000 lr=6.24e-04
2026-05-29 21:56:10 [INFO] vae.train — [Class 5/Recon] Epoch 86/200 | train_loss=-81.3196 val_loss=-84.6555 recon_metric=0.2113 constraint=0.0000 beta=0.5000 lr=6.17e-04
2026-05-29 21:56:17 [INFO] vae.train — [Class 5/Recon] Epoch 87/200 | train_loss=-81.1706 val_loss=-86.0776 recon_metric=0.2036 constraint=0.0000 beta=0.5000 lr=6.09e-04
2026-05-29 21:56:17 [INFO] vae.train — [Class 5/Recon] New best val_loss=-86.0776 — checkpoint saved.
2026-05-29 21:56:23 [INFO] vae.train — [Class 5/Recon] Epoch 88/200 | train_loss=-81.6434 val_loss=-84.3334 recon_metric=0.1981 constraint=0.0000 beta=0.5000 lr=6.01e-04
2026-05-29 21:56:30 [INFO] vae.train — [Class 5/Recon] Epoch 89/200 | train_loss=-81.6629 val_loss=-85.3493 recon_metric=0.1982 constraint=0.0000 beta=0.5000 lr=5.94e-04
2026-05-29 21:56:39 [INFO] vae.train — [Class 5/Recon] Epoch 90/200 | train_loss=-81.5034 val_loss=-84.9709 recon_metric=0.1988 constraint=0.0000 beta=0.5000 lr=5.86e-04
2026-05-29 21:56:47 [INFO] vae.train — [Class 5/Recon] Epoch 91/200 | train_loss=-81.5373 val_loss=-82.4107 recon_metric=0.2113 constraint=0.0000 beta=0.5000 lr=5.78e-04
2026-05-29 21:56:56 [INFO] vae.train — [Class 5/Recon] Epoch 92/200 | train_loss=-81.6011 val_loss=-86.3023 recon_metric=0.2000 constraint=0.0000 beta=0.5000 lr=5.70e-04
2026-05-29 21:56:56 [INFO] vae.train — [Class 5/Recon] New best val_loss=-86.3023 — checkpoint saved.
2026-05-29 21:57:05 [INFO] vae.train — [Class 5/Recon] Epoch 93/200 | train_loss=-81.8826 val_loss=-85.6796 recon_metric=0.1992 constraint=0.0000 beta=0.5000 lr=5.63e-04
2026-05-29 21:57:14 [INFO] vae.train — [Class 5/Recon] Epoch 94/200 | train_loss=-82.1523 val_loss=-85.7011 recon_metric=0.2039 constraint=0.0000 beta=0.5000 lr=5.55e-04
2026-05-29 21:57:22 [INFO] vae.train — [Class 5/Recon] Epoch 95/200 | train_loss=-82.3369 val_loss=-87.2499 recon_metric=0.1955 constraint=0.0000 beta=0.5000 lr=5.47e-04
2026-05-29 21:57:22 [INFO] vae.train — [Class 5/Recon] New best val_loss=-87.2499 — checkpoint saved.
2026-05-29 21:57:31 [INFO] vae.train — [Class 5/Recon] Epoch 96/200 | train_loss=-82.2676 val_loss=-85.8271 recon_metric=0.2041 constraint=0.0000 beta=0.5000 lr=5.39e-04
2026-05-29 21:57:40 [INFO] vae.train — [Class 5/Recon] Epoch 97/200 | train_loss=-82.2866 val_loss=-84.2711 recon_metric=0.2056 constraint=0.0000 beta=0.5000 lr=5.31e-04
2026-05-29 21:57:48 [INFO] vae.train — [Class 5/Recon] Epoch 98/200 | train_loss=-82.2804 val_loss=-87.2217 recon_metric=0.1975 constraint=0.0000 beta=0.5000 lr=5.24e-04
2026-05-29 21:57:57 [INFO] vae.train — [Class 5/Recon] Epoch 99/200 | train_loss=-82.6700 val_loss=-87.3091 recon_metric=0.1936 constraint=0.0000 beta=0.5000 lr=5.16e-04
2026-05-29 21:57:57 [INFO] vae.train — [Class 5/Recon] New best val_loss=-87.3091 — checkpoint saved.
2026-05-29 21:58:04 [INFO] vae.train — [Class 5/Recon] Epoch 100/200 | train_loss=-82.5238 val_loss=-86.3255 recon_metric=0.1962 constraint=0.0000 beta=0.5000 lr=5.08e-04
2026-05-29 21:58:11 [INFO] vae.train — [Class 5/Recon] Epoch 101/200 | train_loss=-82.4926 val_loss=-85.0032 recon_metric=0.2005 constraint=0.0000 beta=0.5000 lr=5.00e-04
2026-05-29 21:58:17 [INFO] vae.train — [Class 5/Recon] Epoch 102/200 | train_loss=-82.8853 val_loss=-86.5245 recon_metric=0.1945 constraint=0.0000 beta=0.5000 lr=4.92e-04
2026-05-29 21:58:24 [INFO] vae.train — [Class 5/Recon] Epoch 103/200 | train_loss=-82.6852 val_loss=-86.7584 recon_metric=0.2008 constraint=0.0000 beta=0.5000 lr=4.84e-04
2026-05-29 21:58:30 [INFO] vae.train — [Class 5/Recon] Epoch 104/200 | train_loss=-82.8518 val_loss=-85.7985 recon_metric=0.1946 constraint=0.0000 beta=0.5000 lr=4.76e-04
2026-05-29 21:58:39 [INFO] vae.train — [Class 5/Recon] Epoch 105/200 | train_loss=-82.9179 val_loss=-87.1974 recon_metric=0.1981 constraint=0.0000 beta=0.5000 lr=4.69e-04
2026-05-29 21:58:47 [INFO] vae.train — [Class 5/Recon] Epoch 106/200 | train_loss=-83.0792 val_loss=-86.9775 recon_metric=0.1946 constraint=0.0000 beta=0.5000 lr=4.61e-04
2026-05-29 21:58:56 [INFO] vae.train — [Class 5/Recon] Epoch 107/200 | train_loss=-83.3207 val_loss=-87.0534 recon_metric=0.1980 constraint=0.0000 beta=0.5000 lr=4.53e-04
2026-05-29 21:59:04 [INFO] vae.train — [Class 5/Recon] Epoch 108/200 | train_loss=-83.2531 val_loss=-87.3664 recon_metric=0.1931 constraint=0.0000 beta=0.5000 lr=4.45e-04
2026-05-29 21:59:04 [INFO] vae.train — [Class 5/Recon] New best val_loss=-87.3664 — checkpoint saved.
2026-05-29 21:59:13 [INFO] vae.train — [Class 5/Recon] Epoch 109/200 | train_loss=-83.3919 val_loss=-86.9515 recon_metric=0.1945 constraint=0.0000 beta=0.5000 lr=4.37e-04
2026-05-29 21:59:22 [INFO] vae.train — [Class 5/Recon] Epoch 110/200 | train_loss=-83.5156 val_loss=-87.2356 recon_metric=0.1929 constraint=0.0000 beta=0.5000 lr=4.30e-04
2026-05-29 21:59:30 [INFO] vae.train — [Class 5/Recon] Epoch 111/200 | train_loss=-83.6835 val_loss=-88.0076 recon_metric=0.1907 constraint=0.0000 beta=0.5000 lr=4.22e-04
2026-05-29 21:59:30 [INFO] vae.train — [Class 5/Recon] New best val_loss=-88.0076 — checkpoint saved.
2026-05-29 21:59:38 [INFO] vae.train — [Class 5/Recon] Epoch 112/200 | train_loss=-83.5835 val_loss=-86.9030 recon_metric=0.1944 constraint=0.0000 beta=0.5000 lr=4.14e-04
2026-05-29 21:59:47 [INFO] vae.train — [Class 5/Recon] Epoch 113/200 | train_loss=-83.3505 val_loss=-87.7749 recon_metric=0.1937 constraint=0.0000 beta=0.5000 lr=4.06e-04
2026-05-29 21:59:55 [INFO] vae.train — [Class 5/Recon] Epoch 114/200 | train_loss=-83.7486 val_loss=-88.2462 recon_metric=0.1956 constraint=0.0000 beta=0.5000 lr=3.99e-04
2026-05-29 21:59:55 [INFO] vae.train — [Class 5/Recon] New best val_loss=-88.2462 — checkpoint saved.
2026-05-29 22:00:03 [INFO] vae.train — [Class 5/Recon] Epoch 115/200 | train_loss=-83.8914 val_loss=-87.3399 recon_metric=0.1949 constraint=0.0000 beta=0.5000 lr=3.91e-04
2026-05-29 22:00:09 [INFO] vae.train — [Class 5/Recon] Epoch 116/200 | train_loss=-84.0292 val_loss=-87.2217 recon_metric=0.1923 constraint=0.0000 beta=0.5000 lr=3.83e-04
2026-05-29 22:00:16 [INFO] vae.train — [Class 5/Recon] Epoch 117/200 | train_loss=-84.0116 val_loss=-88.1596 recon_metric=0.1875 constraint=0.0000 beta=0.5000 lr=3.76e-04
2026-05-29 22:00:22 [INFO] vae.train — [Class 5/Recon] Epoch 118/200 | train_loss=-83.9327 val_loss=-88.5500 recon_metric=0.1891 constraint=0.0000 beta=0.5000 lr=3.68e-04
2026-05-29 22:00:22 [INFO] vae.train — [Class 5/Recon] New best val_loss=-88.5500 — checkpoint saved.
2026-05-29 22:00:29 [INFO] vae.train — [Class 5/Recon] Epoch 119/200 | train_loss=-84.0904 val_loss=-87.1064 recon_metric=0.1882 constraint=0.0000 beta=0.5000 lr=3.61e-04
2026-05-29 22:00:37 [INFO] vae.train — [Class 5/Recon] Epoch 120/200 | train_loss=-84.2167 val_loss=-79.2023 recon_metric=0.1917 constraint=0.0000 beta=0.5000 lr=3.53e-04
2026-05-29 22:00:46 [INFO] vae.train — [Class 5/Recon] Epoch 121/200 | train_loss=-84.1957 val_loss=-88.7718 recon_metric=0.1899 constraint=0.0000 beta=0.5000 lr=3.45e-04
2026-05-29 22:00:46 [INFO] vae.train — [Class 5/Recon] New best val_loss=-88.7718 — checkpoint saved.
2026-05-29 22:00:55 [INFO] vae.train — [Class 5/Recon] Epoch 122/200 | train_loss=-84.3072 val_loss=-88.7926 recon_metric=0.1891 constraint=0.0000 beta=0.5000 lr=3.38e-04
2026-05-29 22:00:55 [INFO] vae.train — [Class 5/Recon] New best val_loss=-88.7926 — checkpoint saved.
2026-05-29 22:01:04 [INFO] vae.train — [Class 5/Recon] Epoch 123/200 | train_loss=-84.3729 val_loss=-84.5356 recon_metric=0.1927 constraint=0.0000 beta=0.5000 lr=3.31e-04
2026-05-29 22:01:12 [INFO] vae.train — [Class 5/Recon] Epoch 124/200 | train_loss=-84.3676 val_loss=-88.5827 recon_metric=0.1876 constraint=0.0000 beta=0.5000 lr=3.23e-04
2026-05-29 22:01:21 [INFO] vae.train — [Class 5/Recon] Epoch 125/200 | train_loss=-84.6847 val_loss=-88.9559 recon_metric=0.1660 constraint=0.0000 beta=0.5000 lr=3.16e-04
2026-05-29 22:01:21 [INFO] vae.train — [Class 5/Recon] New best val_loss=-88.9559 — checkpoint saved.
2026-05-29 22:01:30 [INFO] vae.train — [Class 5/Recon] Epoch 126/200 | train_loss=-84.9618 val_loss=-88.7411 recon_metric=0.1447 constraint=0.0000 beta=0.5000 lr=3.09e-04
2026-05-29 22:01:39 [INFO] vae.train — [Class 5/Recon] Epoch 127/200 | train_loss=-85.1740 val_loss=-87.5665 recon_metric=0.1410 constraint=0.0000 beta=0.5000 lr=3.01e-04
2026-05-29 22:01:48 [INFO] vae.train — [Class 5/Recon] Epoch 128/200 | train_loss=-85.0925 val_loss=-89.4480 recon_metric=0.1412 constraint=0.0000 beta=0.5000 lr=2.94e-04
2026-05-29 22:01:48 [INFO] vae.train — [Class 5/Recon] New best val_loss=-89.4480 — checkpoint saved.
2026-05-29 22:01:56 [INFO] vae.train — [Class 5/Recon] Epoch 129/200 | train_loss=-85.2217 val_loss=-89.8291 recon_metric=0.1380 constraint=0.0000 beta=0.5000 lr=2.87e-04
2026-05-29 22:01:56 [INFO] vae.train — [Class 5/Recon] New best val_loss=-89.8291 — checkpoint saved.
2026-05-29 22:02:03 [INFO] vae.train — [Class 5/Recon] Epoch 130/200 | train_loss=-85.4848 val_loss=-89.6965 recon_metric=0.1359 constraint=0.0000 beta=0.5000 lr=2.80e-04
2026-05-29 22:02:10 [INFO] vae.train — [Class 5/Recon] Epoch 131/200 | train_loss=-85.5072 val_loss=-89.7500 recon_metric=0.1381 constraint=0.0000 beta=0.5000 lr=2.73e-04
2026-05-29 22:02:17 [INFO] vae.train — [Class 5/Recon] Epoch 132/200 | train_loss=-85.6071 val_loss=-89.5716 recon_metric=0.1386 constraint=0.0000 beta=0.5000 lr=2.66e-04
2026-05-29 22:02:23 [INFO] vae.train — [Class 5/Recon] Epoch 133/200 | train_loss=-85.5097 val_loss=-89.6330 recon_metric=0.1354 constraint=0.0000 beta=0.5000 lr=2.59e-04
2026-05-29 22:02:30 [INFO] vae.train — [Class 5/Recon] Epoch 134/200 | train_loss=-85.6526 val_loss=-90.1547 recon_metric=0.1327 constraint=0.0000 beta=0.5000 lr=2.52e-04
2026-05-29 22:02:30 [INFO] vae.train — [Class 5/Recon] New best val_loss=-90.1547 — checkpoint saved.
2026-05-29 22:02:39 [INFO] vae.train — [Class 5/Recon] Epoch 135/200 | train_loss=-85.7858 val_loss=-89.9773 recon_metric=0.1328 constraint=0.0000 beta=0.5000 lr=2.45e-04
2026-05-29 22:02:47 [INFO] vae.train — [Class 5/Recon] Epoch 136/200 | train_loss=-85.8930 val_loss=-88.8252 recon_metric=0.1317 constraint=0.0000 beta=0.5000 lr=2.39e-04
2026-05-29 22:02:56 [INFO] vae.train — [Class 5/Recon] Epoch 137/200 | train_loss=-85.8389 val_loss=-90.3436 recon_metric=0.1323 constraint=0.0000 beta=0.5000 lr=2.32e-04
2026-05-29 22:02:56 [INFO] vae.train — [Class 5/Recon] New best val_loss=-90.3436 — checkpoint saved.
2026-05-29 22:03:05 [INFO] vae.train — [Class 5/Recon] Epoch 138/200 | train_loss=-85.8866 val_loss=-91.0232 recon_metric=0.1300 constraint=0.0000 beta=0.5000 lr=2.25e-04
2026-05-29 22:03:05 [INFO] vae.train — [Class 5/Recon] New best val_loss=-91.0232 — checkpoint saved.
2026-05-29 22:03:14 [INFO] vae.train — [Class 5/Recon] Epoch 139/200 | train_loss=-85.9907 val_loss=-90.1321 recon_metric=0.1293 constraint=0.0000 beta=0.5000 lr=2.19e-04
2026-05-29 22:03:22 [INFO] vae.train — [Class 5/Recon] Epoch 140/200 | train_loss=-86.1327 val_loss=-90.0285 recon_metric=0.1285 constraint=0.0000 beta=0.5000 lr=2.12e-04
2026-05-29 22:03:31 [INFO] vae.train — [Class 5/Recon] Epoch 141/200 | train_loss=-86.1651 val_loss=-91.0193 recon_metric=0.1280 constraint=0.0000 beta=0.5000 lr=2.06e-04
2026-05-29 22:03:40 [INFO] vae.train — [Class 5/Recon] Epoch 142/200 | train_loss=-86.2188 val_loss=-90.8774 recon_metric=0.1278 constraint=0.0000 beta=0.5000 lr=2.00e-04
2026-05-29 22:03:48 [INFO] vae.train — [Class 5/Recon] Epoch 143/200 | train_loss=-86.2967 val_loss=-89.7585 recon_metric=0.1300 constraint=0.0000 beta=0.5000 lr=1.94e-04
2026-05-29 22:03:57 [INFO] vae.train — [Class 5/Recon] Epoch 144/200 | train_loss=-86.3604 val_loss=-90.8871 recon_metric=0.1262 constraint=0.0000 beta=0.5000 lr=1.87e-04
2026-05-29 22:04:04 [INFO] vae.train — [Class 5/Recon] Epoch 145/200 | train_loss=-86.3611 val_loss=-91.1283 recon_metric=0.1262 constraint=0.0000 beta=0.5000 lr=1.81e-04
2026-05-29 22:04:04 [INFO] vae.train — [Class 5/Recon] New best val_loss=-91.1283 — checkpoint saved.
2026-05-29 22:04:11 [INFO] vae.train — [Class 5/Recon] Epoch 146/200 | train_loss=-86.5757 val_loss=-91.1937 recon_metric=0.1261 constraint=0.0000 beta=0.5000 lr=1.75e-04
2026-05-29 22:04:11 [INFO] vae.train — [Class 5/Recon] New best val_loss=-91.1937 — checkpoint saved.
2026-05-29 22:04:17 [INFO] vae.train — [Class 5/Recon] Epoch 147/200 | train_loss=-86.5749 val_loss=-90.8521 recon_metric=0.1269 constraint=0.0000 beta=0.5000 lr=1.69e-04
2026-05-29 22:04:24 [INFO] vae.train — [Class 5/Recon] Epoch 148/200 | train_loss=-86.5678 val_loss=-91.4517 recon_metric=0.1261 constraint=0.0000 beta=0.5000 lr=1.63e-04
2026-05-29 22:04:24 [INFO] vae.train — [Class 5/Recon] New best val_loss=-91.4517 — checkpoint saved.
2026-05-29 22:04:31 [INFO] vae.train — [Class 5/Recon] Epoch 149/200 | train_loss=-86.6395 val_loss=-90.7251 recon_metric=0.1268 constraint=0.0000 beta=0.5000 lr=1.58e-04
2026-05-29 22:04:39 [INFO] vae.train — [Class 5/Recon] Epoch 150/200 | train_loss=-86.7699 val_loss=-91.3345 recon_metric=0.1248 constraint=0.0000 beta=0.5000 lr=1.52e-04
2026-05-29 22:04:47 [INFO] vae.train — [Class 5/Recon] Epoch 151/200 | train_loss=-86.7491 val_loss=-90.9275 recon_metric=0.1256 constraint=0.0000 beta=0.5000 lr=1.46e-04
2026-05-29 22:04:56 [INFO] vae.train — [Class 5/Recon] Epoch 152/200 | train_loss=-86.7940 val_loss=-91.0505 recon_metric=0.1256 constraint=0.0000 beta=0.5000 lr=1.41e-04
2026-05-29 22:05:04 [INFO] vae.train — [Class 5/Recon] Epoch 153/200 | train_loss=-86.8517 val_loss=-91.6354 recon_metric=0.1246 constraint=0.0000 beta=0.5000 lr=1.36e-04
2026-05-29 22:05:04 [INFO] vae.train — [Class 5/Recon] New best val_loss=-91.6354 — checkpoint saved.
2026-05-29 22:05:13 [INFO] vae.train — [Class 5/Recon] Epoch 154/200 | train_loss=-86.9023 val_loss=-91.2316 recon_metric=0.1248 constraint=0.0000 beta=0.5000 lr=1.30e-04
2026-05-29 22:05:22 [INFO] vae.train — [Class 5/Recon] Epoch 155/200 | train_loss=-87.0042 val_loss=-91.4429 recon_metric=0.1241 constraint=0.0000 beta=0.5000 lr=1.25e-04
2026-05-29 22:05:30 [INFO] vae.train — [Class 5/Recon] Epoch 156/200 | train_loss=-87.0176 val_loss=-91.4194 recon_metric=0.1246 constraint=0.0000 beta=0.5000 lr=1.20e-04
2026-05-29 22:05:38 [INFO] vae.train — [Class 5/Recon] Epoch 157/200 | train_loss=-87.0341 val_loss=-91.8585 recon_metric=0.1251 constraint=0.0000 beta=0.5000 lr=1.15e-04
2026-05-29 22:05:38 [INFO] vae.train — [Class 5/Recon] New best val_loss=-91.8585 — checkpoint saved.
2026-05-29 22:05:47 [INFO] vae.train — [Class 5/Recon] Epoch 158/200 | train_loss=-87.0516 val_loss=-91.6051 recon_metric=0.1241 constraint=0.0000 beta=0.5000 lr=1.10e-04
2026-05-29 22:05:55 [INFO] vae.train — [Class 5/Recon] Epoch 159/200 | train_loss=-87.1301 val_loss=-91.7564 recon_metric=0.1235 constraint=0.0000 beta=0.5000 lr=1.05e-04
2026-05-29 22:06:03 [INFO] vae.train — [Class 5/Recon] Epoch 160/200 | train_loss=-87.1614 val_loss=-92.0569 recon_metric=0.1234 constraint=0.0000 beta=0.5000 lr=1.00e-04
2026-05-29 22:06:03 [INFO] vae.train — [Class 5/Recon] New best val_loss=-92.0569 — checkpoint saved.
2026-05-29 22:06:10 [INFO] vae.train — [Class 5/Recon] Epoch 161/200 | train_loss=-87.2490 val_loss=-91.9169 recon_metric=0.1236 constraint=0.0000 beta=0.5000 lr=9.55e-05
2026-05-29 22:06:16 [INFO] vae.train — [Class 5/Recon] Epoch 162/200 | train_loss=-87.2528 val_loss=-91.9944 recon_metric=0.1231 constraint=0.0000 beta=0.5000 lr=9.09e-05
2026-05-29 22:06:23 [INFO] vae.train — [Class 5/Recon] Epoch 163/200 | train_loss=-87.2901 val_loss=-92.1755 recon_metric=0.1228 constraint=0.0000 beta=0.5000 lr=8.65e-05
2026-05-29 22:06:23 [INFO] vae.train — [Class 5/Recon] New best val_loss=-92.1755 — checkpoint saved.
2026-05-29 22:06:29 [INFO] vae.train — [Class 5/Recon] Epoch 164/200 | train_loss=-87.3328 val_loss=-91.9207 recon_metric=0.1228 constraint=0.0000 beta=0.5000 lr=8.21e-05
2026-05-29 22:06:38 [INFO] vae.train — [Class 5/Recon] Epoch 165/200 | train_loss=-87.3293 val_loss=-92.3285 recon_metric=0.1229 constraint=0.0000 beta=0.5000 lr=7.78e-05
2026-05-29 22:06:38 [INFO] vae.train — [Class 5/Recon] New best val_loss=-92.3285 — checkpoint saved.
2026-05-29 22:06:47 [INFO] vae.train — [Class 5/Recon] Epoch 166/200 | train_loss=-87.3731 val_loss=-92.1406 recon_metric=0.1228 constraint=0.0000 beta=0.5000 lr=7.37e-05
2026-05-29 22:06:56 [INFO] vae.train — [Class 5/Recon] Epoch 167/200 | train_loss=-87.4552 val_loss=-92.3272 recon_metric=0.1224 constraint=0.0000 beta=0.5000 lr=6.96e-05
2026-05-29 22:07:04 [INFO] vae.train — [Class 5/Recon] Epoch 168/200 | train_loss=-87.4669 val_loss=-92.0353 recon_metric=0.1230 constraint=0.0000 beta=0.5000 lr=6.57e-05
2026-05-29 22:07:13 [INFO] vae.train — [Class 5/Recon] Epoch 169/200 | train_loss=-87.5053 val_loss=-92.3732 recon_metric=0.1222 constraint=0.0000 beta=0.5000 lr=6.18e-05
2026-05-29 22:07:13 [INFO] vae.train — [Class 5/Recon] New best val_loss=-92.3732 — checkpoint saved.
2026-05-29 22:07:22 [INFO] vae.train — [Class 5/Recon] Epoch 170/200 | train_loss=-87.5318 val_loss=-92.4320 recon_metric=0.1228 constraint=0.0000 beta=0.5000 lr=5.81e-05
2026-05-29 22:07:22 [INFO] vae.train — [Class 5/Recon] New best val_loss=-92.4320 — checkpoint saved.
2026-05-29 22:07:30 [INFO] vae.train — [Class 5/Recon] Epoch 171/200 | train_loss=-87.5869 val_loss=-92.3025 recon_metric=0.1223 constraint=0.0000 beta=0.5000 lr=5.45e-05
2026-05-29 22:07:39 [INFO] vae.train — [Class 5/Recon] Epoch 172/200 | train_loss=-87.5950 val_loss=-92.5457 recon_metric=0.1221 constraint=0.0000 beta=0.5000 lr=5.10e-05
2026-05-29 22:07:39 [INFO] vae.train — [Class 5/Recon] New best val_loss=-92.5457 — checkpoint saved.
2026-05-29 22:07:48 [INFO] vae.train — [Class 5/Recon] Epoch 173/200 | train_loss=-87.6364 val_loss=-92.4840 recon_metric=0.1229 constraint=0.0000 beta=0.5000 lr=4.76e-05
2026-05-29 22:07:57 [INFO] vae.train — [Class 5/Recon] Epoch 174/200 | train_loss=-87.6634 val_loss=-92.5116 recon_metric=0.1223 constraint=0.0000 beta=0.5000 lr=4.43e-05
2026-05-29 22:08:04 [INFO] vae.train — [Class 5/Recon] Epoch 175/200 | train_loss=-87.6736 val_loss=-92.5907 recon_metric=0.1219 constraint=0.0000 beta=0.5000 lr=4.11e-05
2026-05-29 22:08:04 [INFO] vae.train — [Class 5/Recon] New best val_loss=-92.5907 — checkpoint saved.
2026-05-29 22:08:11 [INFO] vae.train — [Class 5/Recon] Epoch 176/200 | train_loss=-87.6902 val_loss=-92.5266 recon_metric=0.1218 constraint=0.0000 beta=0.5000 lr=3.81e-05
2026-05-29 22:08:17 [INFO] vae.train — [Class 5/Recon] Epoch 177/200 | train_loss=-87.7269 val_loss=-92.5995 recon_metric=0.1219 constraint=0.0000 beta=0.5000 lr=3.51e-05
2026-05-29 22:08:17 [INFO] vae.train — [Class 5/Recon] New best val_loss=-92.5995 — checkpoint saved.
2026-05-29 22:08:24 [INFO] vae.train — [Class 5/Recon] Epoch 178/200 | train_loss=-87.7483 val_loss=-92.7267 recon_metric=0.1219 constraint=0.0000 beta=0.5000 lr=3.23e-05
2026-05-29 22:08:24 [INFO] vae.train — [Class 5/Recon] New best val_loss=-92.7267 — checkpoint saved.
2026-05-29 22:08:30 [INFO] vae.train — [Class 5/Recon] Epoch 179/200 | train_loss=-87.7677 val_loss=-92.7213 recon_metric=0.1217 constraint=0.0000 beta=0.5000 lr=2.96e-05
2026-05-29 22:08:39 [INFO] vae.train — [Class 5/Recon] Epoch 180/200 | train_loss=-87.7674 val_loss=-92.7007 recon_metric=0.1216 constraint=0.0000 beta=0.5000 lr=2.70e-05
2026-05-29 22:08:48 [INFO] vae.train — [Class 5/Recon] Epoch 181/200 | train_loss=-87.8059 val_loss=-92.7216 recon_metric=0.1216 constraint=0.0000 beta=0.5000 lr=2.45e-05
2026-05-29 22:08:57 [INFO] vae.train — [Class 5/Recon] Epoch 182/200 | train_loss=-87.7989 val_loss=-92.5690 recon_metric=0.1217 constraint=0.0000 beta=0.5000 lr=2.21e-05
2026-05-29 22:09:06 [INFO] vae.train — [Class 5/Recon] Epoch 183/200 | train_loss=-87.8294 val_loss=-92.8633 recon_metric=0.1216 constraint=0.0000 beta=0.5000 lr=1.99e-05
2026-05-29 22:09:06 [INFO] vae.train — [Class 5/Recon] New best val_loss=-92.8633 — checkpoint saved.
2026-05-29 22:09:15 [INFO] vae.train — [Class 5/Recon] Epoch 184/200 | train_loss=-87.8723 val_loss=-92.8717 recon_metric=0.1218 constraint=0.0000 beta=0.5000 lr=1.77e-05
2026-05-29 22:09:15 [INFO] vae.train — [Class 5/Recon] New best val_loss=-92.8717 — checkpoint saved.
2026-05-29 22:09:23 [INFO] vae.train — [Class 5/Recon] Epoch 185/200 | train_loss=-87.8472 val_loss=-92.8615 recon_metric=0.1216 constraint=0.0000 beta=0.5000 lr=1.57e-05
2026-05-29 22:09:32 [INFO] vae.train — [Class 5/Recon] Epoch 186/200 | train_loss=-87.8691 val_loss=-92.8615 recon_metric=0.1217 constraint=0.0000 beta=0.5000 lr=1.38e-05
2026-05-29 22:09:41 [INFO] vae.train — [Class 5/Recon] Epoch 187/200 | train_loss=-87.9028 val_loss=-92.9503 recon_metric=0.1216 constraint=0.0000 beta=0.5000 lr=1.20e-05
2026-05-29 22:09:41 [INFO] vae.train — [Class 5/Recon] New best val_loss=-92.9503 — checkpoint saved.
2026-05-29 22:09:49 [INFO] vae.train — [Class 5/Recon] Epoch 188/200 | train_loss=-87.8966 val_loss=-92.9167 recon_metric=0.1215 constraint=0.0000 beta=0.5000 lr=1.04e-05
2026-05-29 22:09:58 [INFO] vae.train — [Class 5/Recon] Epoch 189/200 | train_loss=-87.8994 val_loss=-92.9696 recon_metric=0.1215 constraint=0.0000 beta=0.5000 lr=8.86e-06
2026-05-29 22:09:58 [INFO] vae.train — [Class 5/Recon] New best val_loss=-92.9696 — checkpoint saved.
2026-05-29 22:10:05 [INFO] vae.train — [Class 5/Recon] Epoch 190/200 | train_loss=-87.9047 val_loss=-92.9574 recon_metric=0.1215 constraint=0.0000 beta=0.5000 lr=7.45e-06
2026-05-29 22:10:12 [INFO] vae.train — [Class 5/Recon] Epoch 191/200 | train_loss=-87.9291 val_loss=-92.9886 recon_metric=0.1214 constraint=0.0000 beta=0.5000 lr=6.16e-06
2026-05-29 22:10:12 [INFO] vae.train — [Class 5/Recon] New best val_loss=-92.9886 — checkpoint saved.
2026-05-29 22:10:18 [INFO] vae.train — [Class 5/Recon] Epoch 192/200 | train_loss=-87.9322 val_loss=-92.9589 recon_metric=0.1214 constraint=0.0000 beta=0.5000 lr=4.99e-06
2026-05-29 22:10:25 [INFO] vae.train — [Class 5/Recon] Epoch 193/200 | train_loss=-87.9500 val_loss=-93.0232 recon_metric=0.1213 constraint=0.0000 beta=0.5000 lr=3.94e-06
2026-05-29 22:10:25 [INFO] vae.train — [Class 5/Recon] New best val_loss=-93.0232 — checkpoint saved.
2026-05-29 22:10:32 [INFO] vae.train — [Class 5/Recon] Epoch 194/200 | train_loss=-87.9376 val_loss=-93.0134 recon_metric=0.1214 constraint=0.0000 beta=0.5000 lr=3.02e-06
2026-05-29 22:10:40 [INFO] vae.train — [Class 5/Recon] Epoch 195/200 | train_loss=-87.9542 val_loss=-93.0285 recon_metric=0.1213 constraint=0.0000 beta=0.5000 lr=2.22e-06
2026-05-29 22:10:40 [INFO] vae.train — [Class 5/Recon] New best val_loss=-93.0285 — checkpoint saved.
2026-05-29 22:10:49 [INFO] vae.train — [Class 5/Recon] Epoch 196/200 | train_loss=-87.9420 val_loss=-93.0437 recon_metric=0.1214 constraint=0.0000 beta=0.5000 lr=1.54e-06
2026-05-29 22:10:49 [INFO] vae.train — [Class 5/Recon] New best val_loss=-93.0437 — checkpoint saved.
2026-05-29 22:10:57 [INFO] vae.train — [Class 5/Recon] Epoch 197/200 | train_loss=-87.9614 val_loss=-93.0521 recon_metric=0.1213 constraint=0.0000 beta=0.5000 lr=9.87e-07
2026-05-29 22:10:57 [INFO] vae.train — [Class 5/Recon] New best val_loss=-93.0521 — checkpoint saved.
2026-05-29 22:11:06 [INFO] vae.train — [Class 5/Recon] Epoch 198/200 | train_loss=-87.9488 val_loss=-93.0560 recon_metric=0.1213 constraint=0.0000 beta=0.5000 lr=5.55e-07
2026-05-29 22:11:06 [INFO] vae.train — [Class 5/Recon] New best val_loss=-93.0560 — checkpoint saved.
2026-05-29 22:11:15 [INFO] vae.train — [Class 5/Recon] Epoch 199/200 | train_loss=-87.9519 val_loss=-93.0548 recon_metric=0.1213 constraint=0.0000 beta=0.5000 lr=2.47e-07
2026-05-29 22:11:23 [INFO] vae.train — [Class 5/Recon] Epoch 200/200 | train_loss=-87.9608 val_loss=-93.0570 recon_metric=0.1213 constraint=0.0000 beta=0.5000 lr=6.17e-08
2026-05-29 22:11:23 [INFO] vae.train — [Class 5/Recon] New best val_loss=-93.0570 — checkpoint saved.
2026-05-29 22:11:24 [INFO] vae.train — [Class 5/Recon] Curves saved to D:\thesis_final\results\vae\laplace_rerun_20260529\curves_Recon_laplace_rerun_20260529.png
2026-05-29 22:11:24 [INFO] __main__ — Reloading checkpoint from D:\thesis_final\models\vae\vae_class_5_Recon_laplace_rerun_20260529.pt
2026-05-29 22:11:24 [INFO] vae.dataset — Class 5: 50353 samples loaded
2026-05-29 22:11:24 [INFO] vae.diagnostics — === Running diagnostics for class 5 (Recon) ===
2026-05-29 22:11:24 [INFO] vae.diagnostics — Loaded validator via attack.validator.validate_batch
2026-05-29 22:11:24 [INFO] vae.diagnostics — [1/4] Posterior collapse check ...
2026-05-29 22:11:24 [INFO] vae.diagnostics — Posterior collapse: 0/16 dims below threshold 0.010
2026-05-29 22:11:24 [INFO] vae.diagnostics — [2/4] Per-feature reconstruction error ...
2026-05-29 22:11:24 [INFO] vae.diagnostics — Per-feature recon: protocol top-1=0.9979, worst feature=Time_To_Live (0.4254)
2026-05-29 22:11:24 [INFO] vae.diagnostics — [3/4] Unconditional sample validity (n=1000) ...
2026-05-29 22:11:24 [INFO] vae.diagnostics — Unconditional validity after raw_postprocess: 1.0000 overall (1000/1000 valid)
2026-05-29 22:11:24 [INFO] vae.diagnostics — Unconditional validity before raw_postprocess: 1.0000 overall (1000/1000 valid)
2026-05-29 22:11:24 [INFO] vae.diagnostics — Protocol-binary consistency: 1.0 (as expected)
2026-05-29 22:11:24 [INFO] vae.diagnostics — [4/4] Conditional reconstruction validity ...
2026-05-29 22:11:24 [INFO] vae.diagnostics — Conditional validity after raw_postprocess: 1.0000 overall (1000/1000 valid)
2026-05-29 22:11:24 [INFO] vae.diagnostics — Conditional validity before raw_postprocess: 1.0000 overall (1000/1000 valid)
2026-05-29 22:11:24 [INFO] vae.diagnostics — Diagnostics written to D:\thesis_final\results\vae\laplace_rerun_20260529\diagnostics_Recon.json
2026-05-29 22:11:24 [INFO] __main__ — Manifest updated for class Recon
2026-05-29 22:11:24 [INFO] __main__ — Class Recon done: best_val_loss=-93.0570 epochs=200 collapsed=0 uncond_pre=100.00% uncond_post=100.00% cond_pre=100.00% cond_post=100.00% proto_acc=99.79%
2026-05-29 22:11:24 [INFO] __main__ — ========== Training class 6/Spoofing ==========
2026-05-29 22:11:24 [INFO] vae.train — [Class 6/Spoofing] Loading split arrays from D:\thesis_final
2026-05-29 22:11:24 [INFO] vae.train — [Class 6/Spoofing] 8-class split: train=260015, val=37145
2026-05-29 22:11:24 [INFO] vae.dataset — Class 6: 260015 samples loaded
2026-05-29 22:11:24 [INFO] vae.dataset — Class 6: 37145 samples loaded
2026-05-29 22:11:24 [INFO] vae.train — [Class 6/Spoofing] Protocol class weights: [0.0639, 0.2314, 2.8439, 0.0068, 0.01, 2.8439]
2026-05-29 22:11:24 [INFO] vae.train — [Class 6/Spoofing] Model: latent_dim=16, beta_target=0.5000, params=32887
2026-05-29 22:11:31 [INFO] vae.train — [Class 6/Spoofing] Epoch 1/200 | train_loss=-22.1959 val_loss=-42.4449 recon_metric=0.9696 constraint=0.0000 beta=0.0500 lr=1.00e-03
2026-05-29 22:11:31 [INFO] vae.train — [Class 6/Spoofing] New best val_loss=-42.4449 — checkpoint saved.
2026-05-29 22:11:37 [INFO] vae.train — [Class 6/Spoofing] Epoch 2/200 | train_loss=-45.0908 val_loss=-48.3844 recon_metric=0.8396 constraint=0.0000 beta=0.1000 lr=1.00e-03
2026-05-29 22:11:37 [INFO] vae.train — [Class 6/Spoofing] New best val_loss=-48.3844 — checkpoint saved.
2026-05-29 22:11:44 [INFO] vae.train — [Class 6/Spoofing] Epoch 3/200 | train_loss=-48.2120 val_loss=-50.6067 recon_metric=0.7483 constraint=0.0000 beta=0.1500 lr=1.00e-03
2026-05-29 22:11:44 [INFO] vae.train — [Class 6/Spoofing] New best val_loss=-50.6067 — checkpoint saved.
2026-05-29 22:11:50 [INFO] vae.train — [Class 6/Spoofing] Epoch 4/200 | train_loss=-49.3934 val_loss=-50.4406 recon_metric=0.7018 constraint=0.0000 beta=0.2000 lr=9.99e-04
2026-05-29 22:11:56 [INFO] vae.train — [Class 6/Spoofing] Epoch 5/200 | train_loss=-50.1705 val_loss=-50.9537 recon_metric=0.6233 constraint=0.0000 beta=0.2500 lr=9.99e-04
2026-05-29 22:11:56 [INFO] vae.train — [Class 6/Spoofing] New best val_loss=-50.9537 — checkpoint saved.
2026-05-29 22:12:02 [INFO] vae.train — [Class 6/Spoofing] Epoch 6/200 | train_loss=-50.7705 val_loss=-52.7655 recon_metric=0.5179 constraint=0.0000 beta=0.3000 lr=9.98e-04
2026-05-29 22:12:02 [INFO] vae.train — [Class 6/Spoofing] New best val_loss=-52.7655 — checkpoint saved.
2026-05-29 22:12:07 [INFO] vae.train — [Class 6/Spoofing] Epoch 7/200 | train_loss=-51.8131 val_loss=-54.7362 recon_metric=0.4578 constraint=0.0000 beta=0.3500 lr=9.98e-04
2026-05-29 22:12:07 [INFO] vae.train — [Class 6/Spoofing] New best val_loss=-54.7362 — checkpoint saved.
2026-05-29 22:12:12 [INFO] vae.train — [Class 6/Spoofing] Epoch 8/200 | train_loss=-52.5975 val_loss=-55.4825 recon_metric=0.4975 constraint=0.0000 beta=0.4000 lr=9.97e-04
2026-05-29 22:12:12 [INFO] vae.train — [Class 6/Spoofing] New best val_loss=-55.4825 — checkpoint saved.
2026-05-29 22:12:17 [INFO] vae.train — [Class 6/Spoofing] Epoch 9/200 | train_loss=-52.9900 val_loss=-55.4951 recon_metric=0.4649 constraint=0.0000 beta=0.4500 lr=9.96e-04
2026-05-29 22:12:17 [INFO] vae.train — [Class 6/Spoofing] New best val_loss=-55.4951 — checkpoint saved.
2026-05-29 22:12:21 [INFO] vae.train — [Class 6/Spoofing] Epoch 10/200 | train_loss=-53.3129 val_loss=-56.8637 recon_metric=0.4002 constraint=0.0000 beta=0.5000 lr=9.95e-04
2026-05-29 22:12:21 [INFO] vae.train — [Class 6/Spoofing] New best val_loss=-56.8637 — checkpoint saved.
2026-05-29 22:12:26 [INFO] vae.train — [Class 6/Spoofing] Epoch 11/200 | train_loss=-53.7359 val_loss=-55.2863 recon_metric=0.3723 constraint=0.0000 beta=0.5000 lr=9.94e-04
2026-05-29 22:12:32 [INFO] vae.train — [Class 6/Spoofing] Epoch 12/200 | train_loss=-54.7845 val_loss=-58.5177 recon_metric=0.3492 constraint=0.0000 beta=0.5000 lr=9.93e-04
2026-05-29 22:12:32 [INFO] vae.train — [Class 6/Spoofing] New best val_loss=-58.5177 — checkpoint saved.
2026-05-29 22:12:38 [INFO] vae.train — [Class 6/Spoofing] Epoch 13/200 | train_loss=-55.8126 val_loss=-59.0782 recon_metric=0.3341 constraint=0.0000 beta=0.5000 lr=9.91e-04
2026-05-29 22:12:38 [INFO] vae.train — [Class 6/Spoofing] New best val_loss=-59.0782 — checkpoint saved.
2026-05-29 22:12:45 [INFO] vae.train — [Class 6/Spoofing] Epoch 14/200 | train_loss=-56.5149 val_loss=-60.0017 recon_metric=0.3247 constraint=0.0000 beta=0.5000 lr=9.90e-04
2026-05-29 22:12:45 [INFO] vae.train — [Class 6/Spoofing] New best val_loss=-60.0017 — checkpoint saved.
2026-05-29 22:12:51 [INFO] vae.train — [Class 6/Spoofing] Epoch 15/200 | train_loss=-57.2003 val_loss=-60.4954 recon_metric=0.3090 constraint=0.0000 beta=0.5000 lr=9.88e-04
2026-05-29 22:12:51 [INFO] vae.train — [Class 6/Spoofing] New best val_loss=-60.4954 — checkpoint saved.
2026-05-29 22:12:58 [INFO] vae.train — [Class 6/Spoofing] Epoch 16/200 | train_loss=-57.5559 val_loss=-58.8017 recon_metric=0.3042 constraint=0.0000 beta=0.5000 lr=9.86e-04
2026-05-29 22:13:04 [INFO] vae.train — [Class 6/Spoofing] Epoch 17/200 | train_loss=-58.3004 val_loss=-61.6608 recon_metric=0.2877 constraint=0.0000 beta=0.5000 lr=9.84e-04
2026-05-29 22:13:04 [INFO] vae.train — [Class 6/Spoofing] New best val_loss=-61.6608 — checkpoint saved.
2026-05-29 22:13:11 [INFO] vae.train — [Class 6/Spoofing] Epoch 18/200 | train_loss=-58.5702 val_loss=-59.7381 recon_metric=0.2957 constraint=0.0000 beta=0.5000 lr=9.82e-04
2026-05-29 22:13:17 [INFO] vae.train — [Class 6/Spoofing] Epoch 19/200 | train_loss=-59.1119 val_loss=-60.5696 recon_metric=0.2796 constraint=0.0000 beta=0.5000 lr=9.80e-04
2026-05-29 22:13:23 [INFO] vae.train — [Class 6/Spoofing] Epoch 20/200 | train_loss=-59.3844 val_loss=-61.4523 recon_metric=0.2760 constraint=0.0000 beta=0.5000 lr=9.78e-04
2026-05-29 22:13:30 [INFO] vae.train — [Class 6/Spoofing] Epoch 21/200 | train_loss=-59.7205 val_loss=-61.6488 recon_metric=0.2770 constraint=0.0000 beta=0.5000 lr=9.76e-04
2026-05-29 22:13:36 [INFO] vae.train — [Class 6/Spoofing] Epoch 22/200 | train_loss=-60.0987 val_loss=-63.6756 recon_metric=0.2584 constraint=0.0000 beta=0.5000 lr=9.73e-04
2026-05-29 22:13:36 [INFO] vae.train — [Class 6/Spoofing] New best val_loss=-63.6756 — checkpoint saved.
2026-05-29 22:13:43 [INFO] vae.train — [Class 6/Spoofing] Epoch 23/200 | train_loss=-60.4753 val_loss=-62.1049 recon_metric=0.2899 constraint=0.0000 beta=0.5000 lr=9.70e-04
2026-05-29 22:13:49 [INFO] vae.train — [Class 6/Spoofing] Epoch 24/200 | train_loss=-60.5611 val_loss=-62.3171 recon_metric=0.2550 constraint=0.0000 beta=0.5000 lr=9.68e-04
2026-05-29 22:13:55 [INFO] vae.train — [Class 6/Spoofing] Epoch 25/200 | train_loss=-60.9307 val_loss=-63.0087 recon_metric=0.2589 constraint=0.0000 beta=0.5000 lr=9.65e-04
2026-05-29 22:14:01 [INFO] vae.train — [Class 6/Spoofing] Epoch 26/200 | train_loss=-61.4096 val_loss=-64.2613 recon_metric=0.2512 constraint=0.0000 beta=0.5000 lr=9.62e-04
2026-05-29 22:14:01 [INFO] vae.train — [Class 6/Spoofing] New best val_loss=-64.2613 — checkpoint saved.
2026-05-29 22:14:06 [INFO] vae.train — [Class 6/Spoofing] Epoch 27/200 | train_loss=-61.3236 val_loss=-64.5786 recon_metric=0.2513 constraint=0.0000 beta=0.5000 lr=9.59e-04
2026-05-29 22:14:06 [INFO] vae.train — [Class 6/Spoofing] New best val_loss=-64.5786 — checkpoint saved.
2026-05-29 22:14:11 [INFO] vae.train — [Class 6/Spoofing] Epoch 28/200 | train_loss=-61.9890 val_loss=-64.9725 recon_metric=0.2589 constraint=0.0000 beta=0.5000 lr=9.56e-04
2026-05-29 22:14:11 [INFO] vae.train — [Class 6/Spoofing] New best val_loss=-64.9725 — checkpoint saved.
2026-05-29 22:14:16 [INFO] vae.train — [Class 6/Spoofing] Epoch 29/200 | train_loss=-63.3482 val_loss=-65.1844 recon_metric=0.2515 constraint=0.0000 beta=0.5000 lr=9.52e-04
2026-05-29 22:14:16 [INFO] vae.train — [Class 6/Spoofing] New best val_loss=-65.1844 — checkpoint saved.
2026-05-29 22:14:21 [INFO] vae.train — [Class 6/Spoofing] Epoch 30/200 | train_loss=-64.4729 val_loss=-68.0146 recon_metric=0.2443 constraint=0.0000 beta=0.5000 lr=9.49e-04
2026-05-29 22:14:21 [INFO] vae.train — [Class 6/Spoofing] New best val_loss=-68.0146 — checkpoint saved.
2026-05-29 22:14:26 [INFO] vae.train — [Class 6/Spoofing] Epoch 31/200 | train_loss=-64.7615 val_loss=-68.2691 recon_metric=0.2523 constraint=0.0000 beta=0.5000 lr=9.46e-04
2026-05-29 22:14:26 [INFO] vae.train — [Class 6/Spoofing] New best val_loss=-68.2691 — checkpoint saved.
2026-05-29 22:14:30 [INFO] vae.train — [Class 6/Spoofing] Epoch 32/200 | train_loss=-65.0584 val_loss=-68.0168 recon_metric=0.2423 constraint=0.0000 beta=0.5000 lr=9.42e-04
2026-05-29 22:14:37 [INFO] vae.train — [Class 6/Spoofing] Epoch 33/200 | train_loss=-65.3216 val_loss=-66.5046 recon_metric=0.2572 constraint=0.0000 beta=0.5000 lr=9.38e-04
2026-05-29 22:14:44 [INFO] vae.train — [Class 6/Spoofing] Epoch 34/200 | train_loss=-65.4271 val_loss=-67.8864 recon_metric=0.2309 constraint=0.0000 beta=0.5000 lr=9.34e-04
2026-05-29 22:14:50 [INFO] vae.train — [Class 6/Spoofing] Epoch 35/200 | train_loss=-65.6486 val_loss=-70.0889 recon_metric=0.2355 constraint=0.0000 beta=0.5000 lr=9.30e-04
2026-05-29 22:14:50 [INFO] vae.train — [Class 6/Spoofing] New best val_loss=-70.0889 — checkpoint saved.
2026-05-29 22:14:57 [INFO] vae.train — [Class 6/Spoofing] Epoch 36/200 | train_loss=-65.9545 val_loss=-70.0982 recon_metric=0.2321 constraint=0.0000 beta=0.5000 lr=9.26e-04
2026-05-29 22:14:57 [INFO] vae.train — [Class 6/Spoofing] New best val_loss=-70.0982 — checkpoint saved.
2026-05-29 22:15:03 [INFO] vae.train — [Class 6/Spoofing] Epoch 37/200 | train_loss=-66.1959 val_loss=-69.2300 recon_metric=0.2396 constraint=0.0000 beta=0.5000 lr=9.22e-04
2026-05-29 22:15:10 [INFO] vae.train — [Class 6/Spoofing] Epoch 38/200 | train_loss=-65.9735 val_loss=-61.4900 recon_metric=0.2547 constraint=0.0000 beta=0.5000 lr=9.18e-04
2026-05-29 22:15:16 [INFO] vae.train — [Class 6/Spoofing] Epoch 39/200 | train_loss=-66.4334 val_loss=-68.1022 recon_metric=0.2252 constraint=0.0000 beta=0.5000 lr=9.14e-04
2026-05-29 22:15:22 [INFO] vae.train — [Class 6/Spoofing] Epoch 40/200 | train_loss=-66.4559 val_loss=-68.2354 recon_metric=0.2303 constraint=0.0000 beta=0.5000 lr=9.09e-04
2026-05-29 22:15:29 [INFO] vae.train — [Class 6/Spoofing] Epoch 41/200 | train_loss=-66.8013 val_loss=-70.6250 recon_metric=0.2149 constraint=0.0000 beta=0.5000 lr=9.05e-04
2026-05-29 22:15:29 [INFO] vae.train — [Class 6/Spoofing] New best val_loss=-70.6250 — checkpoint saved.
2026-05-29 22:15:35 [INFO] vae.train — [Class 6/Spoofing] Epoch 42/200 | train_loss=-66.7186 val_loss=-69.5888 recon_metric=0.2448 constraint=0.0000 beta=0.5000 lr=9.00e-04
2026-05-29 22:15:41 [INFO] vae.train — [Class 6/Spoofing] Epoch 43/200 | train_loss=-66.9686 val_loss=-70.9199 recon_metric=0.2227 constraint=0.0000 beta=0.5000 lr=8.95e-04
2026-05-29 22:15:41 [INFO] vae.train — [Class 6/Spoofing] New best val_loss=-70.9199 — checkpoint saved.
2026-05-29 22:15:48 [INFO] vae.train — [Class 6/Spoofing] Epoch 44/200 | train_loss=-66.9118 val_loss=-67.1051 recon_metric=0.2391 constraint=0.0000 beta=0.5000 lr=8.90e-04
2026-05-29 22:15:54 [INFO] vae.train — [Class 6/Spoofing] Epoch 45/200 | train_loss=-67.2630 val_loss=-70.7583 recon_metric=0.2217 constraint=0.0000 beta=0.5000 lr=8.85e-04
2026-05-29 22:16:00 [INFO] vae.train — [Class 6/Spoofing] Epoch 46/200 | train_loss=-67.4603 val_loss=-67.7672 recon_metric=0.2454 constraint=0.0000 beta=0.5000 lr=8.80e-04
2026-05-29 22:16:05 [INFO] vae.train — [Class 6/Spoofing] Epoch 47/200 | train_loss=-67.2688 val_loss=-71.8431 recon_metric=0.2519 constraint=0.0000 beta=0.5000 lr=8.75e-04
2026-05-29 22:16:05 [INFO] vae.train — [Class 6/Spoofing] New best val_loss=-71.8431 — checkpoint saved.
2026-05-29 22:16:10 [INFO] vae.train — [Class 6/Spoofing] Epoch 48/200 | train_loss=-67.5555 val_loss=-71.4176 recon_metric=0.2224 constraint=0.0000 beta=0.5000 lr=8.70e-04
2026-05-29 22:16:15 [INFO] vae.train — [Class 6/Spoofing] Epoch 49/200 | train_loss=-67.8307 val_loss=-72.7083 recon_metric=0.2132 constraint=0.0000 beta=0.5000 lr=8.64e-04
2026-05-29 22:16:15 [INFO] vae.train — [Class 6/Spoofing] New best val_loss=-72.7083 — checkpoint saved.
2026-05-29 22:16:19 [INFO] vae.train — [Class 6/Spoofing] Epoch 50/200 | train_loss=-67.8115 val_loss=-71.6875 recon_metric=0.2330 constraint=0.0000 beta=0.5000 lr=8.59e-04
2026-05-29 22:16:24 [INFO] vae.train — [Class 6/Spoofing] Epoch 51/200 | train_loss=-68.1012 val_loss=-71.0608 recon_metric=0.2320 constraint=0.0000 beta=0.5000 lr=8.54e-04
2026-05-29 22:16:29 [INFO] vae.train — [Class 6/Spoofing] Epoch 52/200 | train_loss=-67.5925 val_loss=-70.8397 recon_metric=0.2272 constraint=0.0000 beta=0.5000 lr=8.48e-04
2026-05-29 22:16:35 [INFO] vae.train — [Class 6/Spoofing] Epoch 53/200 | train_loss=-68.0071 val_loss=-70.0536 recon_metric=0.2188 constraint=0.0000 beta=0.5000 lr=8.42e-04
2026-05-29 22:16:41 [INFO] vae.train — [Class 6/Spoofing] Epoch 54/200 | train_loss=-68.5115 val_loss=-72.8979 recon_metric=0.2130 constraint=0.0000 beta=0.5000 lr=8.37e-04
2026-05-29 22:16:41 [INFO] vae.train — [Class 6/Spoofing] New best val_loss=-72.8979 — checkpoint saved.
2026-05-29 22:16:48 [INFO] vae.train — [Class 6/Spoofing] Epoch 55/200 | train_loss=-68.4506 val_loss=-68.0757 recon_metric=0.2324 constraint=0.0000 beta=0.5000 lr=8.31e-04
2026-05-29 22:16:54 [INFO] vae.train — [Class 6/Spoofing] Epoch 56/200 | train_loss=-68.5442 val_loss=-71.5970 recon_metric=0.2313 constraint=0.0000 beta=0.5000 lr=8.25e-04
2026-05-29 22:17:00 [INFO] vae.train — [Class 6/Spoofing] Epoch 57/200 | train_loss=-68.9813 val_loss=-68.4697 recon_metric=0.2175 constraint=0.0000 beta=0.5000 lr=8.19e-04
2026-05-29 22:17:07 [INFO] vae.train — [Class 6/Spoofing] Epoch 58/200 | train_loss=-68.2901 val_loss=-72.5153 recon_metric=0.2229 constraint=0.0000 beta=0.5000 lr=8.13e-04
2026-05-29 22:17:13 [INFO] vae.train — [Class 6/Spoofing] Epoch 59/200 | train_loss=-68.8372 val_loss=-72.9172 recon_metric=0.2168 constraint=0.0000 beta=0.5000 lr=8.06e-04
2026-05-29 22:17:13 [INFO] vae.train — [Class 6/Spoofing] New best val_loss=-72.9172 — checkpoint saved.
2026-05-29 22:17:19 [INFO] vae.train — [Class 6/Spoofing] Epoch 60/200 | train_loss=-68.9233 val_loss=-70.8822 recon_metric=0.2255 constraint=0.0000 beta=0.5000 lr=8.00e-04
2026-05-29 22:17:26 [INFO] vae.train — [Class 6/Spoofing] Epoch 61/200 | train_loss=-68.8483 val_loss=-73.2372 recon_metric=0.2172 constraint=0.0000 beta=0.5000 lr=7.94e-04
2026-05-29 22:17:26 [INFO] vae.train — [Class 6/Spoofing] New best val_loss=-73.2372 — checkpoint saved.
2026-05-29 22:17:32 [INFO] vae.train — [Class 6/Spoofing] Epoch 62/200 | train_loss=-69.0543 val_loss=-72.8069 recon_metric=0.2145 constraint=0.0000 beta=0.5000 lr=7.88e-04
2026-05-29 22:17:39 [INFO] vae.train — [Class 6/Spoofing] Epoch 63/200 | train_loss=-69.3202 val_loss=-74.7268 recon_metric=0.2118 constraint=0.0000 beta=0.5000 lr=7.81e-04
2026-05-29 22:17:39 [INFO] vae.train — [Class 6/Spoofing] New best val_loss=-74.7268 — checkpoint saved.
2026-05-29 22:17:45 [INFO] vae.train — [Class 6/Spoofing] Epoch 64/200 | train_loss=-69.5807 val_loss=-74.8704 recon_metric=0.2218 constraint=0.0000 beta=0.5000 lr=7.75e-04
2026-05-29 22:17:45 [INFO] vae.train — [Class 6/Spoofing] New best val_loss=-74.8704 — checkpoint saved.
2026-05-29 22:17:51 [INFO] vae.train — [Class 6/Spoofing] Epoch 65/200 | train_loss=-69.7909 val_loss=-74.9638 recon_metric=0.2239 constraint=0.0000 beta=0.5000 lr=7.68e-04
2026-05-29 22:17:51 [INFO] vae.train — [Class 6/Spoofing] New best val_loss=-74.9638 — checkpoint saved.
2026-05-29 22:17:58 [INFO] vae.train — [Class 6/Spoofing] Epoch 66/200 | train_loss=-69.6996 val_loss=-71.1973 recon_metric=0.2241 constraint=0.0000 beta=0.5000 lr=7.61e-04
2026-05-29 22:18:03 [INFO] vae.train — [Class 6/Spoofing] Epoch 67/200 | train_loss=-69.9127 val_loss=-73.5444 recon_metric=0.2209 constraint=0.0000 beta=0.5000 lr=7.55e-04
2026-05-29 22:18:08 [INFO] vae.train — [Class 6/Spoofing] Epoch 68/200 | train_loss=-70.0354 val_loss=-73.4534 recon_metric=0.2234 constraint=0.0000 beta=0.5000 lr=7.48e-04
2026-05-29 22:18:13 [INFO] vae.train — [Class 6/Spoofing] Epoch 69/200 | train_loss=-69.7087 val_loss=-74.7011 recon_metric=0.2128 constraint=0.0000 beta=0.5000 lr=7.41e-04
2026-05-29 22:18:18 [INFO] vae.train — [Class 6/Spoofing] Epoch 70/200 | train_loss=-70.5645 val_loss=-74.9285 recon_metric=0.2188 constraint=0.0000 beta=0.5000 lr=7.34e-04
2026-05-29 22:18:22 [INFO] vae.train — [Class 6/Spoofing] Epoch 71/200 | train_loss=-70.4809 val_loss=-74.9603 recon_metric=0.2188 constraint=0.0000 beta=0.5000 lr=7.27e-04
2026-05-29 22:18:27 [INFO] vae.train — [Class 6/Spoofing] Epoch 72/200 | train_loss=-70.7427 val_loss=-74.8931 recon_metric=0.2181 constraint=0.0000 beta=0.5000 lr=7.20e-04
2026-05-29 22:18:33 [INFO] vae.train — [Class 6/Spoofing] Epoch 73/200 | train_loss=-70.1563 val_loss=-70.8076 recon_metric=0.2277 constraint=0.0000 beta=0.5000 lr=7.13e-04
2026-05-29 22:18:40 [INFO] vae.train — [Class 6/Spoofing] Epoch 74/200 | train_loss=-71.1504 val_loss=-74.8102 recon_metric=0.2186 constraint=0.0000 beta=0.5000 lr=7.06e-04
2026-05-29 22:18:46 [INFO] vae.train — [Class 6/Spoofing] Epoch 75/200 | train_loss=-70.4668 val_loss=-73.5768 recon_metric=0.2233 constraint=0.0000 beta=0.5000 lr=6.99e-04
2026-05-29 22:18:46 [INFO] vae.train — [Class 6/Spoofing] Early stop after 75 epochs (patience=10).
2026-05-29 22:18:46 [INFO] vae.train — [Class 6/Spoofing] Curves saved to D:\thesis_final\results\vae\laplace_rerun_20260529\curves_Spoofing_laplace_rerun_20260529.png
2026-05-29 22:18:46 [INFO] __main__ — Reloading checkpoint from D:\thesis_final\models\vae\vae_class_6_Spoofing_laplace_rerun_20260529.pt
2026-05-29 22:18:46 [INFO] vae.dataset — Class 6: 37145 samples loaded
2026-05-29 22:18:46 [INFO] vae.diagnostics — === Running diagnostics for class 6 (Spoofing) ===
2026-05-29 22:18:46 [INFO] vae.diagnostics — Loaded validator via attack.validator.validate_batch
2026-05-29 22:18:46 [INFO] vae.diagnostics — [1/4] Posterior collapse check ...
2026-05-29 22:18:47 [INFO] vae.diagnostics — Posterior collapse: 0/16 dims below threshold 0.010
2026-05-29 22:18:47 [INFO] vae.diagnostics — [2/4] Per-feature reconstruction error ...
2026-05-29 22:18:47 [INFO] vae.diagnostics — Per-feature recon: protocol top-1=0.9986, worst feature=Time_To_Live (2.3453)
2026-05-29 22:18:47 [INFO] vae.diagnostics — [3/4] Unconditional sample validity (n=1000) ...
2026-05-29 22:18:47 [INFO] vae.diagnostics — Unconditional validity after raw_postprocess: 1.0000 overall (1000/1000 valid)
2026-05-29 22:18:47 [INFO] vae.diagnostics — Unconditional validity before raw_postprocess: 1.0000 overall (1000/1000 valid)
2026-05-29 22:18:47 [INFO] vae.diagnostics — Protocol-binary consistency: 1.0 (as expected)
2026-05-29 22:18:47 [INFO] vae.diagnostics — [4/4] Conditional reconstruction validity ...
2026-05-29 22:18:47 [INFO] vae.diagnostics — Conditional validity after raw_postprocess: 1.0000 overall (1000/1000 valid)
2026-05-29 22:18:47 [INFO] vae.diagnostics — Conditional validity before raw_postprocess: 1.0000 overall (1000/1000 valid)
2026-05-29 22:18:47 [INFO] vae.diagnostics — Diagnostics written to D:\thesis_final\results\vae\laplace_rerun_20260529\diagnostics_Spoofing.json
2026-05-29 22:18:47 [INFO] __main__ — Manifest updated for class Spoofing
2026-05-29 22:18:47 [INFO] __main__ — Class Spoofing done: best_val_loss=-74.9638 epochs=75 collapsed=0 uncond_pre=100.00% uncond_post=100.00% cond_pre=100.00% cond_post=100.00% proto_acc=99.86%
2026-05-29 22:18:47 [INFO] __main__ — ========== Training class 7/Web ==========
2026-05-29 22:18:47 [INFO] vae.train — [Class 7/Web] Loading split arrays from D:\thesis_final
2026-05-29 22:18:47 [INFO] vae.train — [Class 7/Web] 8-class split: train=16659, val=2380
2026-05-29 22:18:47 [INFO] vae.dataset — Class 7: 16659 samples loaded
2026-05-29 22:18:47 [INFO] vae.dataset — Class 7: 2380 samples loaded
2026-05-29 22:18:47 [INFO] vae.train — [Class 7/Web] Protocol class weights: [0.1809, 0.3729, 2.6893, 0.024, 0.0435, 2.6893]
2026-05-29 22:18:47 [INFO] vae.train — [Class 7/Web] Model: latent_dim=16, beta_target=0.5000, params=32887
2026-05-29 22:18:47 [INFO] vae.train — [Class 7/Web] Epoch 1/200 | train_loss=55.7407 val_loss=16.9311 recon_metric=3.0375 constraint=0.0000 beta=0.0500 lr=1.00e-03
2026-05-29 22:18:47 [INFO] vae.train — [Class 7/Web] New best val_loss=16.9311 — checkpoint saved.
2026-05-29 22:18:48 [INFO] vae.train — [Class 7/Web] Epoch 2/200 | train_loss=4.2752 val_loss=-5.1268 recon_metric=2.6566 constraint=0.0000 beta=0.1000 lr=1.00e-03
2026-05-29 22:18:48 [INFO] vae.train — [Class 7/Web] New best val_loss=-5.1268 — checkpoint saved.
2026-05-29 22:18:48 [INFO] vae.train — [Class 7/Web] Epoch 3/200 | train_loss=-9.3223 val_loss=-12.4549 recon_metric=2.1609 constraint=0.0000 beta=0.1500 lr=1.00e-03
2026-05-29 22:18:48 [INFO] vae.train — [Class 7/Web] New best val_loss=-12.4549 — checkpoint saved.
2026-05-29 22:18:49 [INFO] vae.train — [Class 7/Web] Epoch 4/200 | train_loss=-14.5569 val_loss=-17.3378 recon_metric=1.7601 constraint=0.0000 beta=0.2000 lr=9.99e-04
2026-05-29 22:18:49 [INFO] vae.train — [Class 7/Web] New best val_loss=-17.3378 — checkpoint saved.
2026-05-29 22:18:49 [INFO] vae.train — [Class 7/Web] Epoch 5/200 | train_loss=-18.9010 val_loss=-21.8204 recon_metric=1.1357 constraint=0.0000 beta=0.2500 lr=9.99e-04
2026-05-29 22:18:49 [INFO] vae.train — [Class 7/Web] New best val_loss=-21.8204 — checkpoint saved.
2026-05-29 22:18:49 [INFO] vae.train — [Class 7/Web] Epoch 6/200 | train_loss=-21.3565 val_loss=-23.7480 recon_metric=0.9719 constraint=0.0000 beta=0.3000 lr=9.98e-04
2026-05-29 22:18:49 [INFO] vae.train — [Class 7/Web] New best val_loss=-23.7480 — checkpoint saved.
2026-05-29 22:18:50 [INFO] vae.train — [Class 7/Web] Epoch 7/200 | train_loss=-22.8552 val_loss=-25.1488 recon_metric=0.9662 constraint=0.0000 beta=0.3500 lr=9.98e-04
2026-05-29 22:18:50 [INFO] vae.train — [Class 7/Web] New best val_loss=-25.1488 — checkpoint saved.
2026-05-29 22:18:50 [INFO] vae.train — [Class 7/Web] Epoch 8/200 | train_loss=-24.1531 val_loss=-27.0796 recon_metric=0.9164 constraint=0.0000 beta=0.4000 lr=9.97e-04
2026-05-29 22:18:50 [INFO] vae.train — [Class 7/Web] New best val_loss=-27.0796 — checkpoint saved.
2026-05-29 22:18:51 [INFO] vae.train — [Class 7/Web] Epoch 9/200 | train_loss=-25.6295 val_loss=-28.9187 recon_metric=0.9090 constraint=0.0000 beta=0.4500 lr=9.96e-04
2026-05-29 22:18:51 [INFO] vae.train — [Class 7/Web] New best val_loss=-28.9187 — checkpoint saved.
2026-05-29 22:18:51 [INFO] vae.train — [Class 7/Web] Epoch 10/200 | train_loss=-26.8151 val_loss=-29.8043 recon_metric=0.8771 constraint=0.0000 beta=0.5000 lr=9.95e-04
2026-05-29 22:18:51 [INFO] vae.train — [Class 7/Web] New best val_loss=-29.8043 — checkpoint saved.
2026-05-29 22:18:52 [INFO] vae.train — [Class 7/Web] Epoch 11/200 | train_loss=-28.1801 val_loss=-31.2926 recon_metric=0.8709 constraint=0.0000 beta=0.5000 lr=9.94e-04
2026-05-29 22:18:52 [INFO] vae.train — [Class 7/Web] New best val_loss=-31.2926 — checkpoint saved.
2026-05-29 22:18:52 [INFO] vae.train — [Class 7/Web] Epoch 12/200 | train_loss=-29.3704 val_loss=-32.5821 recon_metric=0.8849 constraint=0.0000 beta=0.5000 lr=9.93e-04
2026-05-29 22:18:52 [INFO] vae.train — [Class 7/Web] New best val_loss=-32.5821 — checkpoint saved.
2026-05-29 22:18:52 [INFO] vae.train — [Class 7/Web] Epoch 13/200 | train_loss=-30.7685 val_loss=-34.0139 recon_metric=0.9068 constraint=0.0000 beta=0.5000 lr=9.91e-04
2026-05-29 22:18:52 [INFO] vae.train — [Class 7/Web] New best val_loss=-34.0139 — checkpoint saved.
2026-05-29 22:18:53 [INFO] vae.train — [Class 7/Web] Epoch 14/200 | train_loss=-31.5864 val_loss=-35.0504 recon_metric=0.8858 constraint=0.0000 beta=0.5000 lr=9.90e-04
2026-05-29 22:18:53 [INFO] vae.train — [Class 7/Web] New best val_loss=-35.0504 — checkpoint saved.
2026-05-29 22:18:53 [INFO] vae.train — [Class 7/Web] Epoch 15/200 | train_loss=-33.3125 val_loss=-37.0747 recon_metric=0.8523 constraint=0.0000 beta=0.5000 lr=9.88e-04
2026-05-29 22:18:53 [INFO] vae.train — [Class 7/Web] New best val_loss=-37.0747 — checkpoint saved.
2026-05-29 22:18:54 [INFO] vae.train — [Class 7/Web] Epoch 16/200 | train_loss=-34.9847 val_loss=-37.9254 recon_metric=0.8683 constraint=0.0000 beta=0.5000 lr=9.86e-04
2026-05-29 22:18:54 [INFO] vae.train — [Class 7/Web] New best val_loss=-37.9254 — checkpoint saved.
2026-05-29 22:18:54 [INFO] vae.train — [Class 7/Web] Epoch 17/200 | train_loss=-36.5185 val_loss=-38.6745 recon_metric=0.8388 constraint=0.0000 beta=0.5000 lr=9.84e-04
2026-05-29 22:18:54 [INFO] vae.train — [Class 7/Web] New best val_loss=-38.6745 — checkpoint saved.
2026-05-29 22:18:55 [INFO] vae.train — [Class 7/Web] Epoch 18/200 | train_loss=-37.7890 val_loss=-40.7839 recon_metric=0.8865 constraint=0.0000 beta=0.5000 lr=9.82e-04
2026-05-29 22:18:55 [INFO] vae.train — [Class 7/Web] New best val_loss=-40.7839 — checkpoint saved.
2026-05-29 22:18:55 [INFO] vae.train — [Class 7/Web] Epoch 19/200 | train_loss=-38.9581 val_loss=-41.7404 recon_metric=0.8485 constraint=0.0000 beta=0.5000 lr=9.80e-04
2026-05-29 22:18:55 [INFO] vae.train — [Class 7/Web] New best val_loss=-41.7404 — checkpoint saved.
2026-05-29 22:18:56 [INFO] vae.train — [Class 7/Web] Epoch 20/200 | train_loss=-40.1529 val_loss=-42.7990 recon_metric=0.8543 constraint=0.0000 beta=0.5000 lr=9.78e-04
2026-05-29 22:18:56 [INFO] vae.train — [Class 7/Web] New best val_loss=-42.7990 — checkpoint saved.
2026-05-29 22:18:56 [INFO] vae.train — [Class 7/Web] Epoch 21/200 | train_loss=-40.7689 val_loss=-43.7506 recon_metric=0.8217 constraint=0.0000 beta=0.5000 lr=9.76e-04
2026-05-29 22:18:56 [INFO] vae.train — [Class 7/Web] New best val_loss=-43.7506 — checkpoint saved.
2026-05-29 22:18:56 [INFO] vae.train — [Class 7/Web] Epoch 22/200 | train_loss=-41.4312 val_loss=-44.1566 recon_metric=0.8060 constraint=0.0000 beta=0.5000 lr=9.73e-04
2026-05-29 22:18:56 [INFO] vae.train — [Class 7/Web] New best val_loss=-44.1566 — checkpoint saved.
2026-05-29 22:18:57 [INFO] vae.train — [Class 7/Web] Epoch 23/200 | train_loss=-41.5826 val_loss=-43.7993 recon_metric=0.7802 constraint=0.0000 beta=0.5000 lr=9.70e-04
2026-05-29 22:18:57 [INFO] vae.train — [Class 7/Web] Epoch 24/200 | train_loss=-42.1190 val_loss=-44.1560 recon_metric=0.7628 constraint=0.0000 beta=0.5000 lr=9.68e-04
2026-05-29 22:18:58 [INFO] vae.train — [Class 7/Web] Epoch 25/200 | train_loss=-42.5266 val_loss=-45.1790 recon_metric=0.7823 constraint=0.0000 beta=0.5000 lr=9.65e-04
2026-05-29 22:18:58 [INFO] vae.train — [Class 7/Web] New best val_loss=-45.1790 — checkpoint saved.
2026-05-29 22:18:58 [INFO] vae.train — [Class 7/Web] Epoch 26/200 | train_loss=-42.8216 val_loss=-43.8258 recon_metric=0.7437 constraint=0.0000 beta=0.5000 lr=9.62e-04
2026-05-29 22:18:59 [INFO] vae.train — [Class 7/Web] Epoch 27/200 | train_loss=-43.2796 val_loss=-45.9946 recon_metric=0.7280 constraint=0.0000 beta=0.5000 lr=9.59e-04
2026-05-29 22:18:59 [INFO] vae.train — [Class 7/Web] New best val_loss=-45.9946 — checkpoint saved.
2026-05-29 22:18:59 [INFO] vae.train — [Class 7/Web] Epoch 28/200 | train_loss=-43.4450 val_loss=-45.6294 recon_metric=0.7199 constraint=0.0000 beta=0.5000 lr=9.56e-04
2026-05-29 22:18:59 [INFO] vae.train — [Class 7/Web] Epoch 29/200 | train_loss=-43.1309 val_loss=-46.0622 recon_metric=0.7119 constraint=0.0000 beta=0.5000 lr=9.52e-04
2026-05-29 22:18:59 [INFO] vae.train — [Class 7/Web] New best val_loss=-46.0622 — checkpoint saved.
2026-05-29 22:19:00 [INFO] vae.train — [Class 7/Web] Epoch 30/200 | train_loss=-43.5126 val_loss=-46.2336 recon_metric=0.7145 constraint=0.0000 beta=0.5000 lr=9.49e-04
2026-05-29 22:19:00 [INFO] vae.train — [Class 7/Web] New best val_loss=-46.2336 — checkpoint saved.
2026-05-29 22:19:00 [INFO] vae.train — [Class 7/Web] Epoch 31/200 | train_loss=-44.0374 val_loss=-46.4634 recon_metric=0.6867 constraint=0.0000 beta=0.5000 lr=9.46e-04
2026-05-29 22:19:00 [INFO] vae.train — [Class 7/Web] New best val_loss=-46.4634 — checkpoint saved.
2026-05-29 22:19:01 [INFO] vae.train — [Class 7/Web] Epoch 32/200 | train_loss=-44.2609 val_loss=-45.3362 recon_metric=0.6913 constraint=0.0000 beta=0.5000 lr=9.42e-04
2026-05-29 22:19:01 [INFO] vae.train — [Class 7/Web] Epoch 33/200 | train_loss=-44.6025 val_loss=-46.0318 recon_metric=0.6847 constraint=0.0000 beta=0.5000 lr=9.38e-04
2026-05-29 22:19:01 [INFO] vae.train — [Class 7/Web] Epoch 34/200 | train_loss=-44.8541 val_loss=-46.9762 recon_metric=0.6698 constraint=0.0000 beta=0.5000 lr=9.34e-04
2026-05-29 22:19:01 [INFO] vae.train — [Class 7/Web] New best val_loss=-46.9762 — checkpoint saved.
2026-05-29 22:19:02 [INFO] vae.train — [Class 7/Web] Epoch 35/200 | train_loss=-45.0198 val_loss=-46.7670 recon_metric=0.6555 constraint=0.0000 beta=0.5000 lr=9.30e-04
2026-05-29 22:19:02 [INFO] vae.train — [Class 7/Web] Epoch 36/200 | train_loss=-45.2231 val_loss=-46.3844 recon_metric=0.6750 constraint=0.0000 beta=0.5000 lr=9.26e-04
2026-05-29 22:19:03 [INFO] vae.train — [Class 7/Web] Epoch 37/200 | train_loss=-44.8350 val_loss=-46.4624 recon_metric=0.6498 constraint=0.0000 beta=0.5000 lr=9.22e-04
2026-05-29 22:19:03 [INFO] vae.train — [Class 7/Web] Epoch 38/200 | train_loss=-45.2483 val_loss=-47.0390 recon_metric=0.6756 constraint=0.0000 beta=0.5000 lr=9.18e-04
2026-05-29 22:19:03 [INFO] vae.train — [Class 7/Web] New best val_loss=-47.0390 — checkpoint saved.
2026-05-29 22:19:03 [INFO] vae.train — [Class 7/Web] Epoch 39/200 | train_loss=-45.5545 val_loss=-46.8701 recon_metric=0.6529 constraint=0.0000 beta=0.5000 lr=9.14e-04
2026-05-29 22:19:04 [INFO] vae.train — [Class 7/Web] Epoch 40/200 | train_loss=-45.7838 val_loss=-47.9564 recon_metric=0.6542 constraint=0.0000 beta=0.5000 lr=9.09e-04
2026-05-29 22:19:04 [INFO] vae.train — [Class 7/Web] New best val_loss=-47.9564 — checkpoint saved.
2026-05-29 22:19:04 [INFO] vae.train — [Class 7/Web] Epoch 41/200 | train_loss=-45.9070 val_loss=-47.1457 recon_metric=0.6585 constraint=0.0000 beta=0.5000 lr=9.05e-04
2026-05-29 22:19:05 [INFO] vae.train — [Class 7/Web] Epoch 42/200 | train_loss=-46.2217 val_loss=-46.9684 recon_metric=0.6507 constraint=0.0000 beta=0.5000 lr=9.00e-04
2026-05-29 22:19:05 [INFO] vae.train — [Class 7/Web] Epoch 43/200 | train_loss=-45.9627 val_loss=-48.3023 recon_metric=0.6246 constraint=0.0000 beta=0.5000 lr=8.95e-04
2026-05-29 22:19:05 [INFO] vae.train — [Class 7/Web] New best val_loss=-48.3023 — checkpoint saved.
2026-05-29 22:19:06 [INFO] vae.train — [Class 7/Web] Epoch 44/200 | train_loss=-46.4478 val_loss=-49.3781 recon_metric=0.6276 constraint=0.0000 beta=0.5000 lr=8.90e-04
2026-05-29 22:19:06 [INFO] vae.train — [Class 7/Web] New best val_loss=-49.3781 — checkpoint saved.
2026-05-29 22:19:06 [INFO] vae.train — [Class 7/Web] Epoch 45/200 | train_loss=-46.4698 val_loss=-48.4890 recon_metric=0.6197 constraint=0.0000 beta=0.5000 lr=8.85e-04
2026-05-29 22:19:06 [INFO] vae.train — [Class 7/Web] Epoch 46/200 | train_loss=-46.6985 val_loss=-48.5093 recon_metric=0.6185 constraint=0.0000 beta=0.5000 lr=8.80e-04
2026-05-29 22:19:07 [INFO] vae.train — [Class 7/Web] Epoch 47/200 | train_loss=-46.6970 val_loss=-48.2855 recon_metric=0.6009 constraint=0.0000 beta=0.5000 lr=8.75e-04
2026-05-29 22:19:07 [INFO] vae.train — [Class 7/Web] Epoch 48/200 | train_loss=-46.6900 val_loss=-48.6473 recon_metric=0.5893 constraint=0.0000 beta=0.5000 lr=8.70e-04
2026-05-29 22:19:08 [INFO] vae.train — [Class 7/Web] Epoch 49/200 | train_loss=-46.8647 val_loss=-49.6549 recon_metric=0.6081 constraint=0.0000 beta=0.5000 lr=8.64e-04
2026-05-29 22:19:08 [INFO] vae.train — [Class 7/Web] New best val_loss=-49.6549 — checkpoint saved.
2026-05-29 22:19:08 [INFO] vae.train — [Class 7/Web] Epoch 50/200 | train_loss=-47.1328 val_loss=-49.3563 recon_metric=0.5926 constraint=0.0000 beta=0.5000 lr=8.59e-04
2026-05-29 22:19:09 [INFO] vae.train — [Class 7/Web] Epoch 51/200 | train_loss=-47.0004 val_loss=-48.7486 recon_metric=0.5926 constraint=0.0000 beta=0.5000 lr=8.54e-04
2026-05-29 22:19:09 [INFO] vae.train — [Class 7/Web] Epoch 52/200 | train_loss=-47.5491 val_loss=-49.2373 recon_metric=0.5772 constraint=0.0000 beta=0.5000 lr=8.48e-04
2026-05-29 22:19:09 [INFO] vae.train — [Class 7/Web] Epoch 53/200 | train_loss=-47.3803 val_loss=-49.5204 recon_metric=0.5881 constraint=0.0000 beta=0.5000 lr=8.42e-04
2026-05-29 22:19:10 [INFO] vae.train — [Class 7/Web] Epoch 54/200 | train_loss=-47.7286 val_loss=-49.3457 recon_metric=0.5816 constraint=0.0000 beta=0.5000 lr=8.37e-04
2026-05-29 22:19:10 [INFO] vae.train — [Class 7/Web] Epoch 55/200 | train_loss=-47.8777 val_loss=-49.7425 recon_metric=0.5825 constraint=0.0000 beta=0.5000 lr=8.31e-04
2026-05-29 22:19:10 [INFO] vae.train — [Class 7/Web] New best val_loss=-49.7425 — checkpoint saved.
2026-05-29 22:19:11 [INFO] vae.train — [Class 7/Web] Epoch 56/200 | train_loss=-47.9728 val_loss=-49.7272 recon_metric=0.5775 constraint=0.0000 beta=0.5000 lr=8.25e-04
2026-05-29 22:19:11 [INFO] vae.train — [Class 7/Web] Epoch 57/200 | train_loss=-48.1831 val_loss=-48.5686 recon_metric=0.5674 constraint=0.0000 beta=0.5000 lr=8.19e-04
2026-05-29 22:19:11 [INFO] vae.train — [Class 7/Web] Epoch 58/200 | train_loss=-48.1974 val_loss=-50.3903 recon_metric=0.5562 constraint=0.0000 beta=0.5000 lr=8.13e-04
2026-05-29 22:19:11 [INFO] vae.train — [Class 7/Web] New best val_loss=-50.3903 — checkpoint saved.
2026-05-29 22:19:12 [INFO] vae.train — [Class 7/Web] Epoch 59/200 | train_loss=-48.3521 val_loss=-49.8394 recon_metric=0.5637 constraint=0.0000 beta=0.5000 lr=8.06e-04
2026-05-29 22:19:12 [INFO] vae.train — [Class 7/Web] Epoch 60/200 | train_loss=-48.2492 val_loss=-50.3871 recon_metric=0.5555 constraint=0.0000 beta=0.5000 lr=8.00e-04
2026-05-29 22:19:13 [INFO] vae.train — [Class 7/Web] Epoch 61/200 | train_loss=-48.6723 val_loss=-50.7143 recon_metric=0.5559 constraint=0.0000 beta=0.5000 lr=7.94e-04
2026-05-29 22:19:13 [INFO] vae.train — [Class 7/Web] New best val_loss=-50.7143 — checkpoint saved.
2026-05-29 22:19:13 [INFO] vae.train — [Class 7/Web] Epoch 62/200 | train_loss=-48.1958 val_loss=-49.5397 recon_metric=0.5610 constraint=0.0000 beta=0.5000 lr=7.88e-04
2026-05-29 22:19:14 [INFO] vae.train — [Class 7/Web] Epoch 63/200 | train_loss=-48.6078 val_loss=-50.1443 recon_metric=0.5596 constraint=0.0000 beta=0.5000 lr=7.81e-04
2026-05-29 22:19:14 [INFO] vae.train — [Class 7/Web] Epoch 64/200 | train_loss=-48.3821 val_loss=-49.6693 recon_metric=0.5505 constraint=0.0000 beta=0.5000 lr=7.75e-04
2026-05-29 22:19:14 [INFO] vae.train — [Class 7/Web] Epoch 65/200 | train_loss=-48.5861 val_loss=-50.3558 recon_metric=0.5271 constraint=0.0000 beta=0.5000 lr=7.68e-04
2026-05-29 22:19:15 [INFO] vae.train — [Class 7/Web] Epoch 66/200 | train_loss=-48.7623 val_loss=-51.0899 recon_metric=0.5340 constraint=0.0000 beta=0.5000 lr=7.61e-04
2026-05-29 22:19:15 [INFO] vae.train — [Class 7/Web] New best val_loss=-51.0899 — checkpoint saved.
2026-05-29 22:19:15 [INFO] vae.train — [Class 7/Web] Epoch 67/200 | train_loss=-48.8155 val_loss=-49.9216 recon_metric=0.5355 constraint=0.0000 beta=0.5000 lr=7.55e-04
2026-05-29 22:19:16 [INFO] vae.train — [Class 7/Web] Epoch 68/200 | train_loss=-49.0318 val_loss=-50.9746 recon_metric=0.5348 constraint=0.0000 beta=0.5000 lr=7.48e-04
2026-05-29 22:19:16 [INFO] vae.train — [Class 7/Web] Epoch 69/200 | train_loss=-49.2399 val_loss=-51.1196 recon_metric=0.5290 constraint=0.0000 beta=0.5000 lr=7.41e-04
2026-05-29 22:19:16 [INFO] vae.train — [Class 7/Web] New best val_loss=-51.1196 — checkpoint saved.
2026-05-29 22:19:16 [INFO] vae.train — [Class 7/Web] Epoch 70/200 | train_loss=-48.9883 val_loss=-50.2497 recon_metric=0.5176 constraint=0.0000 beta=0.5000 lr=7.34e-04
2026-05-29 22:19:17 [INFO] vae.train — [Class 7/Web] Epoch 71/200 | train_loss=-49.4180 val_loss=-51.2059 recon_metric=0.5448 constraint=0.0000 beta=0.5000 lr=7.27e-04
2026-05-29 22:19:17 [INFO] vae.train — [Class 7/Web] New best val_loss=-51.2059 — checkpoint saved.
2026-05-29 22:19:17 [INFO] vae.train — [Class 7/Web] Epoch 72/200 | train_loss=-49.5711 val_loss=-51.7760 recon_metric=0.5161 constraint=0.0000 beta=0.5000 lr=7.20e-04
2026-05-29 22:19:17 [INFO] vae.train — [Class 7/Web] New best val_loss=-51.7760 — checkpoint saved.
2026-05-29 22:19:18 [INFO] vae.train — [Class 7/Web] Epoch 73/200 | train_loss=-49.7545 val_loss=-51.5111 recon_metric=0.5133 constraint=0.0000 beta=0.5000 lr=7.13e-04
2026-05-29 22:19:18 [INFO] vae.train — [Class 7/Web] Epoch 74/200 | train_loss=-49.8919 val_loss=-51.9649 recon_metric=0.5160 constraint=0.0000 beta=0.5000 lr=7.06e-04
2026-05-29 22:19:18 [INFO] vae.train — [Class 7/Web] New best val_loss=-51.9649 — checkpoint saved.
2026-05-29 22:19:19 [INFO] vae.train — [Class 7/Web] Epoch 75/200 | train_loss=-49.7320 val_loss=-50.8820 recon_metric=0.5197 constraint=0.0000 beta=0.5000 lr=6.99e-04
2026-05-29 22:19:19 [INFO] vae.train — [Class 7/Web] Epoch 76/200 | train_loss=-49.6810 val_loss=-51.8086 recon_metric=0.5054 constraint=0.0000 beta=0.5000 lr=6.91e-04
2026-05-29 22:19:19 [INFO] vae.train — [Class 7/Web] Epoch 77/200 | train_loss=-49.9916 val_loss=-52.4716 recon_metric=0.5085 constraint=0.0000 beta=0.5000 lr=6.84e-04
2026-05-29 22:19:19 [INFO] vae.train — [Class 7/Web] New best val_loss=-52.4716 — checkpoint saved.
2026-05-29 22:19:20 [INFO] vae.train — [Class 7/Web] Epoch 78/200 | train_loss=-49.8943 val_loss=-52.0870 recon_metric=0.4938 constraint=0.0000 beta=0.5000 lr=6.77e-04
2026-05-29 22:19:20 [INFO] vae.train — [Class 7/Web] Epoch 79/200 | train_loss=-50.2296 val_loss=-51.8327 recon_metric=0.5084 constraint=0.0000 beta=0.5000 lr=6.69e-04
2026-05-29 22:19:21 [INFO] vae.train — [Class 7/Web] Epoch 80/200 | train_loss=-50.3089 val_loss=-52.6943 recon_metric=0.5060 constraint=0.0000 beta=0.5000 lr=6.62e-04
2026-05-29 22:19:21 [INFO] vae.train — [Class 7/Web] New best val_loss=-52.6943 — checkpoint saved.
2026-05-29 22:19:21 [INFO] vae.train — [Class 7/Web] Epoch 81/200 | train_loss=-50.0376 val_loss=-51.4840 recon_metric=0.4976 constraint=0.0000 beta=0.5000 lr=6.55e-04
2026-05-29 22:19:22 [INFO] vae.train — [Class 7/Web] Epoch 82/200 | train_loss=-50.2424 val_loss=-52.4458 recon_metric=0.5072 constraint=0.0000 beta=0.5000 lr=6.47e-04
2026-05-29 22:19:22 [INFO] vae.train — [Class 7/Web] Epoch 83/200 | train_loss=-50.2963 val_loss=-52.4000 recon_metric=0.4981 constraint=0.0000 beta=0.5000 lr=6.39e-04
2026-05-29 22:19:22 [INFO] vae.train — [Class 7/Web] Epoch 84/200 | train_loss=-50.3570 val_loss=-52.3629 recon_metric=0.4997 constraint=0.0000 beta=0.5000 lr=6.32e-04
2026-05-29 22:19:23 [INFO] vae.train — [Class 7/Web] Epoch 85/200 | train_loss=-50.4500 val_loss=-52.1998 recon_metric=0.4928 constraint=0.0000 beta=0.5000 lr=6.24e-04
2026-05-29 22:19:23 [INFO] vae.train — [Class 7/Web] Epoch 86/200 | train_loss=-50.5165 val_loss=-52.4776 recon_metric=0.4764 constraint=0.0000 beta=0.5000 lr=6.17e-04
2026-05-29 22:19:24 [INFO] vae.train — [Class 7/Web] Epoch 87/200 | train_loss=-50.4668 val_loss=-52.3692 recon_metric=0.4899 constraint=0.0000 beta=0.5000 lr=6.09e-04
2026-05-29 22:19:24 [INFO] vae.train — [Class 7/Web] Epoch 88/200 | train_loss=-50.8015 val_loss=-51.6425 recon_metric=0.4834 constraint=0.0000 beta=0.5000 lr=6.01e-04
2026-05-29 22:19:25 [INFO] vae.train — [Class 7/Web] Epoch 89/200 | train_loss=-50.5965 val_loss=-52.2464 recon_metric=0.4874 constraint=0.0000 beta=0.5000 lr=5.94e-04
2026-05-29 22:19:25 [INFO] vae.train — [Class 7/Web] Epoch 90/200 | train_loss=-50.8895 val_loss=-52.7773 recon_metric=0.4875 constraint=0.0000 beta=0.5000 lr=5.86e-04
2026-05-29 22:19:25 [INFO] vae.train — [Class 7/Web] New best val_loss=-52.7773 — checkpoint saved.
2026-05-29 22:19:25 [INFO] vae.train — [Class 7/Web] Epoch 91/200 | train_loss=-50.8642 val_loss=-52.4691 recon_metric=0.4787 constraint=0.0000 beta=0.5000 lr=5.78e-04
2026-05-29 22:19:26 [INFO] vae.train — [Class 7/Web] Epoch 92/200 | train_loss=-51.2124 val_loss=-53.1245 recon_metric=0.4700 constraint=0.0000 beta=0.5000 lr=5.70e-04
2026-05-29 22:19:26 [INFO] vae.train — [Class 7/Web] New best val_loss=-53.1245 — checkpoint saved.
2026-05-29 22:19:26 [INFO] vae.train — [Class 7/Web] Epoch 93/200 | train_loss=-51.3193 val_loss=-52.7012 recon_metric=0.4683 constraint=0.0000 beta=0.5000 lr=5.63e-04
2026-05-29 22:19:27 [INFO] vae.train — [Class 7/Web] Epoch 94/200 | train_loss=-51.0546 val_loss=-52.8996 recon_metric=0.4694 constraint=0.0000 beta=0.5000 lr=5.55e-04
2026-05-29 22:19:27 [INFO] vae.train — [Class 7/Web] Epoch 95/200 | train_loss=-51.1671 val_loss=-51.9246 recon_metric=0.4674 constraint=0.0000 beta=0.5000 lr=5.47e-04
2026-05-29 22:19:28 [INFO] vae.train — [Class 7/Web] Epoch 96/200 | train_loss=-50.9321 val_loss=-53.0172 recon_metric=0.4624 constraint=0.0000 beta=0.5000 lr=5.39e-04
2026-05-29 22:19:28 [INFO] vae.train — [Class 7/Web] Epoch 97/200 | train_loss=-51.2686 val_loss=-52.4380 recon_metric=0.4676 constraint=0.0000 beta=0.5000 lr=5.31e-04
2026-05-29 22:19:28 [INFO] vae.train — [Class 7/Web] Epoch 98/200 | train_loss=-50.9890 val_loss=-52.3084 recon_metric=0.4607 constraint=0.0000 beta=0.5000 lr=5.24e-04
2026-05-29 22:19:29 [INFO] vae.train — [Class 7/Web] Epoch 99/200 | train_loss=-51.4331 val_loss=-53.2591 recon_metric=0.4669 constraint=0.0000 beta=0.5000 lr=5.16e-04
2026-05-29 22:19:29 [INFO] vae.train — [Class 7/Web] New best val_loss=-53.2591 — checkpoint saved.
2026-05-29 22:19:29 [INFO] vae.train — [Class 7/Web] Epoch 100/200 | train_loss=-51.8705 val_loss=-53.3706 recon_metric=0.4556 constraint=0.0000 beta=0.5000 lr=5.08e-04
2026-05-29 22:19:29 [INFO] vae.train — [Class 7/Web] New best val_loss=-53.3706 — checkpoint saved.
2026-05-29 22:19:30 [INFO] vae.train — [Class 7/Web] Epoch 101/200 | train_loss=-51.1091 val_loss=-53.1660 recon_metric=0.4609 constraint=0.0000 beta=0.5000 lr=5.00e-04
2026-05-29 22:19:30 [INFO] vae.train — [Class 7/Web] Epoch 102/200 | train_loss=-51.5413 val_loss=-52.7940 recon_metric=0.4563 constraint=0.0000 beta=0.5000 lr=4.92e-04
2026-05-29 22:19:30 [INFO] vae.train — [Class 7/Web] Epoch 103/200 | train_loss=-51.6330 val_loss=-53.1378 recon_metric=0.4505 constraint=0.0000 beta=0.5000 lr=4.84e-04
2026-05-29 22:19:31 [INFO] vae.train — [Class 7/Web] Epoch 104/200 | train_loss=-51.6913 val_loss=-52.8227 recon_metric=0.4645 constraint=0.0000 beta=0.5000 lr=4.76e-04
2026-05-29 22:19:31 [INFO] vae.train — [Class 7/Web] Epoch 105/200 | train_loss=-51.7195 val_loss=-53.1475 recon_metric=0.4666 constraint=0.0000 beta=0.5000 lr=4.69e-04
2026-05-29 22:19:32 [INFO] vae.train — [Class 7/Web] Epoch 106/200 | train_loss=-51.9992 val_loss=-53.9893 recon_metric=0.4535 constraint=0.0000 beta=0.5000 lr=4.61e-04
2026-05-29 22:19:32 [INFO] vae.train — [Class 7/Web] New best val_loss=-53.9893 — checkpoint saved.
2026-05-29 22:19:32 [INFO] vae.train — [Class 7/Web] Epoch 107/200 | train_loss=-52.0538 val_loss=-53.2112 recon_metric=0.4463 constraint=0.0000 beta=0.5000 lr=4.53e-04
2026-05-29 22:19:32 [INFO] vae.train — [Class 7/Web] Epoch 108/200 | train_loss=-51.8539 val_loss=-53.6797 recon_metric=0.4421 constraint=0.0000 beta=0.5000 lr=4.45e-04
2026-05-29 22:19:33 [INFO] vae.train — [Class 7/Web] Epoch 109/200 | train_loss=-52.0561 val_loss=-53.8263 recon_metric=0.4563 constraint=0.0000 beta=0.5000 lr=4.37e-04
2026-05-29 22:19:33 [INFO] vae.train — [Class 7/Web] Epoch 110/200 | train_loss=-52.0896 val_loss=-54.1469 recon_metric=0.4365 constraint=0.0000 beta=0.5000 lr=4.30e-04
2026-05-29 22:19:33 [INFO] vae.train — [Class 7/Web] New best val_loss=-54.1469 — checkpoint saved.
2026-05-29 22:19:34 [INFO] vae.train — [Class 7/Web] Epoch 111/200 | train_loss=-52.1968 val_loss=-53.9132 recon_metric=0.4422 constraint=0.0000 beta=0.5000 lr=4.22e-04
2026-05-29 22:19:34 [INFO] vae.train — [Class 7/Web] Epoch 112/200 | train_loss=-52.0073 val_loss=-53.3493 recon_metric=0.4440 constraint=0.0000 beta=0.5000 lr=4.14e-04
2026-05-29 22:19:35 [INFO] vae.train — [Class 7/Web] Epoch 113/200 | train_loss=-51.8495 val_loss=-51.6886 recon_metric=0.4535 constraint=0.0000 beta=0.5000 lr=4.06e-04
2026-05-29 22:19:35 [INFO] vae.train — [Class 7/Web] Epoch 114/200 | train_loss=-51.8485 val_loss=-53.4506 recon_metric=0.4440 constraint=0.0000 beta=0.5000 lr=3.99e-04
2026-05-29 22:19:35 [INFO] vae.train — [Class 7/Web] Epoch 115/200 | train_loss=-52.4030 val_loss=-54.1775 recon_metric=0.4357 constraint=0.0000 beta=0.5000 lr=3.91e-04
2026-05-29 22:19:35 [INFO] vae.train — [Class 7/Web] New best val_loss=-54.1775 — checkpoint saved.
2026-05-29 22:19:36 [INFO] vae.train — [Class 7/Web] Epoch 116/200 | train_loss=-52.4905 val_loss=-54.0894 recon_metric=0.4344 constraint=0.0000 beta=0.5000 lr=3.83e-04
2026-05-29 22:19:36 [INFO] vae.train — [Class 7/Web] Epoch 117/200 | train_loss=-52.4782 val_loss=-53.6287 recon_metric=0.4276 constraint=0.0000 beta=0.5000 lr=3.76e-04
2026-05-29 22:19:37 [INFO] vae.train — [Class 7/Web] Epoch 118/200 | train_loss=-52.4645 val_loss=-54.2130 recon_metric=0.4243 constraint=0.0000 beta=0.5000 lr=3.68e-04
2026-05-29 22:19:37 [INFO] vae.train — [Class 7/Web] New best val_loss=-54.2130 — checkpoint saved.
2026-05-29 22:19:37 [INFO] vae.train — [Class 7/Web] Epoch 119/200 | train_loss=-52.6596 val_loss=-53.9954 recon_metric=0.4272 constraint=0.0000 beta=0.5000 lr=3.61e-04
2026-05-29 22:19:37 [INFO] vae.train — [Class 7/Web] Epoch 120/200 | train_loss=-52.6776 val_loss=-54.3278 recon_metric=0.4258 constraint=0.0000 beta=0.5000 lr=3.53e-04
2026-05-29 22:19:37 [INFO] vae.train — [Class 7/Web] New best val_loss=-54.3278 — checkpoint saved.
2026-05-29 22:19:38 [INFO] vae.train — [Class 7/Web] Epoch 121/200 | train_loss=-52.6097 val_loss=-54.3366 recon_metric=0.4254 constraint=0.0000 beta=0.5000 lr=3.45e-04
2026-05-29 22:19:38 [INFO] vae.train — [Class 7/Web] New best val_loss=-54.3366 — checkpoint saved.
2026-05-29 22:19:38 [INFO] vae.train — [Class 7/Web] Epoch 122/200 | train_loss=-52.8491 val_loss=-54.5545 recon_metric=0.4249 constraint=0.0000 beta=0.5000 lr=3.38e-04
2026-05-29 22:19:38 [INFO] vae.train — [Class 7/Web] New best val_loss=-54.5545 — checkpoint saved.
2026-05-29 22:19:39 [INFO] vae.train — [Class 7/Web] Epoch 123/200 | train_loss=-52.7648 val_loss=-54.4604 recon_metric=0.4152 constraint=0.0000 beta=0.5000 lr=3.31e-04
2026-05-29 22:19:39 [INFO] vae.train — [Class 7/Web] Epoch 124/200 | train_loss=-52.7560 val_loss=-54.5862 recon_metric=0.4227 constraint=0.0000 beta=0.5000 lr=3.23e-04
2026-05-29 22:19:39 [INFO] vae.train — [Class 7/Web] New best val_loss=-54.5862 — checkpoint saved.
2026-05-29 22:19:40 [INFO] vae.train — [Class 7/Web] Epoch 125/200 | train_loss=-52.7428 val_loss=-54.1992 recon_metric=0.4214 constraint=0.0000 beta=0.5000 lr=3.16e-04
2026-05-29 22:19:40 [INFO] vae.train — [Class 7/Web] Epoch 126/200 | train_loss=-52.8259 val_loss=-54.6552 recon_metric=0.4236 constraint=0.0000 beta=0.5000 lr=3.09e-04
2026-05-29 22:19:40 [INFO] vae.train — [Class 7/Web] New best val_loss=-54.6552 — checkpoint saved.
2026-05-29 22:19:40 [INFO] vae.train — [Class 7/Web] Epoch 127/200 | train_loss=-52.8963 val_loss=-54.5470 recon_metric=0.4159 constraint=0.0000 beta=0.5000 lr=3.01e-04
2026-05-29 22:19:41 [INFO] vae.train — [Class 7/Web] Epoch 128/200 | train_loss=-53.0385 val_loss=-54.6455 recon_metric=0.4083 constraint=0.0000 beta=0.5000 lr=2.94e-04
2026-05-29 22:19:41 [INFO] vae.train — [Class 7/Web] Epoch 129/200 | train_loss=-53.0729 val_loss=-54.8728 recon_metric=0.4131 constraint=0.0000 beta=0.5000 lr=2.87e-04
2026-05-29 22:19:41 [INFO] vae.train — [Class 7/Web] New best val_loss=-54.8728 — checkpoint saved.
2026-05-29 22:19:42 [INFO] vae.train — [Class 7/Web] Epoch 130/200 | train_loss=-53.0076 val_loss=-54.6622 recon_metric=0.4181 constraint=0.0000 beta=0.5000 lr=2.80e-04
2026-05-29 22:19:42 [INFO] vae.train — [Class 7/Web] Epoch 131/200 | train_loss=-53.0000 val_loss=-54.4061 recon_metric=0.4135 constraint=0.0000 beta=0.5000 lr=2.73e-04
2026-05-29 22:19:42 [INFO] vae.train — [Class 7/Web] Epoch 132/200 | train_loss=-52.8461 val_loss=-54.9133 recon_metric=0.4114 constraint=0.0000 beta=0.5000 lr=2.66e-04
2026-05-29 22:19:42 [INFO] vae.train — [Class 7/Web] New best val_loss=-54.9133 — checkpoint saved.
2026-05-29 22:19:43 [INFO] vae.train — [Class 7/Web] Epoch 133/200 | train_loss=-53.0956 val_loss=-55.0086 recon_metric=0.4115 constraint=0.0000 beta=0.5000 lr=2.59e-04
2026-05-29 22:19:43 [INFO] vae.train — [Class 7/Web] New best val_loss=-55.0086 — checkpoint saved.
2026-05-29 22:19:43 [INFO] vae.train — [Class 7/Web] Epoch 134/200 | train_loss=-53.2023 val_loss=-54.7973 recon_metric=0.4038 constraint=0.0000 beta=0.5000 lr=2.52e-04
2026-05-29 22:19:44 [INFO] vae.train — [Class 7/Web] Epoch 135/200 | train_loss=-53.0827 val_loss=-54.9937 recon_metric=0.4051 constraint=0.0000 beta=0.5000 lr=2.45e-04
2026-05-29 22:19:44 [INFO] vae.train — [Class 7/Web] Epoch 136/200 | train_loss=-53.2870 val_loss=-55.0424 recon_metric=0.4057 constraint=0.0000 beta=0.5000 lr=2.39e-04
2026-05-29 22:19:44 [INFO] vae.train — [Class 7/Web] New best val_loss=-55.0424 — checkpoint saved.
2026-05-29 22:19:45 [INFO] vae.train — [Class 7/Web] Epoch 137/200 | train_loss=-53.3175 val_loss=-55.2725 recon_metric=0.4010 constraint=0.0000 beta=0.5000 lr=2.32e-04
2026-05-29 22:19:45 [INFO] vae.train — [Class 7/Web] New best val_loss=-55.2725 — checkpoint saved.
2026-05-29 22:19:45 [INFO] vae.train — [Class 7/Web] Epoch 138/200 | train_loss=-53.1938 val_loss=-54.1367 recon_metric=0.4016 constraint=0.0000 beta=0.5000 lr=2.25e-04
2026-05-29 22:19:45 [INFO] vae.train — [Class 7/Web] Epoch 139/200 | train_loss=-53.1526 val_loss=-54.6368 recon_metric=0.3980 constraint=0.0000 beta=0.5000 lr=2.19e-04
2026-05-29 22:19:46 [INFO] vae.train — [Class 7/Web] Epoch 140/200 | train_loss=-53.3448 val_loss=-55.2017 recon_metric=0.3985 constraint=0.0000 beta=0.5000 lr=2.12e-04
2026-05-29 22:19:46 [INFO] vae.train — [Class 7/Web] Epoch 141/200 | train_loss=-53.2890 val_loss=-55.0669 recon_metric=0.3996 constraint=0.0000 beta=0.5000 lr=2.06e-04
2026-05-29 22:19:47 [INFO] vae.train — [Class 7/Web] Epoch 142/200 | train_loss=-53.3382 val_loss=-55.3816 recon_metric=0.3978 constraint=0.0000 beta=0.5000 lr=2.00e-04
2026-05-29 22:19:47 [INFO] vae.train — [Class 7/Web] New best val_loss=-55.3816 — checkpoint saved.
2026-05-29 22:19:47 [INFO] vae.train — [Class 7/Web] Epoch 143/200 | train_loss=-53.3439 val_loss=-54.7392 recon_metric=0.3940 constraint=0.0000 beta=0.5000 lr=1.94e-04
2026-05-29 22:19:48 [INFO] vae.train — [Class 7/Web] Epoch 144/200 | train_loss=-53.5262 val_loss=-55.3910 recon_metric=0.3945 constraint=0.0000 beta=0.5000 lr=1.87e-04
2026-05-29 22:19:48 [INFO] vae.train — [Class 7/Web] New best val_loss=-55.3910 — checkpoint saved.
2026-05-29 22:19:48 [INFO] vae.train — [Class 7/Web] Epoch 145/200 | train_loss=-53.4269 val_loss=-55.0812 recon_metric=0.3942 constraint=0.0000 beta=0.5000 lr=1.81e-04
2026-05-29 22:19:48 [INFO] vae.train — [Class 7/Web] Epoch 146/200 | train_loss=-53.4188 val_loss=-55.2156 recon_metric=0.3948 constraint=0.0000 beta=0.5000 lr=1.75e-04
2026-05-29 22:19:49 [INFO] vae.train — [Class 7/Web] Epoch 147/200 | train_loss=-53.5826 val_loss=-55.4120 recon_metric=0.3931 constraint=0.0000 beta=0.5000 lr=1.69e-04
2026-05-29 22:19:49 [INFO] vae.train — [Class 7/Web] New best val_loss=-55.4120 — checkpoint saved.
2026-05-29 22:19:49 [INFO] vae.train — [Class 7/Web] Epoch 148/200 | train_loss=-53.4576 val_loss=-55.3954 recon_metric=0.3999 constraint=0.0000 beta=0.5000 lr=1.63e-04
2026-05-29 22:19:50 [INFO] vae.train — [Class 7/Web] Epoch 149/200 | train_loss=-53.5712 val_loss=-55.3844 recon_metric=0.3895 constraint=0.0000 beta=0.5000 lr=1.58e-04
2026-05-29 22:19:50 [INFO] vae.train — [Class 7/Web] Epoch 150/200 | train_loss=-53.7005 val_loss=-54.8296 recon_metric=0.3936 constraint=0.0000 beta=0.5000 lr=1.52e-04
2026-05-29 22:19:51 [INFO] vae.train — [Class 7/Web] Epoch 151/200 | train_loss=-53.5406 val_loss=-55.2389 recon_metric=0.3869 constraint=0.0000 beta=0.5000 lr=1.46e-04
2026-05-29 22:19:51 [INFO] vae.train — [Class 7/Web] Epoch 152/200 | train_loss=-53.6813 val_loss=-55.2982 recon_metric=0.3873 constraint=0.0000 beta=0.5000 lr=1.41e-04
2026-05-29 22:19:51 [INFO] vae.train — [Class 7/Web] Epoch 153/200 | train_loss=-53.6876 val_loss=-55.5688 recon_metric=0.3859 constraint=0.0000 beta=0.5000 lr=1.36e-04
2026-05-29 22:19:51 [INFO] vae.train — [Class 7/Web] New best val_loss=-55.5688 — checkpoint saved.
2026-05-29 22:19:52 [INFO] vae.train — [Class 7/Web] Epoch 154/200 | train_loss=-53.7406 val_loss=-55.3030 recon_metric=0.3839 constraint=0.0000 beta=0.5000 lr=1.30e-04
2026-05-29 22:19:52 [INFO] vae.train — [Class 7/Web] Epoch 155/200 | train_loss=-53.7518 val_loss=-55.4023 recon_metric=0.3881 constraint=0.0000 beta=0.5000 lr=1.25e-04
2026-05-29 22:19:53 [INFO] vae.train — [Class 7/Web] Epoch 156/200 | train_loss=-53.7183 val_loss=-55.5136 recon_metric=0.3838 constraint=0.0000 beta=0.5000 lr=1.20e-04
2026-05-29 22:19:53 [INFO] vae.train — [Class 7/Web] Epoch 157/200 | train_loss=-53.7756 val_loss=-55.7291 recon_metric=0.3818 constraint=0.0000 beta=0.5000 lr=1.15e-04
2026-05-29 22:19:53 [INFO] vae.train — [Class 7/Web] New best val_loss=-55.7291 — checkpoint saved.
2026-05-29 22:19:54 [INFO] vae.train — [Class 7/Web] Epoch 158/200 | train_loss=-53.8041 val_loss=-55.7303 recon_metric=0.3818 constraint=0.0000 beta=0.5000 lr=1.10e-04
2026-05-29 22:19:54 [INFO] vae.train — [Class 7/Web] New best val_loss=-55.7303 — checkpoint saved.
2026-05-29 22:19:54 [INFO] vae.train — [Class 7/Web] Epoch 159/200 | train_loss=-53.8007 val_loss=-55.3730 recon_metric=0.3822 constraint=0.0000 beta=0.5000 lr=1.05e-04
2026-05-29 22:19:54 [INFO] vae.train — [Class 7/Web] Epoch 160/200 | train_loss=-53.9240 val_loss=-55.4159 recon_metric=0.3814 constraint=0.0000 beta=0.5000 lr=1.00e-04
2026-05-29 22:19:55 [INFO] vae.train — [Class 7/Web] Epoch 161/200 | train_loss=-53.9278 val_loss=-55.4765 recon_metric=0.3824 constraint=0.0000 beta=0.5000 lr=9.55e-05
2026-05-29 22:19:55 [INFO] vae.train — [Class 7/Web] Epoch 162/200 | train_loss=-53.9179 val_loss=-55.8175 recon_metric=0.3826 constraint=0.0000 beta=0.5000 lr=9.09e-05
2026-05-29 22:19:55 [INFO] vae.train — [Class 7/Web] New best val_loss=-55.8175 — checkpoint saved.
2026-05-29 22:19:56 [INFO] vae.train — [Class 7/Web] Epoch 163/200 | train_loss=-53.9585 val_loss=-55.4541 recon_metric=0.3835 constraint=0.0000 beta=0.5000 lr=8.65e-05
2026-05-29 22:19:56 [INFO] vae.train — [Class 7/Web] Epoch 164/200 | train_loss=-53.8484 val_loss=-55.8595 recon_metric=0.3823 constraint=0.0000 beta=0.5000 lr=8.21e-05
2026-05-29 22:19:56 [INFO] vae.train — [Class 7/Web] New best val_loss=-55.8595 — checkpoint saved.
2026-05-29 22:19:56 [INFO] vae.train — [Class 7/Web] Epoch 165/200 | train_loss=-53.9544 val_loss=-55.7625 recon_metric=0.3854 constraint=0.0000 beta=0.5000 lr=7.78e-05
2026-05-29 22:19:57 [INFO] vae.train — [Class 7/Web] Epoch 166/200 | train_loss=-53.9682 val_loss=-55.7815 recon_metric=0.3848 constraint=0.0000 beta=0.5000 lr=7.37e-05
2026-05-29 22:19:57 [INFO] vae.train — [Class 7/Web] Epoch 167/200 | train_loss=-54.0897 val_loss=-55.7004 recon_metric=0.3810 constraint=0.0000 beta=0.5000 lr=6.96e-05
2026-05-29 22:19:58 [INFO] vae.train — [Class 7/Web] Epoch 168/200 | train_loss=-54.0752 val_loss=-55.9109 recon_metric=0.3799 constraint=0.0000 beta=0.5000 lr=6.57e-05
2026-05-29 22:19:58 [INFO] vae.train — [Class 7/Web] New best val_loss=-55.9109 — checkpoint saved.
2026-05-29 22:19:58 [INFO] vae.train — [Class 7/Web] Epoch 169/200 | train_loss=-54.0800 val_loss=-55.8066 recon_metric=0.3810 constraint=0.0000 beta=0.5000 lr=6.18e-05
2026-05-29 22:19:58 [INFO] vae.train — [Class 7/Web] Epoch 170/200 | train_loss=-54.0600 val_loss=-55.8717 recon_metric=0.3819 constraint=0.0000 beta=0.5000 lr=5.81e-05
2026-05-29 22:19:59 [INFO] vae.train — [Class 7/Web] Epoch 171/200 | train_loss=-54.0872 val_loss=-55.6649 recon_metric=0.3737 constraint=0.0000 beta=0.5000 lr=5.45e-05
2026-05-29 22:19:59 [INFO] vae.train — [Class 7/Web] Epoch 172/200 | train_loss=-54.0707 val_loss=-55.8091 recon_metric=0.3771 constraint=0.0000 beta=0.5000 lr=5.10e-05
2026-05-29 22:20:00 [INFO] vae.train — [Class 7/Web] Epoch 173/200 | train_loss=-54.1094 val_loss=-55.8101 recon_metric=0.3805 constraint=0.0000 beta=0.5000 lr=4.76e-05
2026-05-29 22:20:00 [INFO] vae.train — [Class 7/Web] Epoch 174/200 | train_loss=-54.0667 val_loss=-56.0171 recon_metric=0.3802 constraint=0.0000 beta=0.5000 lr=4.43e-05
2026-05-29 22:20:00 [INFO] vae.train — [Class 7/Web] New best val_loss=-56.0171 — checkpoint saved.
2026-05-29 22:20:00 [INFO] vae.train — [Class 7/Web] Epoch 175/200 | train_loss=-54.1500 val_loss=-55.9566 recon_metric=0.3813 constraint=0.0000 beta=0.5000 lr=4.11e-05
2026-05-29 22:20:01 [INFO] vae.train — [Class 7/Web] Epoch 176/200 | train_loss=-54.1978 val_loss=-55.9983 recon_metric=0.3797 constraint=0.0000 beta=0.5000 lr=3.81e-05
2026-05-29 22:20:01 [INFO] vae.train — [Class 7/Web] Epoch 177/200 | train_loss=-54.2362 val_loss=-55.9954 recon_metric=0.3796 constraint=0.0000 beta=0.5000 lr=3.51e-05
2026-05-29 22:20:01 [INFO] vae.train — [Class 7/Web] Epoch 178/200 | train_loss=-54.2054 val_loss=-56.0954 recon_metric=0.3790 constraint=0.0000 beta=0.5000 lr=3.23e-05
2026-05-29 22:20:01 [INFO] vae.train — [Class 7/Web] New best val_loss=-56.0954 — checkpoint saved.
2026-05-29 22:20:02 [INFO] vae.train — [Class 7/Web] Epoch 179/200 | train_loss=-54.2098 val_loss=-56.0513 recon_metric=0.3785 constraint=0.0000 beta=0.5000 lr=2.96e-05
2026-05-29 22:20:02 [INFO] vae.train — [Class 7/Web] Epoch 180/200 | train_loss=-54.2042 val_loss=-56.0422 recon_metric=0.3792 constraint=0.0000 beta=0.5000 lr=2.70e-05
2026-05-29 22:20:02 [INFO] vae.train — [Class 7/Web] Epoch 181/200 | train_loss=-54.2170 val_loss=-55.9350 recon_metric=0.3766 constraint=0.0000 beta=0.5000 lr=2.45e-05
2026-05-29 22:20:03 [INFO] vae.train — [Class 7/Web] Epoch 182/200 | train_loss=-54.2149 val_loss=-56.0807 recon_metric=0.3783 constraint=0.0000 beta=0.5000 lr=2.21e-05
2026-05-29 22:20:03 [INFO] vae.train — [Class 7/Web] Epoch 183/200 | train_loss=-54.2414 val_loss=-56.1177 recon_metric=0.3792 constraint=0.0000 beta=0.5000 lr=1.99e-05
2026-05-29 22:20:03 [INFO] vae.train — [Class 7/Web] New best val_loss=-56.1177 — checkpoint saved.
2026-05-29 22:20:03 [INFO] vae.train — [Class 7/Web] Epoch 184/200 | train_loss=-54.3055 val_loss=-56.1068 recon_metric=0.3779 constraint=0.0000 beta=0.5000 lr=1.77e-05
2026-05-29 22:20:04 [INFO] vae.train — [Class 7/Web] Epoch 185/200 | train_loss=-54.2990 val_loss=-56.0481 recon_metric=0.3777 constraint=0.0000 beta=0.5000 lr=1.57e-05
2026-05-29 22:20:04 [INFO] vae.train — [Class 7/Web] Epoch 186/200 | train_loss=-54.2641 val_loss=-56.1173 recon_metric=0.3774 constraint=0.0000 beta=0.5000 lr=1.38e-05
2026-05-29 22:20:04 [INFO] vae.train — [Class 7/Web] Epoch 187/200 | train_loss=-54.3370 val_loss=-56.1554 recon_metric=0.3760 constraint=0.0000 beta=0.5000 lr=1.20e-05
2026-05-29 22:20:04 [INFO] vae.train — [Class 7/Web] New best val_loss=-56.1554 — checkpoint saved.
2026-05-29 22:20:05 [INFO] vae.train — [Class 7/Web] Epoch 188/200 | train_loss=-54.3454 val_loss=-56.1952 recon_metric=0.3770 constraint=0.0000 beta=0.5000 lr=1.04e-05
2026-05-29 22:20:05 [INFO] vae.train — [Class 7/Web] New best val_loss=-56.1952 — checkpoint saved.
2026-05-29 22:20:05 [INFO] vae.train — [Class 7/Web] Epoch 189/200 | train_loss=-54.2987 val_loss=-56.1882 recon_metric=0.3779 constraint=0.0000 beta=0.5000 lr=8.86e-06
2026-05-29 22:20:05 [INFO] vae.train — [Class 7/Web] Epoch 190/200 | train_loss=-54.3258 val_loss=-56.1775 recon_metric=0.3771 constraint=0.0000 beta=0.5000 lr=7.45e-06
2026-05-29 22:20:06 [INFO] vae.train — [Class 7/Web] Epoch 191/200 | train_loss=-54.3698 val_loss=-56.1831 recon_metric=0.3768 constraint=0.0000 beta=0.5000 lr=6.16e-06
2026-05-29 22:20:06 [INFO] vae.train — [Class 7/Web] Epoch 192/200 | train_loss=-54.3453 val_loss=-56.1504 recon_metric=0.3775 constraint=0.0000 beta=0.5000 lr=4.99e-06
2026-05-29 22:20:06 [INFO] vae.train — [Class 7/Web] Epoch 193/200 | train_loss=-54.2607 val_loss=-56.1904 recon_metric=0.3776 constraint=0.0000 beta=0.5000 lr=3.94e-06
2026-05-29 22:20:07 [INFO] vae.train — [Class 7/Web] Epoch 194/200 | train_loss=-54.3740 val_loss=-56.2058 recon_metric=0.3775 constraint=0.0000 beta=0.5000 lr=3.02e-06
2026-05-29 22:20:07 [INFO] vae.train — [Class 7/Web] New best val_loss=-56.2058 — checkpoint saved.
2026-05-29 22:20:07 [INFO] vae.train — [Class 7/Web] Epoch 195/200 | train_loss=-54.3387 val_loss=-56.1919 recon_metric=0.3773 constraint=0.0000 beta=0.5000 lr=2.22e-06
2026-05-29 22:20:07 [INFO] vae.train — [Class 7/Web] Epoch 196/200 | train_loss=-54.3602 val_loss=-56.2035 recon_metric=0.3769 constraint=0.0000 beta=0.5000 lr=1.54e-06
2026-05-29 22:20:07 [INFO] vae.train — [Class 7/Web] Epoch 197/200 | train_loss=-54.3426 val_loss=-56.1965 recon_metric=0.3768 constraint=0.0000 beta=0.5000 lr=9.87e-07
2026-05-29 22:20:08 [INFO] vae.train — [Class 7/Web] Epoch 198/200 | train_loss=-54.3543 val_loss=-56.2042 recon_metric=0.3769 constraint=0.0000 beta=0.5000 lr=5.55e-07
2026-05-29 22:20:08 [INFO] vae.train — [Class 7/Web] Epoch 199/200 | train_loss=-54.3699 val_loss=-56.2109 recon_metric=0.3770 constraint=0.0000 beta=0.5000 lr=2.47e-07
2026-05-29 22:20:08 [INFO] vae.train — [Class 7/Web] New best val_loss=-56.2109 — checkpoint saved.
2026-05-29 22:20:08 [INFO] vae.train — [Class 7/Web] Epoch 200/200 | train_loss=-54.3474 val_loss=-56.2062 recon_metric=0.3769 constraint=0.0000 beta=0.5000 lr=6.17e-08
2026-05-29 22:20:09 [INFO] vae.train — [Class 7/Web] Curves saved to D:\thesis_final\results\vae\laplace_rerun_20260529\curves_Web_laplace_rerun_20260529.png
2026-05-29 22:20:09 [INFO] __main__ — Reloading checkpoint from D:\thesis_final\models\vae\vae_class_7_Web_laplace_rerun_20260529.pt
2026-05-29 22:20:09 [INFO] vae.dataset — Class 7: 2380 samples loaded
2026-05-29 22:20:09 [INFO] vae.diagnostics — === Running diagnostics for class 7 (Web) ===
2026-05-29 22:20:09 [INFO] vae.diagnostics — Loaded validator via attack.validator.validate_batch
2026-05-29 22:20:09 [INFO] vae.diagnostics — [1/4] Posterior collapse check ...
2026-05-29 22:20:09 [INFO] vae.diagnostics — Posterior collapse: 0/16 dims below threshold 0.010
2026-05-29 22:20:09 [INFO] vae.diagnostics — [2/4] Per-feature reconstruction error ...
2026-05-29 22:20:09 [INFO] vae.diagnostics — Per-feature recon: protocol top-1=0.9794, worst feature=Time_To_Live (3.0014)
2026-05-29 22:20:09 [INFO] vae.diagnostics — [3/4] Unconditional sample validity (n=1000) ...
2026-05-29 22:20:09 [INFO] vae.diagnostics — Unconditional validity after raw_postprocess: 1.0000 overall (1000/1000 valid)
2026-05-29 22:20:09 [INFO] vae.diagnostics — Unconditional validity before raw_postprocess: 1.0000 overall (1000/1000 valid)
2026-05-29 22:20:09 [INFO] vae.diagnostics — Protocol-binary consistency: 1.0 (as expected)
2026-05-29 22:20:09 [INFO] vae.diagnostics — [4/4] Conditional reconstruction validity ...
2026-05-29 22:20:09 [INFO] vae.diagnostics — Conditional validity after raw_postprocess: 1.0000 overall (1000/1000 valid)
2026-05-29 22:20:09 [INFO] vae.diagnostics — Conditional validity before raw_postprocess: 1.0000 overall (1000/1000 valid)
2026-05-29 22:20:09 [INFO] vae.diagnostics — Diagnostics written to D:\thesis_final\results\vae\laplace_rerun_20260529\diagnostics_Web.json
2026-05-29 22:20:09 [INFO] __main__ — Manifest updated for class Web
2026-05-29 22:20:09 [INFO] __main__ — Class Web done: best_val_loss=-56.2109 epochs=200 collapsed=0 uncond_pre=100.00% uncond_post=100.00% cond_pre=100.00% cond_post=100.00% proto_acc=97.94%
2026-05-29 22:20:09 [INFO] __main__ — ===== Training Summary =====
2026-05-29 22:20:09 [INFO] __main__ —                          Class | latent_dim | n_train | n_val | best_val_loss | final_kl | collapsed_dims | unconditional_validity_pre_pct | unconditional_validity_pct | unconditional_repair_pct | conditional_validity_pre_pct | conditional_validity_pct | conditional_repair_pct | protocol_accuracy_pct
2026-05-29 22:20:09 [INFO] __main__ — Benign | 16 | 139992 | 19999 | -77.579765 | 18.657723 | 0 | 100.0 | 100.0 | 0.0 | 100.0 | 100.0 | 0.0 | 99.77
2026-05-29 22:20:09 [INFO] __main__ — BruteForce | 16 | 8766 | 1252 | -51.751846 | 14.355189 | 0 | 100.0 | 100.0 | 0.0 | 100.0 | 100.0 | 0.0 | 97.04
2026-05-29 22:20:09 [INFO] __main__ — DDoS | 16 | 1434940 | 204993 | -94.985857 | 13.164973 | 0 | 100.0 | 100.0 | 0.0 | 100.0 | 100.0 | 0.0 | 99.96
2026-05-29 22:20:09 [INFO] __main__ — DoS | 16 | 468144 | 66876 | -95.110155 | 12.33546 | 0 | 100.0 | 100.0 | 0.0 | 100.0 | 100.0 | 0.0 | 99.97
2026-05-29 22:20:09 [INFO] __main__ — Mirai | 16 | 419972 | 59996 | -103.135416 | 13.773723 | 0 | 100.0 | 100.0 | 0.0 | 100.0 | 100.0 | 0.0 | 99.91
2026-05-29 22:20:09 [INFO] __main__ — Recon | 16 | 352470 | 50353 | -93.057014 | 23.882347 | 0 | 100.0 | 100.0 | 0.0 | 100.0 | 100.0 | 0.0 | 99.79
2026-05-29 22:20:09 [INFO] __main__ — Spoofing | 16 | 260015 | 37145 | -74.96384 | 19.310262 | 0 | 100.0 | 100.0 | 0.0 | 100.0 | 100.0 | 0.0 | 99.86
2026-05-29 22:20:09 [INFO] __main__ — Web | 16 | 16659 | 2380 | -56.210917 | 13.619513 | 0 | 100.0 | 100.0 | 0.0 | 100.0 | 100.0 | 0.0 | 97.94
2026-05-29 22:20:09 [INFO] __main__ — Summary Markdown saved to D:\thesis_final\results\vae\laplace_rerun_20260529\summary.md
2026-05-29 22:20:09 [INFO] __main__ — Summary CSV saved to D:\thesis_final\results\vae\laplace_rerun_20260529\summary.csv
2026-05-29 22:20:09 [INFO] __main__ — ===== Phase 10 Gate Checks =====
2026-05-29 22:20:09 [INFO] __main__ —   Gate1_all_checkpoints_exist                   PASS
2026-05-29 22:20:09 [INFO] __main__ —   Gate2_no_excess_collapse                      PASS
2026-05-29 22:20:09 [INFO] __main__ —   Gate3_raw_conditional_validity_60pct          PASS
2026-05-29 22:20:09 [INFO] __main__ —   Gate4_raw_unconditional_validity_30pct        PASS
2026-05-29 22:20:09 [INFO] __main__ —   Gate4b_postprocessed_unconditional_validity_30pct PASS
2026-05-29 22:20:09 [INFO] __main__ —   Gate5_protocol_accuracy_95pct                 PASS
2026-05-29 22:20:09 [INFO] __main__ —   Gate6_no_nan_inf_recon                        PASS
2026-05-29 22:20:09 [INFO] __main__ —   Gate7_protocol_binary_consistency             PASS
2026-05-29 22:20:09 [INFO] __main__ —   Gate8_summary_md_exists                       PASS
2026-05-29 22:20:09 [INFO] __main__ — All Phase 10 gates PASSED.
2026-05-29 22:20:09 [INFO] __main__ — === VAE Orchestrator complete ===
